transaction_id,amount,customer_age,account_age_days,transactions_last_24h,avg_transaction_amount,merchant_risk_score,device_risk_score,ip_risk_score,is_international,is_new_device,is_new_location,hour,is_fraud
TXN000001,1127.53,22,425,0,2288.12,0.1543,0.2671,0.1709,0,1,0,1,0
TXN000002,265.71,58,1441,2,489.48,0.0642,0.1202,0.0722,0,0,0,8,0
TXN000003,773.82,52,1134,2,1059.38,0.2108,0.0963,0.0948,0,0,0,18,0
TXN000004,562.68,40,379,5,732.8,0.1051,0.0412,0.0293,0,0,0,8,0
TXN000005,533.82,40,26,9,464.87,0.2204,0.1849,0.1554,0,0,0,23,1
TXN000006,957.04,62,340,5,1046.01,0.23,0.0688,0.3479,0,0,0,22,0
TXN000007,4522.05,22,530,6,3688.77,0.4308,0.2257,0.2902,0,0,0,4,0
TXN000008,773.4,54,840,4,603.63,0.1978,0.1143,0.5003,0,0,0,20,1
TXN000009,1507.27,28,1103,1,1003.03,0.0414,0.2751,0.0985,0,0,0,20,0
TXN000010,153.26,22,240,2,437.66,0.1216,0.1779,0.1386,1,0,0,22,0
TXN000011,212.42,45,34,1,394.86,0.1254,0.3039,0.441,0,0,0,2,0
TXN000012,857.58,68,810,2,632.02,0.2307,0.1911,0.3341,1,1,0,20,0
TXN000013,899.01,56,82,5,800.32,0.0542,0.1644,0.1001,0,0,0,5,1
TXN000014,1412.91,57,467,4,825.58,0.4368,0.0978,0.1612,0,0,0,13,1
TXN000015,400.44,55,128,6,936.16,0.0507,0.0968,0.1294,0,0,0,10,0
TXN000016,266.36,58,120,4,345.91,0.3003,0.168,0.0344,1,1,0,16,0
TXN000017,601.14,44,1079,4,707.57,0.1041,0.0785,0.4922,0,0,0,10,0
TXN000018,1707.59,24,371,2,1558.11,0.2894,0.2242,0.0577,0,0,0,6,0
TXN000019,432.23,61,832,2,423.79,0.1217,0.2073,0.1593,0,0,0,0,0
TXN000020,1106.98,41,189,2,855.25,0.2845,0.2501,0.0804,0,0,0,0,0
TXN000021,1263.87,44,294,3,1346.13,0.1941,0.0998,0.1331,0,1,0,1,0
TXN000022,1349.11,37,350,5,634.23,0.0362,0.1447,0.1562,0,1,0,11,0
TXN000023,3530.63,27,793,4,1392.79,0.2422,0.1517,0.3491,0,0,0,4,0
TXN000024,204.46,66,275,3,378.12,0.0348,0.1214,0.0149,0,0,0,21,0
TXN000025,2093.78,58,354,26,2042.47,0.0925,0.2069,0.3893,0,0,0,18,1
TXN000026,2197.24,51,343,3,1416.66,0.4005,0.2765,0.2224,0,0,0,9,0
TXN000027,1573.25,38,404,4,1140.21,0.2402,0.0751,0.2864,0,0,0,19,0
TXN000028,1925.73,60,47,3,2409.98,0.3271,0.1487,0.3547,0,0,0,15,0
TXN000029,1001.88,46,192,6,870.84,0.3974,0.1275,0.145,0,0,0,7,0
TXN000030,297.85,41,18,2,711.59,0.2857,0.0216,0.3014,0,0,0,17,0
TXN000031,2836.29,41,15,5,2866.31,0.2737,0.2572,0.205,0,1,0,8,0
TXN000032,1781.78,29,1466,4,3978.01,0.0442,0.4467,0.2024,0,0,0,19,0
TXN000033,892.46,22,38,3,674.92,0.1399,0.0791,0.2617,0,1,0,11,0
TXN000034,548.18,46,457,2,1012.7,0.1618,0.21,0.0831,0,0,0,17,0
TXN000035,2492.89,64,193,4,2279.09,0.2895,0.3817,0.2476,0,0,1,12,0
TXN000036,1237.51,21,107,4,1038.26,0.128,0.2044,0.1291,0,0,0,2,0
TXN000037,1733.57,62,678,1,1662.72,0.07,0.1909,0.3035,0,0,0,12,0
TXN000038,1337.7,61,80,4,1893.69,0.1625,0.2596,0.0455,0,0,0,21,0
TXN000039,658.97,32,852,2,739.81,0.1771,0.1292,0.2065,1,1,0,23,0
TXN000040,2816.03,50,196,3,1470.7,0.1775,0.1011,0.1932,0,0,0,23,0
TXN000041,864.48,26,25,3,1091.89,0.097,0.3115,0.216,0,1,0,20,1
TXN000042,473.42,57,162,7,467.87,0.1248,0.0864,0.2064,0,0,0,21,0
TXN000043,403.84,54,438,1,548.53,0.2575,0.1826,0.2458,0,0,0,4,0
TXN000044,1217.49,36,181,2,694.58,0.3099,0.2752,0.0511,0,0,0,20,0
TXN000045,2192.44,21,81,0,2100.57,0.1748,0.1474,0.226,0,0,0,15,0
TXN000046,1412.0,68,170,10,2149.41,0.162,0.0455,0.4016,0,0,1,0,1
TXN000047,1860.98,41,74,2,1853.7,0.125,0.2376,0.3205,0,0,0,17,1
TXN000048,1307.03,64,853,1,1492.31,0.2307,0.1076,0.2566,0,1,0,19,0
TXN000049,3149.18,53,298,6,1464.07,0.1814,0.3534,0.2016,0,0,0,15,0
TXN000050,1299.47,58,369,4,1331.81,0.1228,0.2151,0.1563,0,0,1,23,1
TXN000051,681.85,57,1270,6,1458.72,0.0842,0.0953,0.2058,0,0,0,11,0
TXN000052,2012.24,28,104,0,1529.59,0.5482,0.2247,0.3018,0,0,0,3,0
TXN000053,1095.81,36,78,2,410.31,0.1942,0.1195,0.287,0,1,0,2,0
TXN000054,1218.21,42,105,6,630.7,0.3442,0.2427,0.192,0,0,0,11,0
TXN000055,290.95,43,1147,3,533.66,0.2587,0.066,0.0746,0,0,0,14,0
TXN000056,2053.29,20,675,1,2380.35,0.0987,0.0136,0.2718,0,1,0,1,0
TXN000057,3432.33,46,1443,1,3490.74,0.1609,0.4407,0.179,0,0,0,19,0
TXN000058,237.81,26,46,3,240.25,0.2688,0.1064,0.1747,0,0,0,19,0
TXN000059,4043.63,56,124,5,3279.25,0.1786,0.268,0.4048,0,0,0,0,0
TXN000060,964.35,53,77,3,1165.27,0.0788,0.1505,0.1817,0,0,0,13,0
TXN000061,1346.56,65,555,26,2228.1,0.1125,0.1459,0.2166,0,0,1,17,1
TXN000062,2638.64,56,97,1,1563.26,0.1898,0.1207,0.2748,0,0,0,11,0
TXN000063,1620.22,37,1039,2,3005.73,0.0817,0.2816,0.1699,0,0,0,10,0
TXN000064,817.01,68,179,2,1270.06,0.2506,0.3603,0.3974,0,0,0,18,0
TXN000065,226.83,39,913,1,422.24,0.1542,0.0824,0.1079,0,0,0,5,0
TXN000066,1426.17,34,182,1,1018.44,0.2643,0.1432,0.0974,0,1,0,0,0
TXN000067,1668.23,65,51,4,1573.35,0.1726,0.1522,0.2823,0,0,0,14,0
TXN000068,1532.65,37,499,1,942.77,0.0558,0.2717,0.1519,1,0,0,22,0
TXN000069,1128.4,21,164,6,1737.86,0.0726,0.3704,0.2813,0,0,0,19,0
TXN000070,525.77,42,57,3,1047.34,0.045,0.2194,0.1062,0,0,0,0,0
TXN000071,566.23,59,149,1,722.81,0.0846,0.4647,0.3027,0,0,0,12,0
TXN000072,463.79,27,181,3,512.76,0.2039,0.2544,0.0526,0,0,0,22,0
TXN000073,935.17,42,2357,1,833.58,0.1205,0.2011,0.3454,0,0,0,16,0
TXN000074,501.64,24,447,1,1265.47,0.1275,0.0687,0.0375,0,1,0,5,1
TXN000075,362.03,53,63,3,278.22,0.0492,0.0613,0.1233,1,0,0,1,1
TXN000076,388.43,42,144,23,635.2,0.3272,0.304,0.0471,0,0,0,11,0
TXN000077,189.85,35,320,5,271.05,0.1422,0.1474,0.207,0,0,0,9,0
TXN000078,1357.75,29,126,4,711.98,0.0871,0.038,0.4908,0,0,0,12,0
TXN000079,763.08,47,174,4,2535.43,0.2834,0.0689,0.0999,0,0,0,8,0
TXN000080,570.83,52,85,3,478.05,0.0254,0.1457,0.4048,0,0,0,17,0
TXN000081,2137.76,66,39,3,1794.02,0.3643,0.2599,0.2823,0,0,1,17,0
TXN000082,5135.06,40,933,2,8056.04,0.216,0.2356,0.1071,1,0,0,5,0
TXN000083,2372.32,26,162,5,3033.51,0.1691,0.1637,0.0791,1,0,0,17,0
TXN000084,2356.74,61,335,1,1204.07,0.0539,0.083,0.1738,0,0,0,10,1
TXN000085,5887.06,50,133,5,2000.0,0.3329,0.0755,0.178,0,0,0,4,0
TXN000086,755.08,54,1081,4,420.41,0.1146,0.081,0.1465,1,0,0,6,0
TXN000087,1028.48,23,288,3,364.53,0.1163,0.2043,0.3734,0,0,0,20,0
TXN000088,764.98,34,47,2,1118.89,0.1163,0.1622,0.0399,0,0,0,0,0
TXN000089,607.88,57,309,2,1449.58,0.2755,0.1898,0.263,0,0,0,12,0
TXN000090,2291.91,61,384,2,2359.21,0.3396,0.2321,0.2503,0,1,0,12,0
TXN000091,1146.58,40,38,4,736.47,0.2987,0.1914,0.4343,0,1,0,12,0
TXN000092,452.72,59,699,5,1255.61,0.1227,0.2791,0.3705,0,0,0,10,0
TXN000093,736.44,61,293,3,1225.84,0.2508,0.2424,0.1927,0,0,0,2,0
TXN000094,638.78,38,70,5,1000.27,0.3254,0.1963,0.012,1,0,0,11,0
TXN000095,1268.23,64,1132,17,1042.39,0.2093,0.1141,0.4105,0,0,0,22,1
TXN000096,683.28,32,588,5,602.87,0.2556,0.3177,0.0092,0,0,0,23,0
TXN000097,870.84,30,415,2,1333.81,0.1275,0.2815,0.0667,0,0,0,17,0
TXN000098,1387.74,53,18,3,1257.07,0.1804,0.0743,0.1978,0,0,0,18,0
TXN000099,429.38,51,1365,4,805.93,0.1276,0.1666,0.0844,0,0,1,19,0
TXN000100,1382.31,25,216,3,1747.68,0.3085,0.1641,0.1657,0,0,0,11,0
TXN000101,1123.1,61,181,21,2251.79,0.2502,0.3181,0.1191,0,0,0,17,1
TXN000102,1622.19,28,24,4,1761.93,0.2836,0.3031,0.3021,0,0,0,9,0
TXN000103,340.37,59,138,3,528.63,0.1456,0.2488,0.1392,0,0,0,9,0
TXN000104,1718.93,18,819,2,1175.86,0.081,0.2324,0.1336,0,0,0,7,0
TXN000105,571.12,59,806,8,579.4,0.2425,0.1211,0.4217,0,0,0,1,1
TXN000106,1035.75,58,40,2,1173.31,0.1312,0.178,0.1917,0,0,1,21,0
TXN000107,1536.39,58,223,0,580.98,0.1404,0.3854,0.1525,0,1,0,11,0
TXN000108,3310.4,52,549,16,2681.19,0.4231,0.1821,0.0744,0,0,0,9,1
TXN000109,1549.75,42,294,2,1897.57,0.0969,0.2052,0.2801,0,0,0,18,0
TXN000110,1782.97,54,112,1,2457.97,0.1018,0.0944,0.0881,0,0,0,11,0
TXN000111,1195.79,32,427,3,2289.77,0.2925,0.0921,0.0509,0,0,1,13,0
TXN000112,875.11,58,291,6,907.4,0.2961,0.1273,0.1391,0,0,0,19,0
TXN000113,964.16,46,316,2,814.09,0.2118,0.1995,0.0756,0,0,0,23,0
TXN000114,1295.04,41,77,3,3711.56,0.2155,0.2774,0.0844,0,0,0,18,0
TXN000115,461.38,44,230,4,976.93,0.4005,0.2441,0.0532,0,0,0,22,0
TXN000116,319.88,47,613,3,424.87,0.2385,0.1334,0.2996,0,0,0,2,1
TXN000117,1213.46,19,293,4,2219.92,0.128,0.2486,0.1512,0,0,0,8,0
TXN000118,1241.95,25,416,24,1212.75,0.5725,0.0502,0.2629,0,0,0,4,1
TXN000119,3478.46,30,196,5,3146.86,0.1415,0.3103,0.1878,1,0,0,4,0
TXN000120,1215.38,23,702,3,1299.95,0.058,0.1357,0.218,0,0,0,10,0
TXN000121,1463.51,40,51,1,1081.39,0.0676,0.1222,0.0753,0,0,0,6,0
TXN000122,2313.65,52,527,5,3191.62,0.1032,0.0433,0.1329,0,0,0,5,0
TXN000123,364.24,52,86,2,373.56,0.4344,0.2989,0.0226,0,0,0,20,0
TXN000124,419.23,42,126,3,727.96,0.2323,0.1289,0.2973,1,0,0,10,0
TXN000125,689.1,62,969,3,589.25,0.249,0.0302,0.3769,0,0,0,19,0
TXN000126,245.97,47,230,28,235.91,0.2168,0.0187,0.2235,0,0,0,2,1
TXN000127,1045.27,22,256,1,2020.75,0.3171,0.2444,0.1874,0,0,1,8,0
TXN000128,681.66,57,458,2,742.34,0.1824,0.2865,0.1248,0,0,0,9,0
TXN000129,2024.25,47,522,4,2066.8,0.0916,0.0809,0.275,0,1,0,19,1
TXN000130,1680.62,51,449,2,1439.95,0.2004,0.0511,0.1025,1,0,0,13,0
TXN000131,1998.13,47,356,2,1677.4,0.0054,0.1655,0.5328,0,0,0,6,0
TXN000132,536.23,46,3,5,797.29,0.138,0.2105,0.1938,0,0,0,12,0
TXN000133,977.53,22,74,5,642.28,0.3813,0.4197,0.1484,0,0,0,17,0
TXN000134,1557.0,47,141,2,1167.75,0.1836,0.1014,0.1872,1,0,0,7,0
TXN000135,1400.94,59,812,1,2086.86,0.2212,0.3572,0.3998,0,0,0,15,1
TXN000136,564.67,33,1142,5,1058.63,0.1282,0.3509,0.0703,0,0,0,15,0
TXN000137,469.73,49,292,3,670.92,0.1628,0.3503,0.624,0,0,1,13,0
TXN000138,210.88,19,207,3,473.75,0.138,0.2702,0.2452,0,0,0,6,0
TXN000139,1418.45,36,1445,4,1265.11,0.2524,0.2378,0.2305,0,0,0,22,0
TXN000140,1426.69,40,317,1,744.08,0.3493,0.1285,0.056,1,0,0,22,1
TXN000141,2279.32,69,555,3,1042.92,0.049,0.0991,0.0769,0,0,0,7,0
TXN000142,509.65,29,370,5,927.84,0.1061,0.2551,0.0224,0,1,0,13,1
TXN000143,1238.48,32,204,3,803.44,0.2968,0.1191,0.0967,0,0,0,0,0
TXN000144,1411.12,39,253,2,1347.04,0.149,0.1341,0.3411,0,0,0,22,0
TXN000145,432.85,69,465,23,1616.72,0.4954,0.0998,0.3738,0,0,0,20,1
TXN000146,3615.11,62,1057,1,4340.28,0.1298,0.1028,0.2401,0,0,0,22,0
TXN000147,1460.53,19,256,5,1864.18,0.1914,0.3889,0.205,0,0,1,5,0
TXN000148,6512.82,30,234,2,3346.19,0.2098,0.1053,0.2592,0,1,0,7,0
TXN000149,382.97,60,24,3,618.3,0.1997,0.2564,0.1764,0,0,0,5,0
TXN000150,487.37,21,57,4,357.57,0.137,0.2323,0.058,0,0,0,19,0
TXN000151,1023.52,62,4,0,1085.61,0.4482,0.5341,0.0863,0,0,0,20,0
TXN000152,902.73,32,60,7,1999.43,0.2288,0.3536,0.2359,0,0,0,21,0
TXN000153,1322.28,65,669,2,1791.51,0.2405,0.327,0.3129,0,0,0,19,0
TXN000154,5945.35,33,588,8,2560.52,0.3189,0.1912,0.1841,0,0,0,4,0
TXN000155,168.86,40,670,6,185.75,0.0091,0.1176,0.1435,0,0,0,6,0
TXN000156,4338.62,52,13,6,2636.17,0.4741,0.1514,0.3524,0,0,0,14,0
TXN000157,2214.77,24,490,1,1386.9,0.1308,0.4838,0.1345,1,0,0,17,0
TXN000158,290.8,46,141,6,372.11,0.3058,0.1851,0.0711,0,0,0,6,0
TXN000159,898.38,44,285,3,1819.78,0.4719,0.1556,0.3285,0,0,0,19,0
TXN000160,655.33,58,969,0,1234.77,0.3839,0.1081,0.3123,0,0,0,18,0
TXN000161,3182.04,69,365,2,1432.05,0.3092,0.36,0.1582,0,0,0,18,0
TXN000162,2399.06,52,56,1,2206.97,0.128,0.0564,0.0538,0,0,1,21,1
TXN000163,571.12,39,220,2,1482.07,0.3095,0.0851,0.3452,0,0,0,17,0
TXN000164,618.75,39,1397,2,391.12,0.2309,0.0695,0.3087,0,0,0,14,0
TXN000165,371.34,39,1027,3,992.16,0.2969,0.2581,0.4366,0,0,0,9,0
TXN000166,224.37,60,697,3,353.42,0.0632,0.1153,0.335,0,0,0,8,0
TXN000167,1806.34,34,60,6,1727.35,0.3156,0.2288,0.1188,0,0,0,1,0
TXN000168,11670.38,26,74,3,2917.78,0.172,0.0921,0.151,0,0,0,1,0
TXN000169,720.38,35,45,2,459.89,0.0966,0.0273,0.1133,1,0,0,20,0
TXN000170,525.66,19,63,2,685.38,0.5545,0.2731,0.1275,0,0,0,14,1
TXN000171,600.59,23,5,4,591.31,0.2168,0.1149,0.1159,0,0,0,5,0
TXN000172,1323.59,22,827,1,798.13,0.1621,0.1245,0.2517,0,0,0,21,0
TXN000173,3199.41,58,536,1,1463.66,0.1724,0.1922,0.202,0,0,0,14,0
TXN000174,701.8,55,698,4,804.2,0.0696,0.199,0.0713,0,0,0,19,0
TXN000175,1535.38,54,300,17,1731.55,0.3138,0.0907,0.168,0,0,0,11,1
TXN000176,1464.46,42,1,4,2311.76,0.2196,0.1556,0.0396,0,0,1,8,0
TXN000177,3418.88,55,278,4,2371.39,0.166,0.2223,0.3845,1,1,0,0,0
TXN000178,881.44,26,28,3,501.33,0.2272,0.1029,0.3417,0,0,0,20,0
TXN000179,996.13,64,866,1,2893.29,0.0659,0.2831,0.1616,0,0,0,10,0
TXN000180,2460.22,44,14,3,3060.25,0.1691,0.5826,0.1251,0,0,0,3,1
TXN000181,1668.17,66,169,25,3251.51,0.2387,0.1744,0.3155,0,0,0,19,1
TXN000182,1066.92,25,814,12,981.94,0.3257,0.2771,0.1609,0,1,0,6,0
TXN000183,327.94,43,687,14,647.88,0.3484,0.2518,0.2128,0,0,0,3,1
TXN000184,266.39,54,773,2,550.61,0.0061,0.062,0.1004,0,0,0,17,0
TXN000185,940.76,43,449,1,507.12,0.2788,0.2484,0.3009,0,0,0,12,0
TXN000186,1009.4,41,99,6,1105.64,0.3615,0.2983,0.2789,0,0,0,7,1
TXN000187,1920.9,26,685,3,1985.24,0.1224,0.2007,0.2819,0,0,0,9,0
TXN000188,3470.37,37,887,3,2736.93,0.0687,0.0927,0.2469,0,0,0,6,0
TXN000189,1331.5,30,899,3,780.64,0.0684,0.0873,0.2993,0,0,0,19,0
TXN000190,847.84,33,727,3,1067.33,0.1997,0.4796,0.3073,1,1,0,0,0
TXN000191,819.83,53,481,4,1019.5,0.2156,0.1814,0.1903,0,0,0,11,0
TXN000192,566.61,50,1025,4,702.96,0.1623,0.1449,0.0358,0,0,0,22,0
TXN000193,3327.09,49,713,1,1835.41,0.0461,0.0418,0.1019,0,0,0,17,0
TXN000194,1361.74,36,31,6,1413.74,0.3662,0.0594,0.2069,0,0,0,1,0
TXN000195,1031.92,67,156,2,1211.09,0.048,0.1205,0.2441,0,0,0,9,0
TXN000196,1747.26,22,190,8,1409.25,0.3921,0.4248,0.2613,0,0,0,1,0
TXN000197,4619.33,35,895,3,1687.18,0.0205,0.0485,0.4443,0,0,0,14,0
TXN000198,1745.26,24,369,3,1675.4,0.4758,0.0522,0.4083,0,0,0,20,0
TXN000199,525.77,35,24,16,609.75,0.0918,0.0866,0.0594,0,0,0,7,1
TXN000200,5979.42,68,49,4,2053.77,0.2283,0.1529,0.0822,0,0,0,12,0
TXN000201,2724.79,37,167,5,1311.28,0.0562,0.191,0.207,0,0,0,11,0
TXN000202,1552.19,65,111,2,808.98,0.0708,0.1661,0.1166,0,1,0,15,0
TXN000203,981.01,43,79,2,1292.02,0.275,0.1019,0.0934,0,0,0,9,0
TXN000204,1003.48,54,141,4,1395.68,0.1494,0.1395,0.1488,0,0,1,1,0
TXN000205,852.75,41,485,19,2338.46,0.0676,0.1364,0.0642,0,1,0,13,0
TXN000206,896.41,31,551,3,527.26,0.1476,0.1396,0.2111,0,0,0,0,0
TXN000207,2892.39,57,1167,16,2772.46,0.2345,0.125,0.1412,0,0,0,2,0
TXN000208,413.94,68,360,3,1114.56,0.2842,0.0665,0.178,0,0,0,1,0
TXN000209,1490.26,31,178,1,769.46,0.2881,0.129,0.1137,0,0,0,13,0
TXN000210,625.61,58,239,2,753.15,0.2709,0.099,0.1262,0,0,0,14,0
TXN000211,483.62,31,19,3,544.05,0.1204,0.3341,0.078,0,1,0,1,0
TXN000212,141.07,55,175,4,324.2,0.1241,0.2932,0.4167,1,0,0,12,0
TXN000213,2309.74,59,97,4,1761.96,0.067,0.0796,0.3501,0,0,0,5,0
TXN000214,5782.52,41,58,4,4387.96,0.2891,0.5146,0.0738,1,0,0,6,0
TXN000215,344.22,56,212,1,353.42,0.143,0.1674,0.2448,0,0,1,4,0
TXN000216,447.94,32,63,2,563.8,0.0462,0.2059,0.3463,0,0,0,20,0
TXN000217,7868.84,22,31,5,1855.87,0.2785,0.1386,0.2993,0,0,0,6,0
TXN000218,547.96,23,424,5,1062.15,0.2433,0.0924,0.2072,0,0,0,23,0
TXN000219,1322.53,41,647,5,1966.66,0.0536,0.4436,0.4082,0,0,0,6,1
TXN000220,1507.69,64,260,0,1021.26,0.2063,0.4775,0.0946,0,0,0,19,0
TXN000221,418.06,24,2,1,730.38,0.6076,0.1437,0.2785,1,0,0,20,0
TXN000222,514.6,41,204,6,936.28,0.05,0.2542,0.142,0,0,0,17,0
TXN000223,385.63,54,22,11,206.96,0.0674,0.2312,0.0479,0,0,0,23,0
TXN000224,687.06,28,486,8,492.53,0.186,0.289,0.3742,0,0,0,22,0
TXN000225,2779.63,55,889,1,2129.83,0.056,0.2503,0.2968,0,0,1,6,0
TXN000226,2791.5,33,374,5,2525.84,0.2191,0.3423,0.272,0,0,0,14,0
TXN000227,2005.47,60,114,3,2934.57,0.1057,0.1371,0.111,0,1,1,10,1
TXN000228,1299.38,48,1156,3,1493.1,0.0727,0.0448,0.2214,1,0,0,16,0
TXN000229,216.43,46,478,4,226.05,0.1185,0.2044,0.3357,0,0,0,2,0
TXN000230,1119.81,27,34,20,703.1,0.2588,0.4828,0.0397,0,1,0,19,1
TXN000231,3503.37,42,95,5,2771.82,0.1652,0.0185,0.0717,0,0,0,15,0
TXN000232,2050.47,62,570,25,3415.7,0.3529,0.0172,0.0651,0,0,0,20,1
TXN000233,4394.47,19,98,5,2846.52,0.1013,0.0118,0.2622,1,0,0,12,0
TXN000234,369.24,57,308,2,929.48,0.276,0.2177,0.159,0,0,0,1,0
TXN000235,368.4,43,207,25,439.39,0.3763,0.1879,0.01,0,0,0,23,1
TXN000236,568.74,55,151,7,1065.88,0.2351,0.2959,0.29,0,0,1,22,1
TXN000237,691.57,52,55,2,1108.06,0.2178,0.4826,0.106,0,0,0,19,0
TXN000238,9466.53,40,523,2,3280.97,0.1981,0.2257,0.138,0,0,0,22,0
TXN000239,572.83,34,427,1,1286.21,0.109,0.0116,0.0885,1,0,0,20,0
TXN000240,707.06,50,911,5,1109.51,0.0738,0.1568,0.0633,0,0,0,6,0
TXN000241,1528.69,25,121,4,1154.53,0.2733,0.1838,0.1748,0,0,0,7,0
TXN000242,1120.35,48,20,4,1450.84,0.2329,0.3145,0.1037,0,0,0,22,0
TXN000243,1852.08,22,1027,3,1700.21,0.2166,0.2267,0.0898,0,1,0,22,0
TXN000244,1449.65,51,411,3,660.39,0.2636,0.1003,0.1554,0,0,0,9,1
TXN000245,749.73,50,1,4,523.04,0.0691,0.2144,0.1415,1,0,0,13,0
TXN000246,2211.92,22,1983,3,2862.33,0.2261,0.3114,0.098,0,0,1,9,0
TXN000247,323.02,57,939,1,347.68,0.1502,0.087,0.5223,0,0,0,15,1
TXN000248,4620.49,39,190,4,3451.01,0.1968,0.0495,0.0936,1,0,0,21,0
TXN000249,408.2,58,406,2,287.87,0.1519,0.2861,0.3371,0,0,0,1,1
TXN000250,736.74,20,141,0,728.38,0.0694,0.1925,0.2614,0,0,0,0,0
TXN000251,2640.26,27,121,3,2165.26,0.117,0.1487,0.2111,0,0,0,8,0
TXN000252,1338.24,43,240,1,1096.9,0.1685,0.0264,0.279,0,0,0,10,0
TXN000253,414.78,27,152,3,436.36,0.1192,0.2972,0.1469,0,0,0,6,0
TXN000254,1059.57,35,169,4,1478.08,0.1399,0.2609,0.1299,0,0,0,21,0
TXN000255,1729.06,52,33,2,1149.29,0.5179,0.0391,0.4656,0,0,0,13,0
TXN000256,1106.83,25,2185,4,942.72,0.1613,0.343,0.2396,0,0,0,11,0
TXN000257,225.59,53,442,2,708.57,0.3094,0.1823,0.1039,0,1,0,8,1
TXN000258,679.64,23,50,4,1070.39,0.1273,0.2955,0.1724,0,0,0,5,0
TXN000259,560.2,27,63,8,729.72,0.0118,0.2702,0.153,0,0,0,5,0
TXN000260,5396.74,48,592,4,6028.01,0.0644,0.4705,0.2076,0,0,0,11,0
TXN000261,1797.51,59,3000,3,927.03,0.2665,0.0501,0.3171,0,0,0,9,0
TXN000262,4913.05,26,300,5,844.18,0.0924,0.3655,0.4279,0,0,0,9,0
TXN000263,194.13,33,99,2,750.59,0.4303,0.1013,0.3106,0,0,0,9,0
TXN000264,4497.55,66,2036,4,3804.22,0.2483,0.2446,0.1378,0,0,0,14,0
TXN000265,361.74,69,454,3,348.16,0.0832,0.3737,0.2258,1,0,0,10,0
TXN000266,1277.08,48,131,3,1410.36,0.1622,0.1288,0.1112,0,0,0,13,0
TXN000267,1250.27,41,341,4,927.5,0.119,0.2227,0.0411,0,0,0,18,0
TXN000268,439.66,36,319,3,404.89,0.302,0.1446,0.4104,0,0,0,3,0
TXN000269,506.67,49,557,2,618.1,0.1473,0.1945,0.1184,0,0,0,0,0
TXN000270,1391.24,48,425,2,1369.04,0.0221,0.1676,0.1669,0,0,0,12,0
TXN000271,813.25,33,1229,2,598.8,0.0816,0.5331,0.1687,0,0,0,17,0
TXN000272,1695.11,19,736,1,1315.14,0.1174,0.069,0.1438,0,0,0,2,0
TXN000273,4081.24,25,199,5,3679.04,0.3052,0.1849,0.2615,0,0,0,3,0
TXN000274,896.52,67,1147,4,1235.73,0.1501,0.1496,0.0417,0,1,1,17,0
TXN000275,1868.83,39,145,2,396.45,0.3043,0.0277,0.0501,0,0,0,18,0
TXN000276,738.76,43,234,3,606.22,0.0775,0.1068,0.1224,0,0,0,9,0
TXN000277,1365.9,42,22,1,898.04,0.1486,0.0965,0.05,0,0,0,9,0
TXN000278,648.16,58,598,20,857.0,0.2213,0.2727,0.1806,0,0,0,1,1
TXN000279,1353.81,21,392,3,1219.76,0.2763,0.2946,0.1406,0,0,0,2,0
TXN000280,1508.08,22,608,2,1364.73,0.1537,0.0586,0.2505,0,0,0,22,0
TXN000281,1286.65,32,1501,1,3682.58,0.2315,0.3305,0.4883,0,0,0,10,0
TXN000282,737.48,43,224,26,1093.78,0.2682,0.2459,0.0814,0,1,0,3,1
TXN000283,326.73,52,638,5,489.54,0.3472,0.2445,0.1068,0,0,0,12,0
TXN000284,1767.66,43,485,2,2459.38,0.1418,0.2412,0.2956,0,0,0,5,0
TXN000285,1473.96,40,1007,3,2654.78,0.3341,0.1815,0.1388,0,0,0,1,0
TXN000286,1321.91,66,1312,5,1290.4,0.2761,0.1193,0.2693,0,0,0,13,0
TXN000287,1990.36,26,969,1,922.9,0.3701,0.3152,0.066,0,0,0,13,1
TXN000288,1821.75,47,296,2,1695.58,0.3471,0.5658,0.1172,0,0,0,10,0
TXN000289,494.0,46,99,1,946.0,0.2396,0.0773,0.1279,0,0,0,7,0
TXN000290,147.53,42,53,5,260.08,0.1111,0.2935,0.2258,0,0,0,18,0
TXN000291,1322.2,59,145,12,1626.9,0.1069,0.0825,0.3929,0,0,0,2,0
TXN000292,940.11,31,232,5,2047.91,0.1344,0.2295,0.1893,0,0,0,21,1
TXN000293,3555.36,67,1234,8,3007.19,0.1064,0.335,0.0923,1,0,0,3,1
TXN000294,1383.92,35,205,4,657.52,0.3016,0.3813,0.1278,0,0,0,21,0
TXN000295,935.96,46,11,25,1284.75,0.115,0.0794,0.1423,0,0,0,4,1
TXN000296,1360.13,45,192,3,1304.35,0.1508,0.3245,0.35,1,0,0,1,0
TXN000297,919.51,62,213,14,1164.17,0.2944,0.272,0.2361,0,0,0,14,1
TXN000298,840.59,40,127,3,1188.44,0.1433,0.1939,0.0703,0,0,0,21,0
TXN000299,1249.2,32,357,3,1125.51,0.1669,0.2732,0.1182,1,0,0,22,0
TXN000300,883.07,19,238,2,1271.85,0.0267,0.0752,0.1064,1,0,0,9,0
TXN000301,1180.69,36,33,5,1841.76,0.2973,0.2197,0.2228,0,0,0,0,0
TXN000302,1057.42,60,294,4,2576.54,0.3761,0.3946,0.0757,0,0,0,14,0
TXN000303,669.21,18,662,5,645.85,0.1352,0.2072,0.0235,0,0,0,23,0
TXN000304,1748.03,64,487,0,972.03,0.281,0.1387,0.1706,0,0,0,14,0
TXN000305,1203.75,46,34,2,815.8,0.08,0.1049,0.1567,1,0,0,3,0
TXN000306,1676.77,25,1156,2,738.06,0.1432,0.1567,0.1914,0,0,0,9,0
TXN000307,244.15,33,370,31,353.82,0.1062,0.2654,0.0774,0,0,0,2,1
TXN000308,1780.95,46,298,3,1115.39,0.1804,0.1579,0.13,0,0,1,9,0
TXN000309,836.37,34,115,2,1533.83,0.1591,0.1654,0.2318,0,1,0,22,0
TXN000310,1453.2,23,805,4,983.81,0.1813,0.1223,0.1219,0,0,0,6,0
TXN000311,2691.98,52,551,1,1089.78,0.2612,0.0284,0.1413,0,0,0,11,0
TXN000312,1933.36,52,15,4,1469.84,0.144,0.3807,0.2394,0,0,0,9,0
TXN000313,7345.04,24,47,3,2944.76,0.1252,0.2618,0.3647,1,1,0,16,0
TXN000314,588.08,32,23,3,817.43,0.0437,0.2485,0.269,0,0,0,2,0
TXN000315,448.56,30,354,1,482.93,0.0758,0.0932,0.1625,0,0,0,16,0
TXN000316,622.08,52,2685,2,1029.36,0.0172,0.2045,0.087,1,0,0,1,0
TXN000317,4178.16,55,1158,6,4098.98,0.1714,0.3697,0.1346,0,0,0,6,0
TXN000318,564.36,55,396,4,486.56,0.0628,0.0961,0.208,0,0,0,23,0
TXN000319,1753.58,66,1702,4,1728.65,0.2111,0.282,0.1924,0,1,0,13,0
TXN000320,1900.29,57,259,3,2466.46,0.2201,0.0936,0.1246,0,1,0,9,0
TXN000321,159.85,34,151,3,209.37,0.1459,0.2049,0.1546,0,0,0,15,0
TXN000322,1766.93,23,308,0,1461.41,0.1466,0.1378,0.1162,0,0,0,17,0
TXN000323,1532.69,49,125,4,1673.02,0.0466,0.2501,0.0916,0,0,0,7,0
TXN000324,482.69,65,159,1,909.47,0.1512,0.2071,0.1664,0,0,0,8,0
TXN000325,245.67,68,337,7,697.49,0.0792,0.319,0.4735,0,0,0,7,0
TXN000326,522.71,29,449,7,725.26,0.1572,0.3133,0.0752,0,0,0,13,0
TXN000327,407.38,30,799,4,871.31,0.4069,0.1199,0.0716,0,0,0,21,0
TXN000328,560.58,19,255,1,887.61,0.1482,0.3831,0.3202,0,0,0,20,0
TXN000329,616.24,25,592,7,777.79,0.13,0.0978,0.1146,0,1,0,17,1
TXN000330,795.14,46,17,0,861.67,0.1559,0.3201,0.1057,0,0,0,10,0
TXN000331,1749.79,46,113,2,2523.88,0.1332,0.1223,0.2852,0,0,0,22,0
TXN000332,1564.09,37,85,1,468.67,0.3199,0.1897,0.1583,0,0,0,4,0
TXN000333,161.1,34,412,1,322.36,0.4364,0.0568,0.2651,0,0,0,12,0
TXN000334,4963.25,61,59,3,2552.3,0.1169,0.1141,0.3569,0,0,1,7,0
TXN000335,876.71,41,2000,5,958.71,0.26,0.3038,0.0574,0,0,0,18,0
TXN000336,582.07,60,363,14,835.67,0.4553,0.2361,0.3348,0,0,0,19,0
TXN000337,1401.52,68,868,1,1014.5,0.1213,0.0558,0.4698,0,0,0,21,0
TXN000338,989.71,34,36,2,1269.65,0.0788,0.1857,0.1536,0,0,0,8,0
TXN000339,487.52,28,438,3,759.88,0.0994,0.1382,0.092,1,0,0,19,0
TXN000340,4182.01,67,665,7,1562.67,0.1187,0.2178,0.0815,0,0,0,18,0
TXN000341,167.25,51,406,4,559.15,0.09,0.3032,0.2033,0,0,1,17,0
TXN000342,775.91,33,341,2,887.78,0.2702,0.2843,0.446,0,0,0,0,0
TXN000343,258.33,50,582,3,232.69,0.0779,0.1516,0.2744,0,0,0,3,0
TXN000344,5404.45,44,1386,19,2491.32,0.0818,0.2884,0.2358,0,0,0,4,1
TXN000345,778.68,65,421,1,969.46,0.1981,0.0778,0.0592,0,0,1,9,0
TXN000346,7575.17,31,854,18,1752.98,0.1108,0.4084,0.1423,0,0,0,20,1
TXN000347,2324.17,69,201,6,1530.89,0.0557,0.0625,0.1821,0,0,0,9,0
TXN000348,438.28,66,253,3,1611.42,0.1446,0.5749,0.046,0,0,0,2,1
TXN000349,490.31,27,425,3,1090.68,0.1769,0.0561,0.3126,0,0,0,14,1
TXN000350,1639.38,26,81,3,1439.08,0.3391,0.0954,0.2034,1,0,0,19,0
TXN000351,298.26,45,80,15,559.53,0.4007,0.1743,0.0941,0,0,0,2,0
TXN000352,652.94,20,3000,4,483.08,0.327,0.205,0.1543,0,0,0,11,0
TXN000353,796.06,33,1036,2,1021.7,0.2211,0.1389,0.2101,0,0,0,22,0
TXN000354,352.96,40,1283,3,681.4,0.1172,0.484,0.2801,0,0,0,9,0
TXN000355,1749.88,68,894,3,2974.48,0.2155,0.3417,0.137,0,0,0,12,0
TXN000356,2278.23,69,734,5,1425.96,0.0434,0.3327,0.1552,0,0,0,13,0
TXN000357,218.29,25,1097,2,664.12,0.1088,0.3568,0.2781,0,0,0,13,0
TXN000358,1611.34,64,466,5,906.8,0.3772,0.4339,0.2313,0,0,0,16,0
TXN000359,2173.51,22,181,2,1203.64,0.1704,0.0768,0.0611,0,0,0,16,0
TXN000360,871.42,56,940,6,1045.65,0.0822,0.2783,0.1251,0,1,0,21,0
TXN000361,612.64,61,490,2,1326.4,0.2481,0.0305,0.1819,0,0,1,9,0
TXN000362,1562.1,64,117,3,1150.62,0.141,0.3267,0.3427,0,0,0,16,0
TXN000363,317.04,29,1550,4,414.28,0.0316,0.2071,0.1693,0,0,0,20,0
TXN000364,105.75,64,630,25,243.32,0.207,0.1017,0.25,0,0,0,3,1
TXN000365,2412.7,24,148,7,844.27,0.1736,0.2557,0.1023,0,0,0,1,0
TXN000366,998.16,44,333,1,1623.51,0.0391,0.0637,0.5099,0,0,0,6,0
TXN000367,378.67,42,462,2,850.94,0.1633,0.125,0.0323,0,0,0,23,0
TXN000368,3048.4,34,280,3,2606.06,0.1726,0.4554,0.3861,0,0,0,9,1
TXN000369,1022.35,19,804,1,1061.23,0.0962,0.3003,0.0643,0,0,0,21,0
TXN000370,6421.72,58,414,12,2835.68,0.1729,0.1223,0.0801,0,0,0,9,0
TXN000371,1992.3,35,221,2,2456.11,0.0804,0.0332,0.1097,0,0,0,13,0
TXN000372,1867.63,52,497,1,2289.07,0.1304,0.1667,0.2225,0,0,0,12,0
TXN000373,567.88,39,989,4,472.27,0.4589,0.1202,0.0351,0,0,0,20,0
TXN000374,1238.6,37,38,2,1109.87,0.0604,0.1433,0.1103,0,0,0,4,0
TXN000375,2929.13,64,99,2,2581.02,0.2274,0.3202,0.0698,0,0,0,7,0
TXN000376,1541.04,22,564,2,1326.95,0.1598,0.359,0.1108,0,1,0,13,0
TXN000377,1769.75,56,747,3,1616.55,0.0681,0.1102,0.0942,0,0,0,20,0
TXN000378,330.11,56,215,1,415.08,0.0292,0.0497,0.1864,1,0,0,8,0
TXN000379,6641.72,37,118,23,4201.32,0.0701,0.414,0.1549,0,1,0,17,1
TXN000380,517.03,31,2174,6,630.2,0.0276,0.3612,0.0728,0,0,0,11,0
TXN000381,422.54,18,193,8,271.48,0.2887,0.3212,0.13,0,0,0,11,0
TXN000382,1839.93,66,75,24,857.66,0.1855,0.3433,0.2019,1,0,0,14,1
TXN000383,136.2,67,486,4,197.7,0.0256,0.1781,0.1855,0,0,0,16,0
TXN000384,1925.38,30,444,16,513.07,0.1218,0.1335,0.1816,0,0,0,21,1
TXN000385,4442.72,19,66,5,6574.53,0.1581,0.1233,0.1807,0,0,0,20,0
TXN000386,570.21,24,435,6,840.48,0.3857,0.0208,0.135,1,1,0,2,1
TXN000387,543.24,21,21,4,403.65,0.1056,0.2556,0.0582,0,0,0,16,0
TXN000388,1423.06,61,446,4,1116.23,0.1506,0.126,0.0156,0,0,0,10,0
TXN000389,608.52,64,150,1,584.96,0.4728,0.0665,0.1877,0,0,0,1,0
TXN000390,3150.14,25,197,1,2008.54,0.1548,0.242,0.139,0,0,0,18,0
TXN000391,676.05,56,174,1,588.35,0.1591,0.2403,0.1135,0,0,0,1,0
TXN000392,4128.51,27,341,6,1325.46,0.2073,0.2999,0.1547,0,0,0,4,0
TXN000393,477.13,37,668,14,491.3,0.402,0.2818,0.0849,0,0,0,21,0
TXN000394,4227.42,49,393,5,6763.66,0.2477,0.018,0.1497,0,0,0,8,0
TXN000395,1151.82,55,132,2,1560.15,0.2186,0.2147,0.7263,0,0,0,23,0
TXN000396,1283.54,63,72,3,990.44,0.4434,0.3308,0.1058,0,0,0,8,0
TXN000397,1167.01,20,702,4,893.31,0.2251,0.1168,0.2887,0,0,0,19,0
TXN000398,833.84,28,241,4,744.33,0.1697,0.2906,0.1317,0,0,0,2,0
TXN000399,403.48,32,413,4,643.78,0.0905,0.2693,0.1874,0,0,0,8,0
TXN000400,1161.98,34,216,21,631.52,0.0631,0.1952,0.0769,0,0,1,1,1
TXN000401,10302.84,69,124,4,3550.45,0.1614,0.1486,0.143,0,0,0,6,0
TXN000402,756.91,58,83,1,744.84,0.0553,0.2707,0.3305,0,0,0,1,0
TXN000403,668.64,34,112,4,247.0,0.1327,0.2132,0.2835,0,0,1,14,0
TXN000404,780.76,68,27,4,484.84,0.26,0.2356,0.2047,0,0,0,17,0
TXN000405,7113.04,43,996,0,2099.4,0.1381,0.409,0.0909,0,1,0,19,0
TXN000406,1191.93,44,78,3,919.08,0.0236,0.0631,0.2212,0,0,0,23,0
TXN000407,1076.29,40,330,2,998.39,0.0496,0.1069,0.2205,1,0,0,9,0
TXN000408,3952.84,25,184,3,2487.09,0.2639,0.2864,0.4075,1,0,0,17,0
TXN000409,501.45,66,684,31,636.5,0.066,0.1281,0.2118,0,0,0,22,1
TXN000410,2135.82,18,577,4,1707.34,0.3565,0.3222,0.1922,0,0,0,22,0
TXN000411,1428.49,27,1,0,687.1,0.2062,0.1316,0.2447,0,0,0,14,0
TXN000412,2575.62,29,136,5,1641.09,0.1154,0.338,0.0248,0,1,0,16,0
TXN000413,819.9,32,591,10,833.98,0.1299,0.0163,0.2375,0,0,0,3,0
TXN000414,1033.95,24,308,2,926.04,0.1469,0.1556,0.1722,0,0,0,2,0
TXN000415,2953.71,18,1620,1,1947.09,0.1544,0.1425,0.0605,0,0,0,16,0
TXN000416,2757.45,53,1428,3,1851.25,0.1681,0.1697,0.1311,0,0,0,9,0
TXN000417,1475.48,68,500,0,976.72,0.1168,0.0907,0.3101,0,1,0,20,0
TXN000418,950.09,24,71,6,788.29,0.0888,0.2934,0.0803,0,0,0,20,0
TXN000419,2134.32,33,417,6,3359.02,0.2272,0.1352,0.2198,0,0,0,23,0
TXN000420,1149.06,44,498,1,1656.61,0.1306,0.0628,0.0724,0,0,0,6,0
TXN000421,1074.75,66,717,16,833.97,0.2083,0.2835,0.1176,0,0,0,8,1
TXN000422,1096.79,54,1013,0,694.26,0.2089,0.3136,0.2745,0,0,0,12,0
TXN000423,3306.0,57,41,2,2247.17,0.3395,0.2177,0.4818,0,0,0,16,0
TXN000424,820.09,48,1673,2,1188.9,0.4856,0.1789,0.3115,1,0,0,10,0
TXN000425,899.98,39,72,3,978.0,0.236,0.1259,0.1403,0,0,0,3,0
TXN000426,623.05,28,70,5,1188.54,0.2745,0.0816,0.0904,0,0,0,15,0
TXN000427,646.24,62,125,19,1389.16,0.3116,0.0956,0.1728,0,0,0,13,0
TXN000428,1102.27,59,733,6,1053.97,0.2324,0.0906,0.1782,0,0,0,20,0
TXN000429,5375.28,19,125,3,2546.77,0.2222,0.189,0.1607,0,0,0,21,0
TXN000430,2797.35,55,615,2,2647.94,0.0767,0.197,0.2088,0,0,0,22,0
TXN000431,4545.06,22,711,3,1591.32,0.2274,0.0693,0.2349,0,0,0,2,0
TXN000432,2622.93,56,136,4,2870.68,0.1859,0.112,0.3006,0,0,0,18,0
TXN000433,1122.28,60,385,4,1103.18,0.0401,0.0068,0.1717,0,0,1,0,0
TXN000434,1030.89,24,243,5,1777.98,0.4112,0.2071,0.2294,0,1,0,21,0
TXN000435,1830.12,40,1370,2,2215.25,0.2848,0.0622,0.2116,0,0,0,23,0
TXN000436,1163.12,24,293,24,2237.98,0.174,0.2233,0.1878,1,0,0,12,1
TXN000437,890.04,47,2,25,2082.24,0.3431,0.224,0.2075,0,0,0,9,1
TXN000438,894.91,66,329,0,1705.87,0.1648,0.2118,0.2258,0,0,0,1,0
TXN000439,4522.82,22,406,4,4315.59,0.059,0.2787,0.3244,0,0,0,15,0
TXN000440,501.21,38,198,0,751.61,0.0633,0.043,0.1539,0,0,0,10,0
TXN000441,747.26,68,1214,3,983.72,0.2037,0.1472,0.1185,0,0,0,10,0
TXN000442,1182.36,33,816,6,943.73,0.1271,0.2377,0.274,0,1,0,13,0
TXN000443,361.59,24,224,1,847.55,0.2862,0.0797,0.2987,0,0,0,8,0
TXN000444,284.98,43,155,4,272.56,0.1367,0.0359,0.228,0,1,0,22,1
TXN000445,4577.22,44,145,2,2870.97,0.3491,0.0635,0.3316,0,0,0,8,1
TXN000446,894.07,52,102,2,534.74,0.0419,0.0637,0.4024,0,0,0,5,0
TXN000447,1640.87,34,1054,5,1235.05,0.1639,0.0872,0.0802,0,0,0,2,0
TXN000448,393.86,67,200,1,405.33,0.2134,0.1122,0.1368,0,0,0,20,0
TXN000449,1201.64,45,47,2,1693.41,0.0585,0.1341,0.1351,0,0,0,9,0
TXN000450,604.82,32,581,5,632.84,0.2864,0.151,0.4594,0,0,0,3,0
TXN000451,1229.34,67,42,1,495.13,0.216,0.0913,0.1104,0,0,0,2,0
TXN000452,1460.05,66,1246,2,1256.44,0.2098,0.2378,0.253,0,0,0,18,0
TXN000453,633.15,43,22,4,671.48,0.1377,0.1135,0.076,0,0,0,5,0
TXN000454,1000.36,19,231,2,733.69,0.0746,0.2057,0.2801,0,0,0,8,0
TXN000455,1271.05,49,281,4,1236.76,0.2175,0.2377,0.2605,1,0,0,15,0
TXN000456,2173.68,46,407,2,1919.83,0.152,0.2646,0.0925,0,0,0,17,0
TXN000457,539.92,25,40,1,618.39,0.0802,0.2337,0.3192,0,0,0,14,0
TXN000458,436.13,50,673,1,547.94,0.16,0.2927,0.041,0,0,0,9,0
TXN000459,1928.0,61,187,0,1114.81,0.346,0.041,0.1247,0,0,1,22,0
TXN000460,547.18,23,540,2,1599.55,0.1787,0.0964,0.1337,1,0,0,18,0
TXN000461,3972.53,55,229,1,3053.15,0.1043,0.1374,0.3783,0,0,0,8,0
TXN000462,398.56,25,356,1,518.05,0.1969,0.2585,0.193,0,0,0,18,0
TXN000463,307.83,56,977,2,877.8,0.1986,0.1656,0.223,0,0,0,7,0
TXN000464,1461.2,39,1,5,2497.51,0.2904,0.2352,0.2319,0,0,0,1,0
TXN000465,4278.43,18,36,2,4364.1,0.0581,0.1501,0.0083,0,0,0,0,0
TXN000466,578.62,68,877,4,547.21,0.2119,0.2121,0.3257,0,0,0,2,0
TXN000467,982.24,26,1485,7,653.82,0.0618,0.3659,0.1006,0,1,0,20,1
TXN000468,2233.18,48,961,5,1431.92,0.1872,0.1025,0.2095,0,0,0,11,0
TXN000469,312.59,27,1056,6,731.85,0.1128,0.2252,0.1354,0,0,0,0,0
TXN000470,793.27,66,171,3,644.54,0.1408,0.138,0.0816,0,0,0,8,0
TXN000471,1942.69,56,1612,2,1301.31,0.1106,0.3143,0.1557,0,0,0,20,0
TXN000472,3659.21,59,401,2,3244.1,0.158,0.2124,0.3604,0,0,0,17,0
TXN000473,578.08,40,87,21,438.5,0.3309,0.1373,0.0705,0,0,0,20,1
TXN000474,1081.33,42,56,0,3130.14,0.3059,0.1832,0.1743,0,0,0,20,0
TXN000475,425.41,50,131,1,733.38,0.1626,0.0526,0.0782,0,0,0,7,0
TXN000476,2961.29,58,556,2,1396.96,0.1035,0.0578,0.1475,0,0,0,5,1
TXN000477,2863.37,62,1285,4,3339.56,0.3456,0.331,0.1953,0,1,0,13,0
TXN000478,4677.1,18,204,3,1377.09,0.2373,0.1941,0.1067,0,0,0,8,0
TXN000479,440.81,52,543,16,890.48,0.2262,0.1173,0.227,0,0,0,7,1
TXN000480,4284.67,23,262,1,1812.97,0.2021,0.0459,0.273,0,0,0,8,0
TXN000481,694.29,32,11,17,971.44,0.1253,0.0216,0.1184,0,0,0,14,0
TXN000482,2538.39,61,91,4,1579.63,0.1238,0.1455,0.1888,0,0,0,7,0
TXN000483,807.76,31,61,3,950.25,0.283,0.0349,0.0741,0,0,0,11,0
TXN000484,2135.44,59,419,5,2003.81,0.3217,0.3184,0.1991,0,0,0,7,0
TXN000485,573.4,42,10,5,413.24,0.3043,0.1192,0.3323,0,0,0,4,0
TXN000486,384.98,30,218,1,539.44,0.289,0.0209,0.0509,0,0,0,5,0
TXN000487,635.47,35,1436,1,409.01,0.176,0.0969,0.1175,0,0,0,14,0
TXN000488,910.75,45,63,4,1054.16,0.0354,0.185,0.4363,0,0,1,18,0
TXN000489,414.57,57,102,5,375.9,0.059,0.1705,0.1556,0,0,0,12,0
TXN000490,157.73,49,127,6,675.68,0.1629,0.1513,0.1207,0,0,1,16,0
TXN000491,419.56,66,454,7,505.09,0.1093,0.177,0.0977,0,0,0,3,0
TXN000492,6190.19,63,507,7,3089.53,0.2803,0.2669,0.0839,0,1,0,8,0
TXN000493,803.19,57,98,4,548.14,0.0975,0.3791,0.1376,0,0,0,13,0
TXN000494,725.61,49,214,2,445.6,0.3014,0.0607,0.1658,0,0,0,13,1
TXN000495,1343.67,33,202,3,1304.84,0.2511,0.0522,0.3327,0,0,0,22,0
TXN000496,8979.74,39,80,2,3571.62,0.033,0.1264,0.1249,0,0,0,15,0
TXN000497,1184.88,24,89,3,1011.06,0.3382,0.4292,0.1359,0,0,0,9,0
TXN000498,742.37,37,1033,6,1067.31,0.1259,0.2038,0.1381,0,0,0,0,0
TXN000499,4332.32,66,49,2,2706.82,0.1287,0.2459,0.2543,0,0,0,20,0
TXN000500,3368.39,40,210,2,2027.91,0.2047,0.0912,0.3278,0,0,0,17,0
TXN000501,2088.22,23,51,26,1477.03,0.0699,0.2724,0.5174,0,0,0,18,1
TXN000502,584.49,51,326,4,729.5,0.1193,0.1651,0.1374,0,0,0,7,0
TXN000503,1761.6,68,524,1,1508.95,0.0851,0.3684,0.2907,0,0,0,7,0
TXN000504,910.31,63,268,5,423.03,0.3034,0.1584,0.2566,0,0,0,1,0
TXN000505,921.57,32,145,3,708.7,0.1843,0.1293,0.032,0,0,0,6,0
TXN000506,1325.11,41,480,4,2987.0,0.2217,0.054,0.1858,0,0,0,6,0
TXN000507,1930.58,45,131,0,2728.19,0.2036,0.149,0.1099,1,0,0,11,0
TXN000508,1027.46,30,808,2,1489.56,0.2003,0.3646,0.2566,1,0,0,4,0
TXN000509,187.65,31,139,5,284.14,0.1046,0.3721,0.1123,0,0,0,0,0
TXN000510,147.38,30,115,2,470.71,0.3137,0.1746,0.4372,0,0,0,19,0
TXN000511,1927.9,69,1202,7,681.55,0.3086,0.2189,0.1985,0,1,0,12,0
TXN000512,600.55,56,1260,2,972.44,0.188,0.0913,0.121,0,0,0,7,0
TXN000513,293.69,61,138,2,457.01,0.1229,0.0289,0.2768,0,0,0,19,0
TXN000514,317.23,60,1176,0,922.95,0.2014,0.2266,0.3888,0,0,0,7,0
TXN000515,6085.37,67,1242,4,3778.59,0.2244,0.4858,0.2024,0,0,0,14,0
TXN000516,1381.06,23,156,18,1451.84,0.3177,0.3293,0.1226,0,0,0,3,0
TXN000517,1053.82,63,932,1,1278.16,0.3351,0.075,0.1837,0,0,0,17,0
TXN000518,456.6,21,2943,5,537.92,0.0624,0.2077,0.4024,0,0,0,16,0
TXN000519,481.07,42,8,3,348.18,0.125,0.245,0.1677,0,0,0,2,0
TXN000520,356.47,48,772,4,464.18,0.0633,0.2875,0.0759,0,0,0,21,0
TXN000521,113.36,36,1,3,338.47,0.1592,0.4189,0.2437,0,0,0,10,0
TXN000522,568.03,25,1028,4,1155.77,0.4835,0.3678,0.1388,0,0,0,19,0
TXN000523,685.27,27,76,3,1434.71,0.0885,0.2203,0.2388,0,0,0,1,0
TXN000524,649.19,60,760,3,557.97,0.2253,0.3246,0.3429,0,1,1,9,0
TXN000525,2028.5,34,108,3,1216.27,0.2295,0.1719,0.3923,0,0,0,3,0
TXN000526,6867.04,34,181,3,3066.51,0.079,0.1497,0.1228,0,0,0,20,0
TXN000527,1756.71,66,166,17,4317.31,0.0756,0.2164,0.2664,0,0,0,3,0
TXN000528,2645.03,25,193,3,1880.49,0.1898,0.3663,0.175,0,0,0,7,0
TXN000529,691.82,65,946,1,970.31,0.3731,0.3431,0.1617,0,0,0,7,0
TXN000530,9178.09,65,227,1,1838.44,0.2072,0.093,0.0948,0,0,0,20,1
TXN000531,6046.42,49,281,3,2825.01,0.1717,0.0843,0.2034,1,0,0,11,0
TXN000532,686.07,26,25,3,269.06,0.1869,0.435,0.2017,0,1,0,2,1
TXN000533,4811.63,26,281,2,3094.71,0.0583,0.2263,0.0751,0,0,0,17,1
TXN000534,924.11,32,130,1,749.04,0.3429,0.4765,0.056,0,0,0,7,0
TXN000535,604.32,48,180,0,754.1,0.1352,0.2321,0.0611,0,0,1,4,0
TXN000536,615.19,25,556,2,855.38,0.2406,0.117,0.2452,0,0,0,20,0
TXN000537,883.6,41,155,4,1372.05,0.3164,0.1488,0.1053,0,0,0,1,0
TXN000538,707.54,24,202,2,503.77,0.1086,0.2639,0.1139,0,0,0,9,0
TXN000539,2119.32,46,467,3,898.41,0.1065,0.4538,0.0128,0,0,0,1,0
TXN000540,1301.73,19,182,2,1583.98,0.0792,0.1726,0.3746,0,0,0,19,0
TXN000541,858.95,54,518,4,1277.93,0.4671,0.2089,0.1704,0,0,1,1,0
TXN000542,633.11,20,89,1,1431.63,0.2379,0.3418,0.3157,0,0,0,10,0
TXN000543,1000.05,28,37,2,874.12,0.0816,0.1851,0.2747,0,0,0,14,0
TXN000544,3504.12,27,134,4,1782.19,0.3223,0.2153,0.0765,0,0,0,5,0
TXN000545,4643.02,61,376,17,2297.3,0.0431,0.0715,0.2725,0,0,0,1,1
TXN000546,4701.56,20,113,3,2202.85,0.2482,0.2781,0.1676,0,0,0,2,0
TXN000547,1859.01,40,2293,7,1479.3,0.234,0.233,0.0562,0,0,0,13,0
TXN000548,2223.48,48,487,23,2115.88,0.2934,0.0323,0.0467,0,0,0,12,1
TXN000549,4084.61,44,194,2,2017.76,0.1916,0.2246,0.3085,0,0,0,6,0
TXN000550,3877.79,53,2241,1,7140.62,0.173,0.0211,0.4427,0,0,0,14,0
TXN000551,2018.65,59,210,1,2572.53,0.3401,0.2529,0.1543,0,1,0,5,1
TXN000552,2640.82,38,4,1,1030.58,0.3058,0.1357,0.4509,0,0,1,14,0
TXN000553,320.79,61,294,3,579.3,0.1913,0.2677,0.1686,0,0,0,13,0
TXN000554,896.28,34,564,4,913.43,0.0084,0.1151,0.0921,0,0,0,16,0
TXN000555,1230.26,69,153,2,869.35,0.263,0.2536,0.046,0,0,0,19,0
TXN000556,1641.69,44,49,2,1568.69,0.3208,0.3511,0.1088,0,0,0,15,0
TXN000557,1263.95,56,1313,6,671.71,0.0743,0.1102,0.3639,0,1,0,1,0
TXN000558,5846.78,63,246,22,2526.33,0.2132,0.3104,0.078,0,0,0,22,1
TXN000559,539.76,59,597,5,414.6,0.3141,0.1857,0.3191,0,0,0,4,0
TXN000560,751.27,62,848,5,349.75,0.1799,0.165,0.2168,0,0,1,12,0
TXN000561,598.63,45,386,3,997.67,0.2522,0.5017,0.2106,0,0,0,1,0
TXN000562,557.56,20,347,5,608.02,0.1995,0.2852,0.0522,0,0,0,2,0
TXN000563,1706.32,43,308,2,454.52,0.0536,0.0476,0.1103,0,0,0,18,0
TXN000564,2044.0,27,1299,1,702.08,0.0607,0.2943,0.0585,0,0,0,2,0
TXN000565,318.83,64,176,7,643.52,0.1142,0.2015,0.0275,0,0,0,3,0
TXN000566,1096.72,30,646,5,1104.44,0.3087,0.3124,0.4375,0,0,0,9,0
TXN000567,765.49,29,366,3,710.29,0.042,0.465,0.1897,1,1,0,23,0
TXN000568,945.48,30,53,2,751.9,0.2411,0.1028,0.2773,0,0,0,19,0
TXN000569,2202.43,51,556,3,1092.9,0.0873,0.6353,0.1838,0,0,0,21,0
TXN000570,6133.41,47,827,2,2230.47,0.1132,0.2158,0.127,0,1,0,15,0
TXN000571,3134.11,67,213,5,3070.27,0.2833,0.0791,0.4108,0,0,0,7,0
TXN000572,2254.15,39,453,4,1216.14,0.2733,0.449,0.1478,0,0,0,7,1
TXN000573,1834.24,32,261,5,1284.19,0.2919,0.0031,0.1403,0,0,0,5,0
TXN000574,953.51,20,10,6,964.65,0.3545,0.2577,0.2882,0,0,0,21,0
TXN000575,603.59,18,216,4,1535.9,0.1887,0.1039,0.3774,0,0,0,23,0
TXN000576,2523.28,37,246,5,1441.09,0.2692,0.0493,0.071,0,0,0,7,0
TXN000577,3869.77,66,3000,3,2774.13,0.0385,0.2546,0.1128,0,0,0,8,1
TXN000578,362.19,45,471,2,292.34,0.2916,0.3783,0.0934,0,0,0,5,0
TXN000579,542.48,64,97,2,930.62,0.1071,0.2227,0.2495,0,1,0,16,0
TXN000580,4084.52,23,263,2,1390.52,0.1385,0.0062,0.2478,1,0,0,5,0
TXN000581,1170.82,22,58,3,1076.64,0.2926,0.1308,0.415,0,0,0,0,0
TXN000582,303.33,61,974,4,568.26,0.1088,0.1066,0.4626,0,0,0,14,0
TXN000583,215.76,23,988,14,441.62,0.3009,0.3096,0.0601,0,0,0,15,1
TXN000584,2799.05,20,720,2,1928.36,0.3974,0.147,0.041,0,0,0,15,0
TXN000585,952.55,39,160,6,645.58,0.2015,0.0809,0.0924,1,0,0,21,0
TXN000586,248.87,66,24,5,321.04,0.5138,0.0599,0.3956,1,0,0,20,0
TXN000587,2576.13,53,197,3,1997.4,0.2664,0.307,0.3093,0,0,0,20,0
TXN000588,2183.04,23,1027,2,1512.15,0.1308,0.1273,0.1588,0,0,0,4,0
TXN000589,1092.09,61,893,3,1011.2,0.1512,0.2668,0.3403,0,0,0,23,0
TXN000590,393.1,61,72,3,578.14,0.2232,0.111,0.0587,0,0,0,16,0
TXN000591,1718.72,59,465,0,1012.92,0.3222,0.0956,0.0641,0,0,0,0,0
TXN000592,4070.86,64,260,20,2568.07,0.3725,0.1897,0.2615,0,0,1,0,1
TXN000593,483.93,30,475,4,354.15,0.1517,0.1549,0.0378,0,0,0,12,0
TXN000594,231.98,68,492,3,366.95,0.1503,0.2253,0.0645,0,0,0,6,0
TXN000595,339.85,34,43,6,706.67,0.2824,0.5158,0.0874,0,0,0,9,0
TXN000596,1122.64,59,222,2,1076.37,0.1165,0.1634,0.2511,0,0,0,12,0
TXN000597,1291.89,48,102,4,774.79,0.1784,0.2107,0.084,1,0,0,14,0
TXN000598,3047.8,58,335,2,1719.81,0.2011,0.0704,0.0154,0,0,0,13,0
TXN000599,3240.86,50,70,2,2350.03,0.281,0.1501,0.2768,0,0,0,8,0
TXN000600,1040.43,51,163,2,1332.93,0.5291,0.242,0.3211,1,0,0,2,0
TXN000601,1043.14,50,203,3,1623.44,0.1552,0.0989,0.2139,0,1,1,23,0
TXN000602,1314.48,58,243,0,1326.73,0.4681,0.0896,0.1807,0,0,0,1,0
TXN000603,1099.48,56,726,2,1103.96,0.0575,0.2352,0.1121,0,0,0,7,0
TXN000604,815.27,24,4,0,443.42,0.0939,0.4015,0.2889,0,0,0,15,0
TXN000605,410.17,60,1009,7,534.01,0.1331,0.4962,0.1519,0,0,0,8,0
TXN000606,342.48,45,328,1,425.96,0.0292,0.2101,0.3968,0,1,0,19,0
TXN000607,3060.37,34,429,16,988.36,0.1464,0.3333,0.5116,0,0,0,11,1
TXN000608,3028.33,44,60,1,1290.25,0.1841,0.0646,0.387,0,0,0,13,0
TXN000609,244.69,68,409,1,397.63,0.1256,0.215,0.2387,0,0,0,14,0
TXN000610,2587.97,62,226,1,1153.8,0.3064,0.0053,0.2338,0,0,0,1,0
TXN000611,320.64,61,65,2,594.28,0.0591,0.2726,0.0489,1,0,0,0,0
TXN000612,408.64,42,436,2,518.82,0.2815,0.0734,0.3081,1,0,0,2,0
TXN000613,593.55,58,67,5,707.87,0.1287,0.3253,0.1042,1,0,0,22,0
TXN000614,479.62,38,71,4,500.53,0.4467,0.5277,0.1602,0,0,0,0,0
TXN000615,2357.9,53,1649,3,1676.83,0.3634,0.1333,0.2107,1,0,0,13,0
TXN000616,1033.76,51,325,3,974.96,0.1852,0.4164,0.2548,0,0,1,19,0
TXN000617,2720.99,30,738,3,1940.4,0.1776,0.0804,0.3224,0,0,0,20,0
TXN000618,644.54,31,30,2,803.96,0.4381,0.1742,0.3675,0,0,1,13,1
TXN000619,1014.19,21,229,1,825.53,0.1838,0.209,0.3491,0,0,0,7,0
TXN000620,4250.53,25,54,2,4069.88,0.2422,0.0332,0.1801,0,0,0,22,0
TXN000621,164.07,40,90,3,352.08,0.2348,0.1328,0.133,1,0,0,13,0
TXN000622,3514.99,42,658,2,2694.96,0.1698,0.3069,0.2053,0,0,0,5,0
TXN000623,3681.21,26,215,3,3491.78,0.0648,0.2237,0.1527,0,0,0,5,1
TXN000624,1265.75,39,2437,2,1874.45,0.0511,0.0703,0.0895,0,0,0,14,0
TXN000625,688.84,49,41,1,870.15,0.437,0.0936,0.1703,0,0,0,1,0
TXN000626,2389.06,30,236,3,2977.48,0.1334,0.0647,0.0794,0,1,0,4,0
TXN000627,765.14,35,139,7,875.48,0.1827,0.2083,0.1239,0,0,0,4,0
TXN000628,1760.54,37,125,3,669.11,0.4348,0.3682,0.2543,0,0,0,10,0
TXN000629,2638.2,44,110,2,835.65,0.3455,0.0962,0.2598,0,0,1,7,0
TXN000630,164.28,37,411,3,735.73,0.2176,0.0973,0.3698,0,0,0,10,0
TXN000631,739.42,56,111,5,565.3,0.1651,0.3179,0.3098,1,0,0,3,0
TXN000632,4032.85,35,471,5,2385.12,0.271,0.1746,0.3538,0,0,0,10,0
TXN000633,566.65,40,224,2,638.16,0.1394,0.1299,0.0803,0,0,0,13,0
TXN000634,1789.51,37,439,4,1074.11,0.1752,0.1142,0.2368,0,0,0,18,0
TXN000635,991.43,27,92,4,399.16,0.252,0.2675,0.3183,0,0,0,0,0
TXN000636,526.92,53,1085,2,1120.54,0.0525,0.0726,0.2158,0,0,0,4,0
TXN000637,525.54,30,722,1,488.26,0.2934,0.1091,0.1748,0,0,0,22,0
TXN000638,1407.92,33,368,19,479.94,0.2747,0.2352,0.3353,0,0,0,4,1
TXN000639,514.26,59,786,2,1015.87,0.1827,0.4721,0.193,0,0,0,20,0
TXN000640,2157.06,67,341,1,2298.2,0.1773,0.1666,0.1057,0,0,0,9,0
TXN000641,1166.39,52,3,0,1492.62,0.2085,0.1407,0.4235,0,0,0,8,0
TXN000642,2793.15,65,323,6,1566.16,0.2998,0.0628,0.2096,0,0,0,22,1
TXN000643,1928.01,62,223,5,1001.3,0.1588,0.2312,0.2078,0,1,0,23,1
TXN000644,947.98,43,209,4,867.01,0.4487,0.3002,0.1715,0,0,0,14,0
TXN000645,1942.08,58,551,4,1907.98,0.1127,0.1852,0.6305,0,0,0,15,0
TXN000646,287.22,35,72,19,739.35,0.3958,0.1248,0.2682,0,0,0,10,1
TXN000647,4301.66,41,1172,2,1966.68,0.2757,0.3899,0.3154,1,0,0,3,0
TXN000648,2145.06,45,543,19,2604.93,0.421,0.1872,0.6323,1,0,0,10,1
TXN000649,562.7,67,303,28,608.52,0.124,0.0714,0.0129,0,1,0,17,1
TXN000650,1150.86,62,184,3,674.44,0.1772,0.2197,0.3409,1,0,0,21,0
TXN000651,834.38,43,1010,4,748.46,0.0474,0.1918,0.2446,0,0,0,1,0
TXN000652,682.14,51,158,5,392.73,0.0379,0.1261,0.2612,0,0,0,21,0
TXN000653,1100.25,28,1902,1,789.51,0.1084,0.4573,0.2318,0,0,0,17,0
TXN000654,3050.61,59,408,2,2727.16,0.1291,0.1415,0.0814,0,0,0,20,0
TXN000655,625.68,46,1263,3,527.47,0.359,0.0879,0.0737,0,0,0,6,0
TXN000656,1495.35,45,145,19,2772.87,0.2406,0.2501,0.0429,0,1,0,7,0
TXN000657,745.94,57,1314,2,809.64,0.1326,0.1141,0.4562,0,0,0,18,0
TXN000658,8743.37,50,837,4,4816.61,0.4236,0.114,0.1,1,0,0,20,0
TXN000659,415.08,21,71,5,680.43,0.3135,0.0734,0.3515,0,0,0,21,0
TXN000660,669.02,32,761,2,991.49,0.1893,0.1465,0.0307,0,0,0,1,0
TXN000661,357.48,27,473,2,579.91,0.4186,0.2616,0.2888,0,0,0,17,0
TXN000662,737.28,56,12,4,677.64,0.1794,0.2818,0.3032,1,0,0,18,0
TXN000663,6051.83,19,1157,0,2798.18,0.2778,0.0513,0.3396,0,0,0,11,0
TXN000664,2065.47,28,91,4,1528.7,0.5378,0.1268,0.4024,0,0,0,9,0
TXN000665,680.51,49,28,5,2253.35,0.2881,0.0358,0.1305,0,0,0,14,0
TXN000666,623.8,54,31,3,436.63,0.1998,0.2028,0.273,0,0,1,21,1
TXN000667,1359.99,44,60,2,1734.34,0.0987,0.5601,0.3181,0,0,0,10,0
TXN000668,735.21,62,775,26,555.57,0.3632,0.1942,0.2675,0,1,0,22,1
TXN000669,396.09,65,419,3,430.04,0.4519,0.4154,0.2254,0,0,0,2,0
TXN000670,807.45,24,416,1,1296.13,0.3214,0.1429,0.3304,0,0,0,14,1
TXN000671,1237.28,67,3,2,1286.88,0.1486,0.1431,0.171,1,0,0,16,0
TXN000672,892.95,49,303,1,1138.36,0.0903,0.1552,0.0774,1,0,0,15,0
TXN000673,2146.37,51,638,5,1812.19,0.192,0.1016,0.04,0,0,0,8,0
TXN000674,1241.65,22,235,2,2021.3,0.0307,0.2717,0.0953,0,0,0,8,0
TXN000675,1652.74,50,114,4,3068.09,0.1816,0.0576,0.2945,0,0,0,22,0
TXN000676,712.95,55,206,2,476.64,0.1119,0.4093,0.1698,0,0,0,23,0
TXN000677,5774.88,48,572,5,3138.22,0.2187,0.1288,0.2313,0,0,0,23,0
TXN000678,5634.42,22,36,1,4095.39,0.1607,0.2749,0.2775,0,0,0,19,0
TXN000679,593.96,45,61,20,848.64,0.0764,0.4196,0.0213,0,0,0,9,1
TXN000680,227.02,66,84,2,341.06,0.127,0.4009,0.0798,0,0,0,13,0
TXN000681,286.05,55,46,4,416.36,0.1435,0.2877,0.0721,0,1,0,4,0
TXN000682,1295.2,25,520,3,793.7,0.2253,0.2643,0.1296,1,0,0,15,0
TXN000683,2852.99,67,25,3,4491.31,0.1784,0.056,0.1235,0,0,0,4,1
TXN000684,1804.75,67,237,4,1109.82,0.1791,0.3094,0.0394,0,0,0,15,0
TXN000685,1010.57,26,311,13,711.92,0.129,0.4328,0.132,0,0,0,5,1
TXN000686,1340.73,59,334,2,678.73,0.3581,0.2738,0.0597,0,0,1,13,0
TXN000687,779.64,39,77,1,434.46,0.1565,0.3147,0.0806,0,0,0,0,0
TXN000688,2726.2,48,498,8,2022.73,0.1459,0.6262,0.0375,0,0,0,21,0
TXN000689,458.42,41,1254,2,1028.19,0.1686,0.2168,0.2525,0,0,0,16,0
TXN000690,6670.51,58,699,1,4768.95,0.2471,0.191,0.3687,0,0,1,9,0
TXN000691,1813.94,69,1614,3,1702.32,0.1805,0.1992,0.1021,0,0,0,13,0
TXN000692,1596.65,59,1461,8,1960.5,0.2775,0.2164,0.0213,0,0,0,5,0
TXN000693,1958.14,66,49,12,925.68,0.0719,0.2975,0.0888,0,0,0,19,1
TXN000694,470.15,67,243,4,510.95,0.5171,0.4885,0.3508,0,0,0,17,0
TXN000695,444.65,22,1024,3,594.96,0.1835,0.2629,0.1208,0,0,0,9,0
TXN000696,780.36,31,27,3,420.53,0.1276,0.2513,0.193,0,0,0,5,0
TXN000697,1659.84,55,122,3,2074.09,0.1919,0.0674,0.146,0,0,0,14,0
TXN000698,609.01,48,115,3,837.62,0.3027,0.2096,0.1709,0,0,0,10,0
TXN000699,1149.19,20,33,5,2136.13,0.3618,0.1347,0.1684,0,0,0,13,0
TXN000700,768.19,22,600,2,1206.09,0.1692,0.4038,0.1791,0,0,0,12,0
TXN000701,596.52,45,583,1,893.39,0.0824,0.0428,0.3421,0,0,0,13,0
TXN000702,680.52,50,713,4,483.61,0.1116,0.027,0.157,0,0,0,4,0
TXN000703,773.29,26,290,5,1354.44,0.1234,0.1382,0.259,0,1,0,2,1
TXN000704,338.71,26,274,2,941.01,0.2483,0.1122,0.0592,0,0,0,21,0
TXN000705,2436.47,24,1255,17,2062.2,0.4257,0.2246,0.1237,0,0,0,1,0
TXN000706,468.97,47,36,14,664.62,0.2122,0.2263,0.2418,1,0,0,6,1
TXN000707,1672.92,18,381,4,1687.96,0.0685,0.1447,0.0398,0,0,0,17,0
TXN000708,7001.8,47,344,5,3458.51,0.0847,0.1655,0.1368,0,0,0,7,0
TXN000709,1380.41,42,1396,4,1327.15,0.0417,0.2435,0.1616,0,0,0,0,1
TXN000710,4358.99,42,1275,3,1900.18,0.2602,0.1358,0.0729,0,0,0,12,0
TXN000711,1576.31,53,161,3,1636.51,0.1238,0.0985,0.1672,0,0,0,4,0
TXN000712,7204.71,45,1512,3,4140.88,0.1985,0.5543,0.0468,0,1,0,10,0
TXN000713,1052.59,55,306,11,1422.39,0.0932,0.2699,0.2784,0,0,0,15,1
TXN000714,1899.22,57,586,4,1790.0,0.1869,0.1523,0.303,0,0,0,7,0
TXN000715,640.0,65,1201,12,1069.14,0.0313,0.2314,0.4007,0,0,0,17,1
TXN000716,407.53,59,426,1,637.74,0.2564,0.3569,0.1345,0,0,0,2,0
TXN000717,416.01,44,485,1,470.73,0.1562,0.1645,0.2649,0,1,0,20,0
TXN000718,1281.97,43,1392,3,2662.04,0.1653,0.1235,0.3699,0,1,0,13,1
TXN000719,590.99,30,336,15,541.39,0.2337,0.3602,0.1946,0,0,0,15,1
TXN000720,1564.92,49,731,4,1848.45,0.0574,0.1759,0.1108,0,0,0,20,0
TXN000721,1669.42,25,871,4,1467.35,0.2718,0.2686,0.0959,0,0,1,9,1
TXN000722,1012.52,66,96,24,2084.84,0.1131,0.272,0.2935,0,0,0,22,1
TXN000723,1125.13,61,120,5,764.87,0.1598,0.2376,0.0874,0,0,0,20,0
TXN000724,1603.87,24,290,2,630.48,0.2364,0.3292,0.1207,0,0,0,11,0
TXN000725,3237.17,58,516,4,1429.19,0.0258,0.1229,0.317,0,0,1,12,0
TXN000726,2546.59,24,766,3,893.69,0.2068,0.1813,0.1783,1,0,0,19,0
TXN000727,474.19,55,23,2,463.26,0.1683,0.3797,0.2082,0,0,0,12,0
TXN000728,3509.36,22,831,0,4259.76,0.4694,0.0689,0.0422,1,0,0,3,0
TXN000729,824.01,43,788,3,630.19,0.2346,0.1943,0.3411,0,0,0,20,0
TXN000730,479.83,52,618,1,547.0,0.1707,0.1896,0.0394,1,0,0,19,0
TXN000731,355.41,55,105,1,925.66,0.2256,0.5286,0.201,0,0,0,5,0
TXN000732,4136.54,39,968,5,2635.96,0.1117,0.0336,0.1846,0,0,0,11,0
TXN000733,211.53,65,20,2,240.64,0.1874,0.0788,0.3088,0,0,0,23,0
TXN000734,1109.73,58,23,7,2487.21,0.0686,0.1106,0.143,0,0,0,19,0
TXN000735,438.09,28,165,4,579.39,0.1326,0.2731,0.0812,0,0,0,19,0
TXN000736,1174.68,52,53,0,1319.71,0.1674,0.0899,0.1475,0,1,0,22,0
TXN000737,687.67,55,16,4,683.21,0.0846,0.1333,0.3597,1,0,0,16,0
TXN000738,4480.35,35,446,1,4421.98,0.3223,0.0038,0.2533,0,0,0,8,0
TXN000739,2540.7,56,901,1,1196.59,0.3849,0.1026,0.1546,0,0,1,19,1
TXN000740,328.86,64,841,2,668.03,0.1442,0.051,0.2748,0,0,0,7,0
TXN000741,816.93,60,546,3,888.23,0.0311,0.2578,0.1037,0,0,0,19,0
TXN000742,720.05,57,97,1,1167.65,0.1326,0.0744,0.1654,0,0,0,15,0
TXN000743,2478.15,50,84,2,1241.87,0.1036,0.2132,0.0803,0,0,0,7,0
TXN000744,1094.81,32,1520,3,1490.9,0.0558,0.4747,0.2075,0,0,0,6,0
TXN000745,906.79,59,72,14,1095.56,0.0877,0.2386,0.1363,0,0,0,1,0
TXN000746,744.95,36,2330,1,418.21,0.2311,0.0328,0.1334,0,0,0,3,0
TXN000747,1790.84,45,1233,5,864.21,0.1086,0.2354,0.4515,1,0,0,19,1
TXN000748,3769.15,34,284,1,1676.83,0.1406,0.2182,0.0905,0,0,0,0,0
TXN000749,277.93,34,284,2,686.14,0.2879,0.132,0.34,0,0,0,13,0
TXN000750,2290.56,26,117,5,1756.27,0.1164,0.1053,0.1191,0,0,0,0,0
TXN000751,1300.84,67,304,3,1121.25,0.1905,0.1141,0.3534,0,0,0,2,0
TXN000752,915.44,25,49,8,941.6,0.2489,0.1992,0.0713,0,0,0,0,0
TXN000753,2624.15,22,316,3,2529.81,0.0706,0.3253,0.2371,1,0,0,16,0
TXN000754,658.84,66,969,3,324.83,0.2145,0.2321,0.1537,0,0,0,14,0
TXN000755,1210.15,46,292,5,683.53,0.3847,0.1221,0.1536,0,0,0,11,0
TXN000756,4255.65,40,68,4,2598.53,0.3432,0.1293,0.1843,0,0,0,8,0
TXN000757,4424.17,56,194,5,3948.28,0.1613,0.0402,0.1294,0,0,0,19,0
TXN000758,18939.78,37,580,1,5432.72,0.1697,0.3722,0.2081,0,0,0,14,0
TXN000759,911.33,24,146,4,1135.98,0.2013,0.0483,0.1849,0,0,0,10,0
TXN000760,621.26,55,272,4,1511.0,0.1285,0.2348,0.0622,0,1,0,17,0
TXN000761,1679.61,27,121,2,1943.41,0.1922,0.0056,0.3953,1,0,0,15,0
TXN000762,2763.65,46,215,5,2677.27,0.1561,0.3023,0.269,1,0,0,20,0
TXN000763,2795.92,67,86,4,1365.35,0.4332,0.0513,0.0902,0,0,0,9,0
TXN000764,1583.3,66,1219,3,2097.09,0.3859,0.2278,0.5059,0,0,0,7,0
TXN000765,1982.31,36,413,2,1512.99,0.0567,0.1998,0.3336,0,0,0,1,0
TXN000766,701.4,58,281,7,1580.6,0.2533,0.1329,0.4506,0,0,0,19,0
TXN000767,1045.16,49,1755,1,576.6,0.2561,0.17,0.1402,1,0,0,7,0
TXN000768,904.27,42,925,5,870.92,0.2014,0.1481,0.1321,0,0,0,17,0
TXN000769,651.81,25,54,3,760.56,0.0887,0.1816,0.0545,0,0,0,20,0
TXN000770,1540.99,37,756,3,477.12,0.1477,0.1239,0.2442,0,0,0,19,0
TXN000771,621.62,51,510,1,345.11,0.0768,0.0237,0.0981,0,0,0,4,0
TXN000772,460.15,69,798,5,815.22,0.0949,0.376,0.1986,0,0,1,0,0
TXN000773,858.44,18,186,3,911.67,0.3038,0.1169,0.1727,0,0,0,1,0
TXN000774,5316.13,55,284,2,1180.3,0.1231,0.023,0.0956,0,0,0,9,0
TXN000775,4804.78,62,771,0,1618.11,0.0167,0.1668,0.1681,0,1,0,1,0
TXN000776,2078.32,67,688,14,1250.98,0.2685,0.6051,0.1918,0,0,0,12,0
TXN000777,331.72,40,373,3,916.13,0.1208,0.0645,0.1584,0,0,0,6,0
TXN000778,1202.42,24,706,6,577.91,0.4371,0.2071,0.2361,0,0,0,6,0
TXN000779,1428.81,32,43,3,2026.26,0.1185,0.1145,0.1322,0,0,0,4,0
TXN000780,2114.68,62,500,4,1021.19,0.2795,0.0618,0.0071,0,0,0,13,0
TXN000781,543.96,63,3,3,809.44,0.219,0.3414,0.2246,0,1,0,12,0
TXN000782,1259.33,51,35,4,962.45,0.0911,0.0728,0.0137,0,1,0,23,1
TXN000783,461.7,24,20,3,656.6,0.1471,0.2997,0.1745,0,0,0,13,0
TXN000784,619.38,24,1230,4,756.37,0.2792,0.0692,0.5042,0,0,0,1,0
TXN000785,1041.57,42,826,2,739.73,0.1873,0.3454,0.4674,1,0,0,8,0
TXN000786,434.18,48,469,2,896.83,0.0939,0.1871,0.256,0,0,0,11,0
TXN000787,6398.75,19,346,2,1735.46,0.5529,0.13,0.1652,0,0,0,11,0
TXN000788,828.82,53,68,3,1458.23,0.4704,0.265,0.2989,0,0,0,12,0
TXN000789,1784.66,46,58,28,3238.02,0.3445,0.1842,0.2541,0,0,0,4,1
TXN000790,3612.06,18,539,2,2561.15,0.1803,0.1521,0.0314,1,0,0,7,0
TXN000791,8778.52,22,775,3,4313.46,0.1828,0.0897,0.0975,0,0,0,3,0
TXN000792,1357.47,41,744,5,1621.99,0.1084,0.3083,0.1722,0,0,0,5,0
TXN000793,889.68,55,1576,1,1603.87,0.1315,0.2156,0.1228,0,0,0,16,0
TXN000794,469.42,60,287,3,779.62,0.2531,0.0373,0.3174,0,0,0,13,0
TXN000795,1109.54,40,74,4,1955.13,0.0156,0.2959,0.0598,0,0,0,1,0
TXN000796,820.75,33,58,7,692.78,0.0884,0.0638,0.04,0,0,0,3,0
TXN000797,376.98,68,87,2,391.77,0.132,0.1125,0.105,0,0,0,21,0
TXN000798,4034.49,41,1493,2,3192.07,0.4252,0.2433,0.5216,0,0,0,20,1
TXN000799,559.06,34,51,14,457.41,0.2545,0.332,0.1981,0,0,0,23,0
TXN000800,2346.24,41,357,4,1490.99,0.1465,0.1978,0.2845,0,1,0,22,1
TXN000801,472.62,18,1330,4,592.15,0.4213,0.1499,0.3139,0,0,0,18,0
TXN000802,1607.85,33,286,3,2413.1,0.1838,0.2428,0.1999,0,0,0,6,0
TXN000803,2892.93,44,57,3,2654.64,0.3285,0.2772,0.1014,0,0,0,19,0
TXN000804,1540.99,65,534,2,1588.31,0.0923,0.0693,0.4657,0,0,0,2,0
TXN000805,3015.67,56,74,2,2624.0,0.1772,0.1765,0.192,0,0,0,7,0
TXN000806,745.23,58,957,3,1102.28,0.0466,0.3273,0.2334,0,0,0,11,0
TXN000807,7458.74,46,27,1,5239.19,0.1351,0.0836,0.2492,0,1,0,10,0
TXN000808,967.01,23,327,1,1848.84,0.0869,0.0679,0.4094,0,1,0,3,0
TXN000809,458.24,38,610,23,583.83,0.4722,0.1078,0.3536,0,0,1,23,1
TXN000810,2142.43,69,75,4,1151.39,0.3631,0.155,0.0883,0,0,0,4,0
TXN000811,529.02,20,18,4,985.6,0.2896,0.2271,0.1299,0,0,1,6,0
TXN000812,1639.81,63,307,2,920.3,0.0898,0.0757,0.0991,1,0,1,2,0
TXN000813,158.38,53,219,24,343.78,0.187,0.3121,0.1113,1,0,1,18,1
TXN000814,601.2,32,131,24,1437.71,0.0779,0.2963,0.464,0,0,0,20,1
TXN000815,182.79,58,497,7,415.7,0.1617,0.1054,0.1835,0,0,0,3,0
TXN000816,199.63,61,563,4,187.21,0.0772,0.312,0.2436,0,0,0,2,0
TXN000817,1287.51,20,1209,20,861.94,0.2162,0.1556,0.1092,0,0,0,15,1
TXN000818,1315.28,23,1866,1,646.05,0.207,0.1453,0.0817,0,0,1,22,0
TXN000819,1169.12,52,283,3,600.0,0.1332,0.3196,0.5983,1,0,0,19,0
TXN000820,200.8,69,26,2,124.94,0.2129,0.2509,0.2844,0,0,0,3,0
TXN000821,382.58,19,114,3,604.51,0.0624,0.251,0.0817,1,0,1,10,1
TXN000822,611.66,52,15,3,971.12,0.1134,0.214,0.2373,0,0,0,12,0
TXN000823,1085.05,25,244,4,703.52,0.2239,0.3045,0.2133,0,0,0,11,0
TXN000824,3142.77,51,44,1,1438.19,0.1345,0.2617,0.3667,0,0,0,18,0
TXN000825,1648.69,50,1190,2,2906.96,0.2255,0.0427,0.1726,0,0,0,6,0
TXN000826,3207.21,22,27,6,1574.13,0.3989,0.4138,0.1144,0,0,0,18,1
TXN000827,782.34,53,692,2,2249.53,0.155,0.1389,0.3731,0,0,0,18,0
TXN000828,2953.8,64,113,13,2383.65,0.0555,0.1117,0.4671,1,0,0,5,1
TXN000829,507.6,62,195,7,537.43,0.0778,0.2582,0.2604,1,0,0,18,0
TXN000830,1332.85,19,728,4,1491.27,0.178,0.0924,0.2291,0,0,0,22,1
TXN000831,2239.06,30,13,5,2200.87,0.1681,0.5396,0.2692,0,0,0,23,0
TXN000832,505.36,30,79,3,808.21,0.1427,0.1024,0.1749,1,0,1,19,0
TXN000833,805.86,41,282,2,630.53,0.0347,0.2271,0.2058,0,1,0,1,0
TXN000834,1643.61,25,436,4,1589.67,0.0405,0.1977,0.261,0,0,0,1,0
TXN000835,650.2,62,287,2,388.72,0.2982,0.1101,0.0882,0,0,0,15,0
TXN000836,1227.96,58,329,1,512.04,0.1376,0.1813,0.0871,0,0,0,0,0
TXN000837,737.36,60,533,3,687.64,0.0403,0.3455,0.1138,0,0,0,16,1
TXN000838,958.21,28,16,7,1503.21,0.0771,0.2232,0.2266,0,0,0,2,0
TXN000839,683.61,18,180,0,1278.24,0.2145,0.1675,0.4577,0,0,0,17,1
TXN000840,5748.52,65,272,2,2258.96,0.0638,0.0279,0.1259,0,0,1,11,0
TXN000841,1364.3,33,510,4,575.18,0.1609,0.3448,0.4804,1,0,1,1,0
TXN000842,902.55,52,271,8,554.0,0.0877,0.3592,0.3135,1,1,0,22,0
TXN000843,1635.43,65,226,4,1582.46,0.258,0.0674,0.2976,0,0,0,1,0
TXN000844,981.69,19,148,3,626.99,0.0998,0.1395,0.1915,0,0,0,5,0
TXN000845,1472.92,18,340,13,718.77,0.4209,0.1375,0.2882,0,0,0,23,1
TXN000846,212.81,18,88,17,298.95,0.2398,0.3296,0.152,1,0,1,2,1
TXN000847,1366.46,26,36,3,1344.25,0.2327,0.4797,0.2894,0,0,1,12,0
TXN000848,1755.44,20,995,5,3225.69,0.1855,0.1373,0.1351,0,1,0,6,0
TXN000849,496.96,60,432,1,533.52,0.1291,0.2893,0.0712,0,0,0,22,0
TXN000850,5242.44,49,45,4,2242.15,0.4792,0.1887,0.0941,0,0,0,11,0
TXN000851,1903.83,68,10,2,1051.97,0.0579,0.1988,0.0721,0,0,1,19,0
TXN000852,343.25,59,453,11,318.69,0.1666,0.2276,0.0956,0,0,0,22,0
TXN000853,133.27,68,705,4,586.22,0.0463,0.1046,0.2373,0,0,0,18,0
TXN000854,391.42,30,329,7,561.42,0.1344,0.08,0.2249,0,0,0,22,0
TXN000855,929.6,32,16,16,878.69,0.0456,0.1645,0.0692,0,0,0,20,1
TXN000856,1306.24,62,91,4,1470.94,0.0638,0.0936,0.2215,0,0,0,6,0
TXN000857,4073.55,30,25,4,4000.79,0.113,0.1169,0.1737,1,0,0,7,0
TXN000858,460.18,20,633,2,402.7,0.1931,0.6185,0.1569,0,0,0,19,0
TXN000859,582.38,52,72,2,781.06,0.1719,0.0226,0.2053,0,0,0,10,0
TXN000860,583.28,59,817,4,585.7,0.2263,0.1804,0.3515,0,0,0,12,0
TXN000861,415.81,68,601,2,451.43,0.3266,0.1593,0.112,0,0,0,6,0
TXN000862,796.36,66,266,7,1172.41,0.348,0.0387,0.1509,0,0,0,17,0
TXN000863,3030.62,24,258,5,1097.77,0.052,0.1937,0.2402,0,1,0,16,0
TXN000864,237.05,58,46,3,308.07,0.2205,0.1947,0.0735,0,0,0,11,0
TXN000865,321.47,61,129,4,1110.66,0.0647,0.0818,0.5815,0,0,0,2,1
TXN000866,1257.67,54,49,1,471.64,0.101,0.0878,0.1922,0,0,1,10,0
TXN000867,694.25,60,793,1,1105.75,0.2427,0.107,0.0536,0,0,1,9,0
TXN000868,4374.72,61,297,4,2666.83,0.0505,0.5204,0.1927,0,0,0,20,0
TXN000869,1042.8,41,38,3,1516.48,0.0914,0.12,0.1856,0,0,0,18,0
TXN000870,1698.27,20,780,3,1241.73,0.08,0.4563,0.2798,0,0,0,3,0
TXN000871,737.59,41,29,4,757.38,0.079,0.1483,0.0982,0,1,0,5,0
TXN000872,1992.19,28,112,4,1149.18,0.1805,0.2039,0.1631,0,0,0,7,0
TXN000873,1446.27,23,821,6,1626.65,0.333,0.2464,0.3888,0,0,0,17,0
TXN000874,1058.38,24,425,2,1517.65,0.1849,0.0385,0.1296,1,1,0,2,0
TXN000875,1178.39,54,342,13,1023.05,0.2344,0.2482,0.1388,0,0,0,7,1
TXN000876,1034.62,44,913,2,1276.87,0.36,0.1022,0.0443,0,0,0,15,0
TXN000877,151.01,46,81,2,436.33,0.0687,0.2404,0.2937,0,0,0,0,0
TXN000878,471.13,56,151,4,655.87,0.3075,0.1527,0.2794,0,0,1,15,0
TXN000879,8717.74,46,224,2,1799.55,0.3344,0.2126,0.1882,0,1,0,0,1
TXN000880,726.09,50,818,4,1977.17,0.2035,0.3509,0.1125,0,0,1,8,1
TXN000881,1336.88,22,60,3,1170.89,0.0982,0.2739,0.0809,0,0,0,16,0
TXN000882,2701.83,62,707,3,3087.99,0.267,0.0468,0.1087,0,0,1,19,0
TXN000883,4296.88,41,12,4,1564.96,0.0974,0.3523,0.1161,1,0,0,13,0
TXN000884,505.6,26,131,4,931.51,0.2314,0.1333,0.0468,0,1,0,12,0
TXN000885,493.68,60,114,4,466.93,0.1018,0.0374,0.1517,0,0,0,16,0
TXN000886,4378.77,56,279,1,3002.24,0.2162,0.0701,0.3991,0,0,1,5,0
TXN000887,1703.79,20,252,5,1880.37,0.305,0.1969,0.1222,0,0,0,14,0
TXN000888,2531.74,28,1782,2,3861.53,0.0994,0.0765,0.1124,0,0,1,21,0
TXN000889,4937.36,18,218,4,4998.0,0.0732,0.3428,0.0653,0,0,0,4,0
TXN000890,375.75,32,449,2,445.48,0.0714,0.2146,0.3132,0,0,0,5,0
TXN000891,375.85,23,15,2,446.29,0.0378,0.1669,0.1877,0,0,0,16,0
TXN000892,246.57,54,650,1,147.79,0.2102,0.3112,0.1905,0,0,0,14,0
TXN000893,2603.15,45,246,1,2085.69,0.1662,0.2175,0.1467,0,0,0,4,1
TXN000894,2351.97,68,210,15,1736.35,0.1053,0.2212,0.4777,0,0,0,18,1
TXN000895,1408.26,56,65,3,1174.32,0.2054,0.0936,0.1638,0,1,0,2,1
TXN000896,788.11,49,1274,2,464.85,0.247,0.1326,0.1264,1,0,0,0,0
TXN000897,2111.22,44,444,2,1030.37,0.0878,0.1202,0.0093,1,0,0,18,0
TXN000898,1065.93,20,140,1,1248.0,0.0061,0.1064,0.2023,0,0,1,13,0
TXN000899,2976.83,21,14,5,1896.77,0.1221,0.1944,0.3136,1,0,1,1,0
TXN000900,650.79,50,797,5,1327.55,0.1879,0.091,0.2291,1,0,0,16,0
TXN000901,505.47,18,431,20,1745.26,0.1447,0.1012,0.2622,0,0,0,23,1
TXN000902,2745.26,20,239,2,1005.37,0.1748,0.0547,0.1786,0,0,1,7,0
TXN000903,2087.43,29,139,1,2507.49,0.0858,0.175,0.1247,0,0,0,12,0
TXN000904,1960.73,63,581,2,1706.52,0.234,0.3777,0.1344,0,0,0,12,0
TXN000905,243.54,41,674,6,477.78,0.2201,0.3389,0.0259,0,0,0,10,0
TXN000906,1441.18,54,234,4,2899.97,0.1235,0.1595,0.3418,0,0,0,2,0
TXN000907,1747.22,39,368,2,2586.08,0.0045,0.2176,0.2311,0,0,0,20,0
TXN000908,2163.38,27,1491,1,1519.04,0.2551,0.2797,0.0875,1,0,0,17,0
TXN000909,1004.66,37,2002,3,1334.75,0.1886,0.0382,0.0539,0,0,0,0,0
TXN000910,2911.27,22,918,2,3501.78,0.0158,0.2293,0.2036,0,0,0,2,0
TXN000911,232.11,58,296,5,349.56,0.0981,0.1351,0.2263,1,0,0,3,0
TXN000912,4964.36,27,53,25,2614.58,0.172,0.1934,0.3216,0,0,1,22,1
TXN000913,1266.92,37,786,5,785.76,0.0816,0.2957,0.1224,0,0,0,3,1
TXN000914,1808.66,68,15,1,2360.49,0.4201,0.1418,0.1111,0,0,0,15,0
TXN000915,1738.06,48,170,14,1193.04,0.1921,0.403,0.0792,0,0,0,22,0
TXN000916,401.45,41,18,0,459.41,0.3988,0.1773,0.0329,0,0,0,16,0
TXN000917,643.41,46,497,4,774.67,0.2779,0.0851,0.3211,0,0,0,0,0
TXN000918,2181.72,58,198,1,2242.19,0.5116,0.0231,0.1546,0,0,0,14,0
TXN000919,1348.34,31,357,3,946.58,0.0305,0.0917,0.22,1,0,0,10,0
TXN000920,434.52,51,266,5,709.78,0.123,0.0839,0.2044,0,0,0,3,1
TXN000921,931.31,63,374,6,706.47,0.283,0.1799,0.0854,1,0,0,21,0
TXN000922,6791.14,47,56,5,1719.13,0.1259,0.1776,0.4965,0,0,0,22,0
TXN000923,4130.53,41,45,2,3734.78,0.2693,0.0911,0.0771,0,0,0,13,0
TXN000924,249.89,25,524,1,245.03,0.0759,0.2634,0.1037,0,0,0,3,0
TXN000925,7436.73,30,249,0,7789.09,0.0373,0.295,0.0829,0,0,0,20,0
TXN000926,1645.24,67,257,4,1264.74,0.4375,0.1033,0.4126,0,0,0,1,0
TXN000927,678.87,46,32,3,1646.09,0.1109,0.1661,0.136,0,0,0,12,0
TXN000928,2059.49,33,416,6,808.04,0.1388,0.1188,0.1433,0,0,0,17,0
TXN000929,1876.55,39,367,3,1093.94,0.0744,0.2668,0.2218,0,0,0,5,0
TXN000930,880.31,48,11,6,1254.83,0.1411,0.1921,0.1991,0,0,0,3,0
TXN000931,535.38,45,44,3,526.17,0.415,0.0584,0.1591,0,0,0,22,0
TXN000932,459.2,54,346,7,623.92,0.1083,0.3712,0.1703,1,0,0,17,0
TXN000933,2962.46,31,32,24,2512.91,0.3732,0.1757,0.2457,0,0,0,8,1
TXN000934,382.64,51,134,2,369.95,0.1641,0.0222,0.1757,0,0,1,10,0
TXN000935,1693.37,41,61,3,1493.28,0.3994,0.1859,0.1429,0,1,0,19,0
TXN000936,480.61,66,304,2,846.1,0.1436,0.5945,0.3211,0,0,0,23,0
TXN000937,429.51,26,318,29,559.76,0.4401,0.0387,0.1014,0,0,0,20,1
TXN000938,8190.12,25,387,2,4360.54,0.1125,0.0406,0.0525,0,0,0,5,0
TXN000939,419.16,42,605,2,562.19,0.2274,0.0891,0.0917,1,1,0,17,0
TXN000940,116.16,44,217,2,497.17,0.1645,0.1152,0.2444,0,0,0,8,0
TXN000941,885.61,53,18,5,962.1,0.1566,0.4293,0.1501,0,1,0,11,1
TXN000942,2412.28,39,879,1,640.35,0.2192,0.1578,0.047,0,0,0,11,0
TXN000943,1756.98,65,385,2,1101.54,0.181,0.234,0.0945,0,1,0,17,0
TXN000944,886.69,42,214,3,1222.65,0.2517,0.2565,0.4027,0,0,0,4,0
TXN000945,1256.93,24,383,1,1292.41,0.3682,0.1817,0.2528,0,0,0,7,0
TXN000946,1461.47,24,113,6,1005.54,0.6281,0.3315,0.0444,0,0,0,22,0
TXN000947,255.33,68,192,25,670.81,0.1963,0.0119,0.2605,0,0,0,7,1
TXN000948,1074.43,24,539,5,1720.52,0.0758,0.2763,0.06,0,0,0,5,0
TXN000949,1262.57,67,452,4,1014.16,0.3382,0.0935,0.3095,0,0,0,17,0
TXN000950,1863.17,32,1273,4,775.16,0.155,0.0515,0.2641,0,0,0,6,0
TXN000951,2426.89,22,155,0,3090.21,0.0413,0.3229,0.3386,0,0,0,15,1
TXN000952,2384.97,33,382,3,1007.35,0.1651,0.3776,0.1226,1,0,0,2,0
TXN000953,1555.44,49,309,4,2355.22,0.2366,0.1003,0.3624,0,0,0,10,0
TXN000954,402.12,40,21,25,2588.38,0.3083,0.2627,0.1558,1,0,0,5,1
TXN000955,4066.21,58,130,4,2700.98,0.2698,0.2184,0.1766,0,0,0,3,0
TXN000956,2394.74,49,1340,4,1779.01,0.02,0.1686,0.2408,0,0,0,9,0
TXN000957,1643.29,38,229,1,1096.15,0.1834,0.2144,0.1654,0,1,0,4,0
TXN000958,1538.52,51,47,2,1048.56,0.1492,0.2302,0.3023,0,0,0,20,0
TXN000959,1027.19,68,287,2,924.37,0.3137,0.1934,0.1953,0,0,0,5,0
TXN000960,208.68,39,605,8,240.61,0.0501,0.2048,0.2124,0,0,1,8,0
TXN000961,1606.46,25,908,5,1813.77,0.1241,0.0183,0.4641,0,0,0,23,0
TXN000962,1010.2,39,469,3,1301.31,0.4125,0.3038,0.0332,0,0,0,20,0
TXN000963,1568.15,61,146,1,1954.46,0.327,0.1134,0.2665,0,0,0,3,0
TXN000964,373.17,29,505,2,1010.4,0.0951,0.2727,0.3015,0,0,0,10,0
TXN000965,895.61,67,459,4,1746.51,0.1978,0.3103,0.3636,0,0,0,0,1
TXN000966,382.17,48,1151,7,418.11,0.5041,0.282,0.072,0,0,1,2,1
TXN000967,141.04,49,453,6,483.72,0.2895,0.1728,0.2771,0,0,0,14,0
TXN000968,64.22,34,305,3,193.77,0.183,0.1416,0.4085,0,0,0,7,0
TXN000969,830.56,65,89,2,998.2,0.1374,0.2174,0.2124,0,0,0,7,0
TXN000970,595.05,19,343,6,638.57,0.4665,0.3458,0.1078,0,0,0,20,0
TXN000971,490.43,33,138,3,582.68,0.2972,0.3608,0.4976,0,0,1,7,1
TXN000972,374.39,39,62,3,1386.11,0.3736,0.106,0.1925,0,0,0,9,0
TXN000973,1912.11,42,1042,5,814.15,0.1114,0.2478,0.3724,0,0,0,0,0
TXN000974,182.53,42,206,2,402.15,0.1898,0.2759,0.081,0,0,0,5,0
TXN000975,4152.01,25,727,4,6511.58,0.0922,0.1442,0.3873,0,0,0,1,0
TXN000976,533.85,29,676,7,1068.59,0.1331,0.2462,0.083,1,0,0,13,1
TXN000977,1049.69,22,206,4,513.78,0.246,0.2559,0.1417,0,0,0,9,0
TXN000978,865.14,47,178,4,686.16,0.193,0.1533,0.233,0,0,0,21,0
TXN000979,748.83,36,528,2,971.46,0.485,0.2732,0.0526,0,0,0,22,0
TXN000980,719.33,47,9,5,970.03,0.6081,0.2255,0.1667,0,0,0,23,0
TXN000981,3011.79,48,582,1,2728.52,0.121,0.0765,0.1011,0,1,0,2,0
TXN000982,522.59,54,125,2,1037.32,0.2424,0.3847,0.2472,0,0,0,18,0
TXN000983,4954.5,46,90,2,4018.43,0.0307,0.1979,0.0523,0,0,0,7,1
TXN000984,599.17,51,109,4,810.22,0.0712,0.0918,0.1941,0,1,0,6,0
TXN000985,1967.08,48,829,4,1478.09,0.0644,0.1407,0.1,0,0,0,6,0
TXN000986,2929.34,51,994,1,2242.59,0.0351,0.2971,0.1065,0,0,0,16,0
TXN000987,1826.43,50,206,3,2531.6,0.1461,0.2467,0.2866,0,0,0,6,0
TXN000988,888.31,34,474,2,2747.13,0.1045,0.2207,0.2113,0,1,0,12,0
TXN000989,791.43,30,2469,4,906.5,0.0266,0.1975,0.1021,0,0,0,16,0
TXN000990,492.23,58,79,4,1092.43,0.0988,0.3103,0.101,0,0,1,20,0
TXN000991,201.88,35,350,3,193.33,0.4877,0.3823,0.0775,0,0,0,21,0
TXN000992,830.21,46,95,4,956.03,0.2723,0.3308,0.2571,0,1,0,6,0
TXN000993,1703.57,28,1217,4,2354.02,0.214,0.2746,0.1928,0,0,0,20,0
TXN000994,1007.5,40,29,2,2054.5,0.2384,0.1858,0.2228,0,0,0,20,0
TXN000995,1982.66,45,26,4,1032.21,0.2306,0.2734,0.1414,0,0,0,13,0
TXN000996,2807.0,50,222,4,3602.55,0.1809,0.0976,0.2002,0,0,0,2,0
TXN000997,3058.07,45,47,1,838.15,0.0701,0.3187,0.1459,0,0,0,6,0
TXN000998,677.16,36,164,2,664.28,0.0582,0.2285,0.1713,0,0,0,23,0
TXN000999,958.78,68,716,1,790.2,0.3488,0.0846,0.0468,0,0,0,5,0
TXN001000,510.73,44,184,4,499.83,0.1063,0.2077,0.3278,1,0,0,23,0
TXN001001,2045.79,60,13,2,1695.4,0.3078,0.2514,0.2708,0,0,0,20,0
TXN001002,2447.73,56,1515,21,1342.03,0.2847,0.0807,0.1586,0,0,0,14,1
TXN001003,3085.01,47,63,2,1680.73,0.1101,0.0423,0.2266,0,0,0,3,0
TXN001004,310.54,64,335,4,820.52,0.2561,0.2439,0.0227,1,0,0,22,0
TXN001005,1685.59,24,337,2,1052.95,0.1677,0.1045,0.3899,1,0,0,1,0
TXN001006,313.73,65,198,1,238.68,0.2136,0.2846,0.1976,0,0,0,14,0
TXN001007,1455.49,62,4,2,1427.04,0.0296,0.3344,0.1698,0,0,0,20,0
TXN001008,3014.21,44,260,0,1175.19,0.125,0.0723,0.1156,0,0,0,10,0
TXN001009,1330.96,56,133,6,507.57,0.1432,0.0975,0.1798,0,0,0,7,0
TXN001010,1676.17,45,494,2,1019.17,0.2554,0.425,0.2901,1,0,0,15,1
TXN001011,678.96,31,22,5,915.53,0.1417,0.0695,0.0485,0,0,0,5,0
TXN001012,1956.97,59,591,1,3770.71,0.1258,0.0615,0.0462,0,0,0,21,0
TXN001013,790.08,30,473,2,521.76,0.1142,0.1327,0.1694,0,0,0,17,0
TXN001014,2921.18,34,483,6,1382.98,0.1847,0.0868,0.2859,0,0,0,17,0
TXN001015,167.45,45,485,4,511.05,0.2151,0.1868,0.223,0,1,0,15,1
TXN001016,1348.77,61,1208,2,742.1,0.1816,0.2436,0.2142,1,0,0,7,0
TXN001017,1157.01,37,50,2,1331.12,0.0751,0.1863,0.1014,0,0,0,11,0
TXN001018,349.71,43,34,6,945.81,0.0497,0.1124,0.023,1,0,0,3,0
TXN001019,1413.71,20,33,4,1092.04,0.3619,0.2721,0.1007,0,1,0,13,1
TXN001020,2282.59,24,321,3,1384.24,0.4267,0.2768,0.0972,0,1,0,8,0
TXN001021,639.81,20,48,2,776.21,0.0163,0.0953,0.2277,0,0,0,18,0
TXN001022,1138.38,21,329,2,2036.33,0.067,0.177,0.255,0,0,0,10,0
TXN001023,2270.63,63,358,9,885.51,0.0939,0.393,0.1839,0,0,0,19,0
TXN001024,709.07,61,49,5,1024.25,0.3534,0.1236,0.0667,0,1,0,22,0
TXN001025,2672.12,60,717,1,1412.22,0.1606,0.4988,0.2479,0,0,0,22,0
TXN001026,559.32,20,188,2,1285.5,0.2999,0.0152,0.0544,0,0,0,8,0
TXN001027,2164.11,22,498,2,1721.51,0.1649,0.2601,0.1615,0,0,1,12,0
TXN001028,1694.26,32,505,1,1369.05,0.2715,0.1797,0.0619,0,0,0,1,0
TXN001029,2461.93,47,79,2,1522.82,0.0698,0.0387,0.2525,0,0,0,18,0
TXN001030,1985.01,35,1000,1,873.27,0.3468,0.3649,0.1695,1,0,0,3,1
TXN001031,331.74,43,137,4,518.98,0.2812,0.098,0.0397,0,0,0,9,0
TXN001032,537.58,26,1443,5,403.69,0.1483,0.1282,0.1322,0,0,1,12,0
TXN001033,160.6,56,41,2,340.53,0.1171,0.3016,0.1874,0,0,0,15,0
TXN001034,1765.26,34,6,4,3766.53,0.3201,0.3286,0.0942,0,0,0,23,0
TXN001035,169.52,21,85,1,233.0,0.2454,0.2956,0.3345,0,0,1,16,0
TXN001036,3167.62,56,271,2,2529.07,0.2998,0.3114,0.1249,0,0,0,5,0
TXN001037,1552.57,64,334,5,617.32,0.4637,0.1956,0.1896,0,0,0,20,0
TXN001038,6994.85,18,466,5,2516.21,0.2617,0.1408,0.086,0,0,0,22,0
TXN001039,193.07,40,397,4,234.68,0.0918,0.04,0.0799,0,1,0,15,0
TXN001040,1100.45,61,169,1,930.23,0.0914,0.1048,0.03,0,0,0,15,0
TXN001041,5097.32,54,551,5,3034.55,0.0328,0.0148,0.1113,0,0,0,21,0
TXN001042,2752.34,62,30,5,1806.68,0.1799,0.4343,0.2192,0,0,0,2,0
TXN001043,788.96,39,14,1,866.03,0.1863,0.3488,0.388,0,0,1,5,0
TXN001044,293.47,37,60,0,281.44,0.1742,0.1016,0.1211,0,0,0,0,0
TXN001045,408.98,54,61,5,434.53,0.059,0.1523,0.3814,0,0,0,14,0
TXN001046,2585.82,25,217,3,2899.82,0.1472,0.0299,0.1023,0,0,0,1,0
TXN001047,712.27,30,411,3,859.4,0.147,0.1168,0.2069,0,1,0,18,0
TXN001048,976.44,49,1702,2,1042.86,0.1853,0.0778,0.1797,0,1,0,18,0
TXN001049,1069.85,52,116,2,1337.39,0.1934,0.1762,0.0546,0,0,0,18,0
TXN001050,235.93,24,405,3,440.55,0.2665,0.2857,0.2689,0,0,0,19,0
TXN001051,2343.78,44,69,3,1458.41,0.2457,0.1206,0.1534,0,0,0,12,0
TXN001052,1085.95,36,23,3,817.51,0.2172,0.1935,0.1089,0,0,0,12,0
TXN001053,3780.9,44,13,2,1346.94,0.0764,0.1239,0.1457,0,0,0,21,0
TXN001054,896.59,67,581,1,731.7,0.1409,0.0973,0.1466,0,0,0,1,0
TXN001055,289.89,21,1769,2,364.61,0.1774,0.1942,0.2362,0,0,0,4,0
TXN001056,576.11,69,1215,2,813.09,0.1173,0.1227,0.0517,0,0,0,20,0
TXN001057,1762.69,41,256,3,1717.36,0.4054,0.2426,0.249,0,0,0,6,1
TXN001058,1958.48,58,20,4,1444.97,0.1019,0.0853,0.0317,0,0,0,12,0
TXN001059,979.52,40,82,3,1120.64,0.2193,0.1215,0.0726,0,1,0,9,0
TXN001060,916.03,34,714,5,2056.36,0.1796,0.12,0.2412,0,1,0,12,0
TXN001061,633.35,58,111,2,950.97,0.0912,0.0568,0.1662,1,0,0,16,0
TXN001062,1152.06,53,394,0,1140.7,0.2827,0.5216,0.1404,0,0,0,10,0
TXN001063,1177.7,25,162,26,783.81,0.1899,0.2727,0.0152,0,0,0,20,1
TXN001064,946.18,54,320,1,2142.29,0.3386,0.1505,0.2744,0,0,0,12,0
TXN001065,1555.99,57,732,2,1344.89,0.0992,0.1849,0.126,0,0,0,4,0
TXN001066,838.61,38,261,3,742.58,0.1268,0.1697,0.2398,0,0,0,13,0
TXN001067,301.66,66,2198,15,386.71,0.1873,0.1195,0.0377,0,0,0,10,1
TXN001068,1721.01,51,207,3,2376.71,0.1684,0.1154,0.0492,0,0,0,16,0
TXN001069,434.49,35,199,1,651.42,0.1857,0.1851,0.0963,0,1,0,0,0
TXN001070,1246.24,18,299,5,1153.37,0.1916,0.1823,0.105,0,0,1,6,0
TXN001071,10578.41,53,26,4,5692.02,0.1781,0.2323,0.248,0,0,0,18,1
TXN001072,3713.9,28,734,15,1921.88,0.0914,0.2394,0.07,0,0,0,22,0
TXN001073,1825.51,57,214,4,3387.36,0.3222,0.1107,0.4739,0,0,0,20,0
TXN001074,678.9,45,536,6,752.43,0.1187,0.493,0.0662,0,0,0,2,1
TXN001075,694.54,42,345,4,2320.84,0.0355,0.4479,0.162,0,0,0,23,0
TXN001076,1186.45,26,395,6,1117.3,0.2869,0.0903,0.4965,0,0,0,20,0
TXN001077,1968.29,54,442,3,1416.88,0.0411,0.3164,0.2004,0,0,0,6,0
TXN001078,10706.62,26,129,3,4512.42,0.3245,0.257,0.249,0,0,0,10,1
TXN001079,337.78,39,719,1,902.3,0.1122,0.2058,0.0182,0,0,1,2,0
TXN001080,610.97,61,1,5,1111.51,0.1991,0.1479,0.1964,0,0,0,3,1
TXN001081,630.82,65,33,16,582.75,0.0299,0.3904,0.3157,0,0,0,10,0
TXN001082,838.67,69,598,1,2042.5,0.1868,0.1509,0.2116,0,0,0,4,0
TXN001083,814.26,67,1228,3,740.67,0.0889,0.6039,0.4085,0,0,0,14,0
TXN001084,3160.7,46,129,2,2243.74,0.1577,0.2907,0.0523,0,0,0,10,0
TXN001085,170.78,28,69,7,345.52,0.1358,0.0846,0.345,0,0,0,3,0
TXN001086,1731.89,61,297,3,1610.09,0.1243,0.4439,0.2299,0,0,0,17,0
TXN001087,358.78,59,65,1,698.84,0.4166,0.4359,0.612,0,0,0,8,0
TXN001088,3896.55,69,11,3,1828.7,0.1282,0.082,0.4429,0,0,0,20,0
TXN001089,1217.02,51,303,5,1086.27,0.0925,0.1239,0.3709,0,0,0,5,0
TXN001090,530.19,25,48,2,753.9,0.2691,0.3723,0.4428,1,0,0,13,0
TXN001091,423.45,44,421,12,836.65,0.0375,0.0584,0.1828,0,0,0,6,0
TXN001092,749.02,41,205,4,604.7,0.2555,0.1355,0.1299,0,0,0,23,0
TXN001093,4160.19,61,1190,1,1971.31,0.0959,0.1966,0.3358,0,0,0,18,0
TXN001094,344.34,38,371,1,526.34,0.3831,0.3477,0.0252,0,0,0,15,0
TXN001095,714.26,35,553,2,909.64,0.135,0.2289,0.2579,0,0,0,8,0
TXN001096,923.33,22,282,18,1396.42,0.2904,0.2237,0.0751,0,0,0,15,0
TXN001097,7982.18,61,468,4,3392.92,0.0345,0.208,0.3067,0,0,0,18,0
TXN001098,381.36,57,745,2,1089.52,0.2109,0.3223,0.4056,0,0,0,17,0
TXN001099,1876.79,20,304,4,925.42,0.2258,0.1811,0.0666,0,1,0,21,0
TXN001100,1079.32,40,302,3,1328.15,0.2217,0.1374,0.0345,0,0,0,13,0
TXN001101,246.95,42,79,1,256.87,0.2403,0.1559,0.1934,0,0,0,4,1
TXN001102,392.92,42,11,4,473.88,0.08,0.2777,0.1046,0,0,0,4,1
TXN001103,962.01,65,144,7,843.23,0.2976,0.1264,0.117,0,1,0,15,0
TXN001104,445.65,25,329,7,665.75,0.1537,0.1443,0.056,1,0,0,22,0
TXN001105,640.04,33,654,1,357.6,0.2129,0.0743,0.1971,0,0,0,6,0
TXN001106,3658.81,27,302,3,1999.09,0.3035,0.1511,0.0531,0,0,0,13,0
TXN001107,765.83,30,1255,25,1315.31,0.2378,0.3731,0.1293,0,0,0,10,1
TXN001108,1746.37,65,440,6,1209.77,0.1605,0.1988,0.1833,0,0,0,11,0
TXN001109,554.54,66,794,7,674.66,0.0705,0.0185,0.1028,1,0,0,6,0
TXN001110,1192.7,20,2539,4,1159.3,0.1502,0.0211,0.1312,0,0,0,18,0
TXN001111,3637.12,50,1057,3,1572.02,0.1403,0.1364,0.193,0,0,0,19,0
TXN001112,628.83,30,1343,5,911.03,0.1054,0.06,0.1878,0,0,0,22,0
TXN001113,2491.91,28,240,2,1496.97,0.1276,0.3506,0.0955,0,0,0,6,0
TXN001114,807.69,33,78,26,628.14,0.0445,0.0849,0.028,0,0,0,23,0
TXN001115,1055.24,28,194,1,1174.08,0.4996,0.1166,0.1251,0,0,0,14,0
TXN001116,2986.39,43,38,2,2439.99,0.1263,0.2148,0.2886,0,0,0,16,0
TXN001117,2978.1,69,55,4,2597.78,0.0524,0.4224,0.2049,0,0,0,7,0
TXN001118,1468.82,48,10,1,2777.52,0.0073,0.0527,0.1596,0,0,0,22,0
TXN001119,959.3,55,1,3,1339.29,0.0358,0.1443,0.3599,1,0,0,22,0
TXN001120,630.96,43,1042,3,1121.17,0.3245,0.0591,0.2182,0,0,0,11,1
TXN001121,687.94,18,1567,3,800.99,0.3687,0.1389,0.1544,0,0,0,18,0
TXN001122,648.41,22,503,4,309.44,0.2897,0.0872,0.3136,0,0,0,19,0
TXN001123,588.83,31,387,2,427.76,0.2332,0.2543,0.2185,0,0,0,20,0
TXN001124,443.38,30,304,3,974.93,0.1655,0.1322,0.3823,0,0,0,14,0
TXN001125,874.67,61,1638,26,1016.58,0.088,0.3098,0.4096,0,0,0,2,1
TXN001126,3351.12,61,174,2,2947.04,0.0255,0.1445,0.2366,0,0,0,6,0
TXN001127,4144.79,62,684,8,2752.76,0.1527,0.1502,0.0413,0,0,0,13,0
TXN001128,474.16,51,123,2,678.21,0.139,0.107,0.4211,0,0,0,18,0
TXN001129,984.6,46,125,2,1944.63,0.0826,0.4029,0.123,0,0,0,19,0
TXN001130,761.33,51,553,4,785.29,0.1189,0.5944,0.0747,0,0,0,17,0
TXN001131,2418.25,39,652,2,1768.4,0.3329,0.0904,0.2047,0,1,0,3,0
TXN001132,2193.77,52,55,3,1927.95,0.2318,0.2917,0.269,0,0,0,4,0
TXN001133,1608.23,59,482,25,2616.17,0.2464,0.2259,0.2017,0,0,1,11,1
TXN001134,2038.95,57,454,3,776.77,0.2289,0.1705,0.0864,0,1,0,7,0
TXN001135,2112.58,49,97,1,2230.57,0.1874,0.3577,0.4004,0,0,0,21,0
TXN001136,328.84,21,1152,3,295.61,0.0634,0.0741,0.0614,0,0,0,19,0
TXN001137,1887.99,55,305,6,2717.18,0.0795,0.1122,0.2535,0,0,0,22,1
TXN001138,1980.43,37,189,0,1077.6,0.3338,0.1468,0.3421,0,0,0,9,0
TXN001139,1498.03,56,185,3,1093.78,0.5555,0.4013,0.0686,0,1,0,1,0
TXN001140,313.21,46,192,1,263.43,0.1127,0.1604,0.2402,0,0,0,8,0
TXN001141,443.42,63,22,2,835.42,0.2648,0.3824,0.2672,0,0,0,0,0
TXN001142,5169.61,35,628,3,2832.28,0.1591,0.2542,0.2307,0,0,0,19,0
TXN001143,1233.49,66,1332,25,813.47,0.1421,0.1552,0.2053,0,1,0,18,1
TXN001144,3157.82,61,967,4,1807.0,0.1836,0.0583,0.3446,0,0,0,12,0
TXN001145,1146.6,35,207,1,1123.48,0.2031,0.0092,0.1071,0,0,0,22,0
TXN001146,2214.31,43,568,5,2307.38,0.4197,0.3416,0.3274,0,0,0,13,0
TXN001147,1134.45,45,184,2,1253.95,0.1927,0.0948,0.3627,0,0,0,3,0
TXN001148,2000.56,57,71,4,571.2,0.1076,0.4627,0.2994,0,0,0,8,0
TXN001149,846.55,53,205,3,1140.83,0.0701,0.2628,0.1806,0,0,0,14,0
TXN001150,1751.83,62,210,2,3363.88,0.1221,0.1904,0.128,0,0,0,16,0
TXN001151,1265.3,37,88,7,1553.63,0.1002,0.3039,0.1195,0,0,0,10,0
TXN001152,753.91,44,226,2,1010.79,0.2208,0.1874,0.1234,0,0,0,11,0
TXN001153,10635.33,40,269,4,5318.89,0.154,0.0906,0.1166,0,0,1,11,0
TXN001154,1171.05,65,132,3,2468.71,0.2623,0.3622,0.0443,0,1,0,21,0
TXN001155,1426.54,33,24,1,1942.47,0.0756,0.3779,0.3355,0,1,0,0,1
TXN001156,1520.7,48,113,2,1369.42,0.1744,0.0313,0.2269,0,0,0,19,0
TXN001157,3672.96,24,924,3,1828.39,0.6798,0.2876,0.1448,0,0,0,11,0
TXN001158,2768.71,62,366,2,1870.41,0.2508,0.273,0.2465,0,0,0,0,0
TXN001159,579.69,37,169,3,237.94,0.3399,0.1288,0.1214,0,0,0,12,0
TXN001160,1748.72,35,133,4,1445.85,0.1551,0.1507,0.1764,0,0,0,14,0
TXN001161,876.07,48,459,3,979.89,0.2137,0.2645,0.1147,0,0,0,19,0
TXN001162,1237.33,43,90,4,772.91,0.0573,0.2491,0.0979,0,0,0,21,0
TXN001163,450.9,62,109,1,956.42,0.1368,0.1762,0.2927,0,0,0,16,0
TXN001164,144.09,45,794,3,369.04,0.1522,0.1621,0.1671,0,0,1,5,0
TXN001165,530.45,44,256,4,310.06,0.6891,0.2242,0.1231,0,1,0,4,1
TXN001166,2946.47,23,76,4,2624.25,0.1449,0.0632,0.1495,0,0,0,11,0
TXN001167,2575.28,19,12,1,1515.51,0.0985,0.0777,0.2295,0,0,0,16,0
TXN001168,126.73,38,1513,3,202.53,0.0453,0.0428,0.2959,1,0,0,23,0
TXN001169,1484.99,69,1,4,732.55,0.0844,0.0562,0.0611,0,0,0,10,0
TXN001170,2936.82,65,325,5,2031.21,0.0676,0.1208,0.0595,0,0,0,19,0
TXN001171,886.14,50,456,1,901.44,0.1368,0.1613,0.2762,0,0,1,2,0
TXN001172,2938.18,50,349,23,2621.5,0.309,0.1804,0.2215,0,0,0,3,1
TXN001173,2767.33,38,211,0,2286.61,0.0521,0.1078,0.2589,0,0,0,19,0
TXN001174,264.83,27,829,7,424.24,0.1595,0.2476,0.2756,0,0,0,2,0
TXN001175,802.65,18,922,21,991.95,0.4755,0.2386,0.2024,0,0,0,5,1
TXN001176,961.46,35,222,5,801.38,0.3485,0.4034,0.0877,0,0,0,17,0
TXN001177,328.23,34,306,4,414.69,0.0758,0.4468,0.1325,0,0,0,2,0
TXN001178,176.59,27,309,2,396.24,0.1178,0.1883,0.1319,0,0,0,14,0
TXN001179,733.61,31,480,3,623.77,0.3308,0.198,0.1763,0,0,1,21,0
TXN001180,1108.95,19,94,6,700.19,0.1618,0.2401,0.1493,1,1,1,14,1
TXN001181,2406.56,49,28,0,1337.1,0.0575,0.2134,0.1643,0,0,0,15,0
TXN001182,3052.51,66,232,5,2277.76,0.1537,0.054,0.1321,0,0,0,7,0
TXN001183,2464.19,53,47,0,1571.13,0.0933,0.1285,0.2379,1,0,0,14,0
TXN001184,3191.96,41,271,2,1854.3,0.0659,0.6764,0.1043,0,0,0,7,0
TXN001185,950.68,39,677,3,909.93,0.1097,0.3427,0.161,0,0,0,16,0
TXN001186,521.49,33,261,7,1672.54,0.1268,0.0658,0.1428,0,0,1,2,0
TXN001187,1870.6,25,323,6,988.45,0.0789,0.2283,0.14,0,0,1,13,0
TXN001188,492.57,49,383,3,805.1,0.2479,0.2959,0.07,1,0,1,5,0
TXN001189,2221.61,47,574,6,4138.01,0.2214,0.198,0.0268,0,0,0,21,0
TXN001190,116.96,18,357,2,214.58,0.2333,0.3246,0.098,0,0,0,12,0
TXN001191,1158.87,39,234,2,295.51,0.1244,0.2655,0.2405,0,0,0,21,0
TXN001192,1826.56,32,224,1,1433.52,0.1578,0.4345,0.283,0,0,0,15,0
TXN001193,513.69,26,87,5,910.97,0.2522,0.638,0.2875,1,0,0,0,1
TXN001194,275.4,54,230,7,401.06,0.1522,0.2813,0.0629,0,0,0,3,0
TXN001195,523.94,45,599,4,524.15,0.0589,0.1427,0.1234,1,0,0,7,0
TXN001196,773.74,50,210,2,574.16,0.1404,0.4079,0.288,0,0,0,9,0
TXN001197,2388.08,55,183,2,2048.03,0.0514,0.164,0.104,0,0,0,3,0
TXN001198,1537.56,69,335,7,2562.37,0.0552,0.1674,0.0188,0,1,0,16,0
TXN001199,4113.89,59,74,4,3455.4,0.1322,0.1136,0.3271,0,1,0,14,0
TXN001200,257.63,50,37,4,360.57,0.1148,0.158,0.1173,1,0,0,12,0
TXN001201,749.06,63,526,3,421.16,0.0229,0.2367,0.0668,1,0,0,7,0
TXN001202,414.07,42,138,23,401.44,0.3091,0.3485,0.1706,0,0,0,1,1
TXN001203,1780.35,69,122,23,2703.22,0.1834,0.181,0.2354,0,0,0,18,1
TXN001204,2145.19,57,834,3,1468.59,0.1221,0.1079,0.0383,0,0,0,12,0
TXN001205,1432.14,51,978,3,1159.96,0.4613,0.1412,0.2556,0,0,0,16,0
TXN001206,991.84,64,284,2,1287.86,0.0817,0.564,0.0504,0,0,0,7,0
TXN001207,1574.68,44,401,6,1053.9,0.3332,0.1681,0.0995,0,0,0,3,0
TXN001208,707.13,55,1368,2,500.3,0.2458,0.5531,0.296,0,0,0,14,0
TXN001209,3041.86,32,206,4,1570.61,0.2596,0.1278,0.2409,0,0,0,5,0
TXN001210,1422.65,68,800,3,962.66,0.0257,0.2196,0.2674,1,0,0,3,0
TXN001211,420.78,50,533,1,473.32,0.1444,0.1937,0.1259,0,0,0,4,0
TXN001212,646.91,58,1213,4,1639.26,0.2029,0.1147,0.2419,0,0,1,8,1
TXN001213,901.99,41,103,1,813.99,0.2137,0.1546,0.2177,0,0,0,15,0
TXN001214,1551.89,63,662,5,1285.93,0.3874,0.2164,0.1029,0,0,0,22,0
TXN001215,1033.47,21,69,2,1004.77,0.3664,0.4606,0.3365,0,0,0,2,1
TXN001216,390.72,23,660,3,2046.66,0.3315,0.0883,0.2463,0,0,0,12,0
TXN001217,1858.4,44,156,4,1279.36,0.0643,0.3687,0.3175,1,0,0,7,0
TXN001218,357.73,56,23,3,590.76,0.0945,0.1989,0.179,0,0,0,1,0
TXN001219,2003.3,60,709,4,1373.89,0.1795,0.3228,0.2828,1,1,0,21,0
TXN001220,3581.94,40,21,5,1405.69,0.4799,0.1703,0.0193,0,0,0,1,0
TXN001221,1364.98,51,751,3,1568.59,0.4156,0.296,0.1809,0,0,0,17,0
TXN001222,2882.11,46,86,4,2264.51,0.2895,0.0453,0.1315,1,0,0,9,0
TXN001223,725.48,67,334,3,712.52,0.2339,0.0706,0.0822,0,0,0,6,0
TXN001224,2337.01,52,13,3,1750.32,0.054,0.0179,0.3069,0,0,0,5,0
TXN001225,347.07,39,31,1,327.87,0.0907,0.2569,0.0464,0,0,1,14,0
TXN001226,758.75,68,118,7,1008.29,0.3811,0.2603,0.1843,0,0,0,1,0
TXN001227,550.06,23,180,1,904.82,0.1591,0.2082,0.1647,0,1,0,16,0
TXN001228,7246.31,69,77,5,3021.45,0.0563,0.1944,0.2445,1,0,0,13,0
TXN001229,1251.09,26,48,6,982.96,0.2646,0.4022,0.1544,0,0,0,23,0
TXN001230,2650.16,32,61,11,1678.39,0.2365,0.0226,0.6304,0,0,0,3,1
TXN001231,397.92,60,268,2,319.5,0.065,0.2263,0.0824,0,0,0,14,0
TXN001232,1466.22,56,23,0,857.28,0.3588,0.0888,0.1756,0,0,0,21,0
TXN001233,370.47,68,970,0,606.41,0.1666,0.1553,0.1865,0,0,0,23,0
TXN001234,6493.83,56,994,5,6203.43,0.0922,0.0959,0.0223,0,0,0,1,0
TXN001235,908.01,51,26,4,687.62,0.2462,0.2114,0.2794,0,0,0,19,0
TXN001236,2350.22,36,495,5,1154.35,0.1394,0.071,0.3062,0,1,1,20,0
TXN001237,5212.4,18,462,5,1198.23,0.5672,0.2226,0.089,0,0,0,0,1
TXN001238,451.01,24,324,4,360.45,0.4961,0.1391,0.2008,0,0,0,18,1
TXN001239,527.51,33,114,3,758.83,0.3981,0.1863,0.2246,1,0,0,10,1
TXN001240,754.26,20,326,2,1455.84,0.0281,0.1732,0.2991,0,0,0,15,0
TXN001241,707.94,44,769,26,1164.45,0.052,0.1421,0.1536,0,1,0,20,1
TXN001242,143.16,58,137,3,219.14,0.2106,0.0896,0.3482,0,0,0,10,0
TXN001243,149.53,68,628,2,737.38,0.2223,0.0578,0.1953,1,0,0,18,0
TXN001244,1545.29,43,249,0,2240.77,0.3368,0.1586,0.3986,0,0,0,22,1
TXN001245,2455.2,63,891,2,1655.33,0.0963,0.3293,0.3337,0,0,0,7,0
TXN001246,2681.4,69,384,6,2572.47,0.1137,0.2191,0.0795,0,0,0,12,0
TXN001247,477.14,62,697,2,550.07,0.0578,0.1041,0.2986,0,1,0,13,0
TXN001248,1101.66,42,1213,5,2688.26,0.2059,0.2933,0.4116,0,0,0,9,0
TXN001249,1894.37,34,227,2,1063.07,0.1862,0.0915,0.1183,0,0,0,3,0
TXN001250,4429.55,68,452,2,3342.77,0.4348,0.2726,0.1626,0,0,0,13,0
TXN001251,1091.38,30,1420,7,1099.17,0.3532,0.3299,0.2217,1,0,0,13,0
TXN001252,77.9,39,2231,2,261.59,0.0744,0.0628,0.154,1,1,0,11,0
TXN001253,1517.1,21,332,5,1987.19,0.085,0.1287,0.0214,0,0,0,19,0
TXN001254,1020.54,59,1149,4,803.95,0.0943,0.4267,0.2559,0,1,0,13,0
TXN001255,829.59,51,183,6,842.72,0.3315,0.0943,0.0718,0,0,0,11,1
TXN001256,440.72,22,206,3,396.56,0.1549,0.0815,0.0767,0,0,0,10,0
TXN001257,4976.76,29,1111,0,3413.66,0.2418,0.1224,0.1995,0,0,0,3,0
TXN001258,829.1,46,399,7,761.45,0.116,0.166,0.0704,0,0,0,3,0
TXN001259,4721.33,46,717,4,3302.8,0.1654,0.0524,0.1385,0,0,0,5,0
TXN001260,509.88,59,185,2,810.89,0.1764,0.1438,0.2423,0,0,0,1,0
TXN001261,292.38,31,658,0,572.82,0.1403,0.021,0.6568,0,0,0,10,0
TXN001262,3591.12,66,771,1,2761.89,0.1926,0.2988,0.2328,1,0,1,20,0
TXN001263,1516.24,41,198,6,1041.76,0.2241,0.0406,0.4054,0,0,0,18,0
TXN001264,1395.4,60,289,2,1048.9,0.1058,0.0588,0.3961,0,0,0,2,0
TXN001265,480.7,30,163,1,447.14,0.2426,0.1964,0.0818,0,1,0,8,0
TXN001266,666.1,19,878,2,796.05,0.0566,0.2105,0.1598,0,1,0,8,0
TXN001267,1662.59,20,484,3,1480.43,0.1787,0.2846,0.4152,0,0,0,23,0
TXN001268,544.13,37,73,5,441.67,0.0651,0.1007,0.2569,0,0,0,1,0
TXN001269,957.43,67,1254,3,751.93,0.346,0.1904,0.3377,0,0,1,19,0
TXN001270,3427.6,20,427,5,817.04,0.2223,0.3473,0.5044,0,0,0,7,0
TXN001271,692.33,37,201,5,1148.84,0.0989,0.116,0.1113,0,0,0,0,0
TXN001272,18214.77,23,397,19,3089.28,0.2266,0.0501,0.5915,0,0,0,21,1
TXN001273,445.31,66,97,5,888.94,0.2561,0.2695,0.3148,0,1,0,15,0
TXN001274,836.12,53,152,3,676.31,0.1369,0.1863,0.1411,0,1,0,10,0
TXN001275,3886.62,57,787,3,7498.51,0.346,0.1385,0.0419,1,0,0,20,0
TXN001276,958.34,55,150,5,809.79,0.0214,0.1025,0.0936,0,0,0,22,0
TXN001277,1646.99,52,1581,0,959.62,0.2814,0.2663,0.1409,0,0,0,13,0
TXN001278,869.07,58,109,4,853.64,0.1133,0.1187,0.0768,0,0,0,11,0
TXN001279,1542.96,18,905,3,903.49,0.2077,0.2228,0.3053,0,0,0,17,0
TXN001280,917.27,63,919,5,1157.98,0.1989,0.2618,0.1128,0,1,0,1,0
TXN001281,676.64,56,516,22,2089.24,0.1485,0.2584,0.2247,0,0,0,2,1
TXN001282,2053.87,56,104,6,1455.04,0.1742,0.3005,0.007,0,0,0,1,0
TXN001283,2370.41,38,190,2,2330.8,0.1153,0.4958,0.284,1,0,0,7,0
TXN001284,1749.41,59,301,2,2277.47,0.2305,0.1636,0.1699,0,0,0,0,0
TXN001285,1012.5,37,616,5,1269.0,0.0946,0.0979,0.1412,0,0,1,20,0
TXN001286,1784.76,20,1626,0,1427.13,0.1828,0.3702,0.0809,1,0,0,16,0
TXN001287,1522.52,65,465,3,2383.0,0.2275,0.3096,0.2439,0,0,0,15,0
TXN001288,619.27,30,489,5,503.79,0.3159,0.3154,0.3787,0,1,0,4,0
TXN001289,12118.62,23,632,3,6302.79,0.1222,0.139,0.3078,0,0,0,7,0
TXN001290,2378.51,50,249,1,766.01,0.2625,0.0397,0.0998,0,0,0,1,0
TXN001291,1857.18,30,104,4,857.76,0.1317,0.2604,0.1411,0,1,0,22,0
TXN001292,513.18,62,962,4,469.5,0.157,0.2358,0.336,1,1,0,15,0
TXN001293,552.37,41,1702,5,479.38,0.0381,0.2394,0.0887,0,0,0,21,0
TXN001294,1740.08,18,706,1,2168.57,0.3101,0.0939,0.0679,0,0,0,13,0
TXN001295,4159.01,67,135,1,5372.97,0.1138,0.2642,0.1675,0,0,0,10,0
TXN001296,1191.0,44,423,22,737.25,0.1095,0.146,0.0631,0,0,0,23,1
TXN001297,1180.85,31,483,1,1398.45,0.0918,0.0861,0.1909,0,0,0,21,1
TXN001298,1564.73,53,229,2,1279.36,0.0409,0.1037,0.1058,1,0,0,13,1
TXN001299,1300.87,45,463,24,2208.73,0.1989,0.3304,0.2508,1,0,0,15,1
TXN001300,11012.34,19,1491,1,5182.8,0.1617,0.2243,0.2971,0,1,1,8,0
TXN001301,2663.32,57,288,4,3180.14,0.2562,0.0202,0.0433,0,0,0,21,0
TXN001302,1688.05,38,317,3,927.91,0.4241,0.4105,0.2071,1,1,0,21,1
TXN001303,1078.19,54,489,0,1587.85,0.1358,0.4134,0.1651,0,0,0,23,0
TXN001304,1122.65,64,298,3,1702.14,0.3413,0.0786,0.2714,0,0,0,15,0
TXN001305,2244.76,49,786,26,1081.32,0.2038,0.2905,0.1397,0,0,0,15,1
TXN001306,360.88,52,229,5,509.2,0.1168,0.0772,0.2753,1,0,0,15,0
TXN001307,264.68,31,434,2,626.94,0.1184,0.2254,0.1042,0,0,0,15,0
TXN001308,1382.63,30,662,2,2449.67,0.3511,0.275,0.2818,0,0,0,3,0
TXN001309,4217.95,39,114,4,2633.1,0.2586,0.0436,0.0637,0,0,0,7,0
TXN001310,1440.93,62,315,4,948.33,0.0917,0.419,0.1121,0,0,0,19,0
TXN001311,865.55,45,278,1,1316.51,0.2015,0.1912,0.1699,0,0,0,4,0
TXN001312,1791.2,36,251,4,2535.34,0.2194,0.2515,0.0926,1,0,0,16,0
TXN001313,481.63,58,215,2,332.62,0.0514,0.2124,0.3442,0,0,0,14,1
TXN001314,1654.59,62,83,2,802.36,0.079,0.4577,0.1659,0,0,0,6,1
TXN001315,4335.84,64,527,1,4503.05,0.2809,0.2223,0.2084,1,0,0,6,0
TXN001316,1834.17,33,48,4,1352.24,0.0731,0.3305,0.1392,0,0,0,21,0
TXN001317,804.27,54,950,2,497.48,0.0367,0.4663,0.0894,0,0,0,1,0
TXN001318,3890.33,48,182,2,1190.46,0.092,0.1416,0.2076,0,0,0,2,0
TXN001319,1187.21,41,155,1,2241.73,0.1109,0.1131,0.2436,0,1,0,2,0
TXN001320,127.69,38,175,25,184.46,0.0203,0.2268,0.1495,0,0,0,17,1
TXN001321,939.02,23,1079,2,1240.66,0.4926,0.0975,0.3188,0,0,0,19,0
TXN001322,1332.01,32,188,5,844.98,0.1813,0.2171,0.0965,0,0,0,13,0
TXN001323,302.49,46,359,2,347.44,0.1234,0.1587,0.4212,0,0,0,11,1
TXN001324,1378.96,64,54,3,1161.36,0.2978,0.1379,0.3618,0,0,0,13,0
TXN001325,1065.8,63,823,2,996.71,0.3034,0.0921,0.1456,0,0,0,6,0
TXN001326,1079.33,27,974,2,1078.3,0.034,0.2249,0.1593,0,0,0,6,0
TXN001327,911.68,53,17,3,859.39,0.5235,0.0318,0.0426,0,0,0,15,1
TXN001328,945.31,22,164,13,536.5,0.1333,0.513,0.4529,0,0,0,6,0
TXN001329,232.25,53,84,2,396.09,0.1844,0.0755,0.0268,1,0,1,10,0
TXN001330,623.2,35,1708,4,676.22,0.1848,0.5326,0.0573,0,0,0,7,0
TXN001331,1025.64,41,111,3,2001.15,0.1299,0.3604,0.1033,0,0,0,22,0
TXN001332,1462.28,55,613,2,1290.97,0.2126,0.1828,0.022,1,0,0,13,0
TXN001333,938.27,40,705,1,1044.8,0.4859,0.108,0.3143,1,0,0,15,0
TXN001334,953.6,59,1197,1,529.62,0.2334,0.3181,0.4718,0,0,0,15,0
TXN001335,841.85,45,207,0,844.09,0.2859,0.2205,0.0811,0,0,0,9,0
TXN001336,1439.28,69,55,22,1837.22,0.0698,0.07,0.1388,0,0,0,4,0
TXN001337,1363.29,51,37,3,1561.42,0.3728,0.2076,0.147,0,0,0,5,0
TXN001338,2026.05,33,417,2,785.22,0.2242,0.1959,0.0902,0,1,0,0,0
TXN001339,74.33,58,537,2,176.27,0.0667,0.2085,0.2147,1,0,0,5,0
TXN001340,484.19,39,229,4,683.76,0.0654,0.0815,0.1283,0,0,0,2,0
TXN001341,797.85,45,454,1,782.2,0.0193,0.1962,0.1442,0,0,0,14,0
TXN001342,409.52,25,355,1,581.16,0.0764,0.207,0.2784,0,0,0,13,0
TXN001343,1075.62,24,258,2,821.21,0.0241,0.309,0.355,0,0,0,7,0
TXN001344,1882.81,47,506,2,1942.22,0.0203,0.0127,0.061,0,0,1,19,0
TXN001345,1229.9,27,55,1,1068.37,0.0817,0.265,0.3199,0,0,0,17,0
TXN001346,2339.27,69,87,4,2192.48,0.1484,0.1465,0.3111,0,0,0,19,0
TXN001347,360.49,62,546,2,381.51,0.1097,0.2594,0.3592,0,0,1,5,1
TXN001348,435.5,54,1872,14,885.77,0.1236,0.2736,0.1135,0,0,0,3,1
TXN001349,310.92,56,470,1,282.22,0.2806,0.0593,0.1634,0,1,0,0,0
TXN001350,308.44,48,258,4,813.54,0.0839,0.0241,0.178,0,0,0,8,0
TXN001351,364.48,21,663,22,527.44,0.4518,0.1189,0.2027,0,0,0,1,1
TXN001352,3519.03,38,1949,2,2688.87,0.2113,0.0333,0.1075,1,0,0,1,0
TXN001353,2810.52,43,178,2,1460.89,0.0616,0.178,0.1466,0,0,0,8,0
TXN001354,8123.85,65,179,2,2231.39,0.0766,0.0589,0.0986,0,0,0,5,0
TXN001355,641.57,29,2,6,811.96,0.4846,0.1344,0.2731,0,0,0,12,0
TXN001356,333.75,43,214,2,537.11,0.1919,0.3234,0.2201,0,0,0,4,1
TXN001357,700.06,35,45,4,525.27,0.1283,0.0976,0.1459,0,1,0,22,0
TXN001358,3693.35,24,1071,2,1320.56,0.0858,0.2079,0.0329,0,0,0,1,0
TXN001359,9046.4,23,1382,6,3893.69,0.1811,0.2043,0.2528,0,0,0,17,0
TXN001360,828.3,36,67,3,1463.62,0.0551,0.2986,0.2012,0,0,0,9,0
TXN001361,780.85,22,1892,4,843.59,0.1544,0.3609,0.3054,0,0,0,10,0
TXN001362,1533.89,21,332,5,960.89,0.1358,0.4147,0.0369,0,1,0,17,0
TXN001363,1779.22,36,9,3,1072.87,0.1106,0.0763,0.1756,0,0,0,2,1
TXN001364,6274.03,28,1231,2,4530.78,0.1072,0.358,0.3141,0,0,0,21,0
TXN001365,2031.87,46,216,2,2600.67,0.3097,0.1512,0.1169,0,0,1,6,0
TXN001366,1812.75,18,818,4,1315.5,0.1425,0.2606,0.1531,0,0,0,1,0
TXN001367,1974.27,33,207,4,1184.19,0.0077,0.3002,0.1026,0,0,0,2,0
TXN001368,809.92,41,121,1,1352.28,0.2132,0.3,0.5069,0,0,0,16,1
TXN001369,3221.57,68,380,3,1549.97,0.0979,0.1316,0.0335,0,0,0,15,0
TXN001370,1417.06,50,75,5,821.2,0.1741,0.3354,0.1166,0,0,0,3,0
TXN001371,403.86,63,664,1,607.37,0.3439,0.1512,0.401,0,0,0,21,0
TXN001372,3756.54,35,791,2,2258.72,0.0265,0.5632,0.2328,0,1,1,20,0
TXN001373,1741.67,41,112,3,1113.64,0.0511,0.3443,0.1078,0,1,0,13,0
TXN001374,3402.42,39,623,2,2130.49,0.0654,0.3161,0.1493,0,0,0,7,0
TXN001375,8259.31,64,549,2,3471.39,0.1662,0.0393,0.0759,0,0,1,18,0
TXN001376,1569.76,67,1438,16,1578.82,0.2292,0.1386,0.2783,0,0,0,6,0
TXN001377,1691.41,68,49,2,1409.49,0.3035,0.1374,0.4418,0,0,0,6,0
TXN001378,2413.59,57,88,3,10302.79,0.3697,0.2016,0.2034,0,0,0,20,0
TXN001379,2341.66,44,210,1,1267.64,0.0257,0.3732,0.2478,0,0,1,8,0
TXN001380,895.51,46,99,1,511.13,0.0807,0.2219,0.1837,0,0,0,16,0
TXN001381,1898.77,68,235,8,900.67,0.1001,0.5552,0.0641,1,0,0,8,0
TXN001382,1941.09,32,39,5,3249.25,0.1545,0.0922,0.3034,0,0,0,1,0
TXN001383,752.35,36,682,3,443.23,0.3389,0.2298,0.1645,0,1,0,5,0
TXN001384,1134.1,64,543,31,647.6,0.2498,0.5332,0.0281,0,0,0,7,1
TXN001385,1663.19,38,288,0,2379.15,0.1299,0.0922,0.4136,1,0,0,14,0
TXN001386,1620.75,30,1281,1,906.75,0.37,0.443,0.1103,0,0,0,7,0
TXN001387,1309.63,47,2344,6,1015.19,0.3505,0.0379,0.1648,0,0,0,20,0
TXN001388,913.66,34,242,3,2324.73,0.2285,0.1286,0.3965,0,1,0,19,0
TXN001389,915.7,64,1250,4,663.96,0.2033,0.0117,0.0886,0,0,0,9,0
TXN001390,257.24,65,261,3,392.28,0.0846,0.1799,0.1319,0,0,0,2,0
TXN001391,165.01,33,760,2,414.79,0.1951,0.0779,0.1748,0,0,0,20,0
TXN001392,2015.96,45,803,3,1647.88,0.1817,0.135,0.1856,0,0,0,0,1
TXN001393,1268.34,69,197,2,1314.74,0.186,0.2343,0.2542,0,0,0,4,0
TXN001394,1461.62,56,490,2,675.33,0.286,0.1916,0.051,0,1,0,13,0
TXN001395,538.5,29,219,3,487.28,0.1235,0.3041,0.1049,0,0,0,13,0
TXN001396,1392.4,48,657,26,907.41,0.1684,0.1756,0.1614,0,0,0,15,1
TXN001397,3169.75,50,237,7,2396.01,0.1087,0.2486,0.0958,0,1,0,3,0
TXN001398,1071.11,51,72,7,610.9,0.1145,0.1777,0.1013,0,0,0,19,0
TXN001399,423.52,19,808,4,689.61,0.1098,0.1644,0.2459,0,0,0,18,0
TXN001400,531.57,33,661,7,476.58,0.1157,0.1547,0.0819,0,0,0,2,0
TXN001401,784.78,62,776,2,847.94,0.1176,0.2762,0.1314,1,0,0,20,0
TXN001402,1990.58,30,589,7,1389.44,0.4659,0.0334,0.2825,1,0,0,20,0
TXN001403,5548.68,33,781,6,4820.43,0.2004,0.2056,0.1704,0,0,0,7,0
TXN001404,911.17,34,109,2,1277.23,0.1933,0.2234,0.347,0,0,0,9,0
TXN001405,877.05,27,686,2,1056.19,0.5671,0.3112,0.3587,0,0,1,6,0
TXN001406,4967.8,26,118,3,2006.32,0.202,0.2529,0.1641,0,0,0,16,0
TXN001407,703.07,36,450,1,1785.32,0.2075,0.0845,0.1179,1,0,0,9,0
TXN001408,1081.16,63,469,2,731.9,0.1339,0.0502,0.1186,0,0,0,18,0
TXN001409,10875.17,18,192,4,5494.17,0.156,0.0629,0.1187,0,0,0,21,0
TXN001410,1482.21,32,481,3,1078.07,0.0193,0.1428,0.045,0,1,0,7,0
TXN001411,3825.78,21,682,3,1293.96,0.0558,0.0469,0.1784,0,0,0,11,0
TXN001412,2703.03,47,349,5,1613.15,0.0864,0.1628,0.2745,1,0,0,18,0
TXN001413,1725.68,31,62,6,1397.04,0.4842,0.2748,0.3424,0,0,0,11,0
TXN001414,2467.79,59,142,1,3190.01,0.1807,0.039,0.2511,0,0,0,1,0
TXN001415,905.54,48,710,6,725.65,0.0459,0.3081,0.189,0,0,0,13,0
TXN001416,2760.85,58,293,1,1897.64,0.124,0.2242,0.3462,1,0,0,13,0
TXN001417,1232.9,51,226,3,1230.53,0.079,0.022,0.049,0,0,0,14,0
TXN001418,1450.05,40,1114,1,2181.8,0.1361,0.1791,0.4225,0,0,0,13,0
TXN001419,486.48,62,253,0,943.42,0.178,0.0532,0.3955,0,0,0,2,0
TXN001420,950.21,42,1635,5,858.09,0.1378,0.0236,0.1576,0,1,0,22,0
TXN001421,811.01,67,551,1,1830.7,0.2969,0.0067,0.1565,0,0,0,22,0
TXN001422,1087.08,69,969,24,1408.94,0.0334,0.2215,0.2006,0,0,0,6,1
TXN001423,162.12,48,269,1,617.57,0.1376,0.2127,0.304,0,1,0,12,0
TXN001424,4447.46,53,826,6,2812.78,0.1431,0.074,0.256,0,1,0,22,0
TXN001425,3454.67,31,153,3,1831.25,0.1571,0.3144,0.3359,0,0,0,2,0
TXN001426,1087.33,60,177,5,1041.12,0.3977,0.1052,0.0596,0,0,0,22,0
TXN001427,2163.63,52,616,2,790.16,0.1322,0.0884,0.3481,0,0,0,3,0
TXN001428,2968.92,64,64,3,1415.01,0.2297,0.2008,0.1225,0,0,0,4,0
TXN001429,2267.02,31,214,4,1741.22,0.397,0.1943,0.1109,0,0,0,14,0
TXN001430,337.61,58,540,1,359.3,0.0552,0.1085,0.4819,1,0,0,20,0
TXN001431,1177.1,42,1337,4,1426.5,0.19,0.2308,0.3207,0,0,0,19,0
TXN001432,2359.39,27,132,3,1731.58,0.1101,0.4224,0.1685,1,0,1,13,0
TXN001433,195.51,26,862,1,211.3,0.1702,0.035,0.2379,0,0,0,13,0
TXN001434,1700.81,47,342,7,1258.07,0.4573,0.1363,0.2273,1,0,1,15,1
TXN001435,2511.35,34,2075,4,1783.31,0.6073,0.2299,0.1413,0,1,0,19,1
TXN001436,1451.49,23,1033,2,1646.84,0.1078,0.041,0.1703,0,0,0,18,0
TXN001437,3513.6,40,404,3,1923.14,0.2675,0.0553,0.2004,0,0,0,22,0
TXN001438,768.93,51,731,2,871.92,0.092,0.0429,0.2008,0,0,1,12,0
TXN001439,535.82,34,17,3,529.57,0.2805,0.0839,0.0444,0,0,0,5,0
TXN001440,181.73,67,928,1,311.12,0.0569,0.0853,0.2282,0,0,0,22,0
TXN001441,2029.85,58,169,2,2355.61,0.1624,0.2083,0.0414,0,0,0,7,0
TXN001442,5879.08,44,690,5,1793.9,0.0943,0.259,0.5851,0,0,0,3,0
TXN001443,1514.33,66,407,2,2484.79,0.159,0.2485,0.1482,0,1,0,16,0
TXN001444,839.78,40,200,3,660.11,0.1791,0.0327,0.0964,0,0,0,14,0
TXN001445,1499.24,25,1230,4,1925.01,0.0192,0.1179,0.031,0,0,0,19,0
TXN001446,113.35,19,10,3,383.03,0.2865,0.1741,0.2014,0,0,0,9,0
TXN001447,811.42,66,257,2,596.66,0.3284,0.2245,0.1469,0,0,0,12,0
TXN001448,882.11,67,190,0,1197.73,0.2918,0.42,0.2867,0,0,0,18,0
TXN001449,2079.16,56,132,3,1744.54,0.073,0.2959,0.0805,1,0,1,17,0
TXN001450,6122.06,23,430,4,3552.15,0.2108,0.2354,0.1782,1,1,0,3,0
TXN001451,1054.67,33,430,3,927.0,0.2165,0.0316,0.214,0,0,0,5,0
TXN001452,716.62,20,377,5,598.23,0.154,0.1722,0.1975,1,0,0,6,0
TXN001453,358.03,20,515,1,577.09,0.5489,0.2606,0.1683,0,0,0,13,0
TXN001454,999.51,30,152,1,677.57,0.3051,0.0246,0.0897,0,0,0,5,0
TXN001455,4676.91,47,1462,3,5191.19,0.167,0.1608,0.3768,0,0,1,4,0
TXN001456,620.59,21,29,6,1862.75,0.1529,0.2293,0.0086,0,0,0,20,0
TXN001457,3765.95,69,1218,5,2389.34,0.0679,0.2028,0.2367,1,0,0,16,0
TXN001458,1729.95,41,33,1,927.7,0.302,0.2675,0.1777,0,0,0,5,0
TXN001459,2473.68,31,197,3,1095.37,0.1688,0.3047,0.4255,0,0,0,19,0
TXN001460,5904.31,44,309,1,1789.13,0.1165,0.4218,0.0845,0,0,0,15,0
TXN001461,1177.78,59,102,2,769.65,0.2668,0.1281,0.1621,0,0,0,13,0
TXN001462,1186.51,34,272,0,894.34,0.2329,0.0659,0.3697,0,1,1,11,0
TXN001463,1246.45,20,244,4,683.83,0.2915,0.0719,0.1284,1,0,0,22,0
TXN001464,492.21,20,569,5,801.72,0.1944,0.1212,0.1459,0,0,0,6,0
TXN001465,452.46,62,221,3,1134.88,0.1739,0.2662,0.2843,0,0,0,9,1
TXN001466,474.59,23,290,3,616.96,0.0202,0.241,0.4583,1,0,0,2,0
TXN001467,2704.49,51,180,1,1339.68,0.1765,0.3951,0.0754,0,0,0,12,0
TXN001468,930.39,37,2034,4,1338.37,0.3858,0.1973,0.2108,0,0,0,4,0
TXN001469,1249.64,58,116,2,967.32,0.0909,0.2978,0.1518,0,0,0,2,0
TXN001470,842.26,21,288,3,614.48,0.3771,0.1283,0.0954,0,0,0,13,0
TXN001471,1349.95,64,446,4,1180.24,0.1067,0.2441,0.1485,0,0,0,3,0
TXN001472,381.41,54,213,4,770.14,0.2839,0.2474,0.1272,0,0,0,4,0
TXN001473,1368.0,41,11,1,1132.99,0.1366,0.06,0.342,0,0,0,14,0
TXN001474,1875.88,28,392,7,2365.37,0.0338,0.0962,0.4795,1,0,0,19,0
TXN001475,1163.88,68,285,4,456.2,0.1113,0.476,0.3395,0,0,0,23,0
TXN001476,9383.65,33,8,3,5021.28,0.2512,0.4543,0.1763,0,0,0,6,0
TXN001477,842.84,43,385,27,1042.35,0.345,0.1752,0.1677,0,1,0,2,1
TXN001478,3863.94,38,140,2,1463.06,0.2806,0.3163,0.0948,0,0,1,10,0
TXN001479,782.2,29,596,3,647.47,0.1065,0.1034,0.1946,0,0,0,1,0
TXN001480,972.77,39,20,3,2439.5,0.0773,0.0496,0.0842,0,0,0,22,0
TXN001481,961.98,25,257,6,1004.32,0.3607,0.048,0.1852,0,0,0,3,0
TXN001482,2045.75,18,147,1,832.24,0.3475,0.2797,0.3547,0,0,0,17,0
TXN001483,466.95,33,28,4,733.0,0.1437,0.0499,0.2067,0,0,0,14,0
TXN001484,875.26,23,975,3,908.74,0.2817,0.0533,0.1623,0,0,0,15,0
TXN001485,695.71,39,289,5,1469.74,0.0881,0.2448,0.0525,0,0,0,17,0
TXN001486,639.28,62,206,2,1237.65,0.3606,0.1399,0.2493,0,0,0,16,0
TXN001487,674.02,26,706,1,1066.46,0.2641,0.1009,0.4078,0,0,0,14,0
TXN001488,339.32,18,273,1,666.48,0.2577,0.286,0.1419,0,0,0,7,0
TXN001489,455.56,23,483,3,640.07,0.3633,0.1352,0.1478,0,0,0,3,0
TXN001490,2066.15,44,286,3,794.24,0.1729,0.3433,0.1008,0,0,0,16,0
TXN001491,1483.79,32,251,3,1513.52,0.1006,0.1495,0.241,1,0,0,12,0
TXN001492,2685.49,43,497,2,1743.38,0.0265,0.1547,0.018,0,0,0,10,0
TXN001493,3492.22,19,15,4,1915.88,0.3181,0.2756,0.066,0,0,0,7,0
TXN001494,595.46,35,279,4,1095.51,0.2627,0.1879,0.1674,0,0,0,20,1
TXN001495,907.92,39,1430,0,1434.39,0.3536,0.1185,0.0938,0,0,0,14,0
TXN001496,1485.17,40,64,2,974.66,0.1026,0.3282,0.2654,0,1,0,4,0
TXN001497,228.5,46,791,18,323.89,0.1562,0.1891,0.1542,0,1,0,0,1
TXN001498,1385.23,58,122,4,942.8,0.2588,0.3062,0.3056,0,0,0,23,0
TXN001499,2121.33,42,954,4,843.26,0.1101,0.123,0.1293,0,0,0,21,0
TXN001500,237.99,61,76,6,529.89,0.232,0.1582,0.0888,0,0,0,8,0
TXN001501,605.78,45,219,4,737.17,0.0454,0.2208,0.3355,0,0,0,22,0
TXN001502,1080.86,31,401,4,1205.4,0.3568,0.0881,0.2882,0,0,0,15,0
TXN001503,371.38,29,1784,2,496.08,0.0299,0.4086,0.2589,0,0,0,15,0
TXN001504,477.26,34,133,2,666.77,0.2578,0.089,0.1654,0,0,0,16,0
TXN001505,2472.2,49,648,3,3240.66,0.4523,0.1418,0.4188,0,0,0,18,0
TXN001506,354.15,30,210,3,357.13,0.3336,0.1202,0.216,1,0,0,9,0
TXN001507,1056.23,65,734,2,964.66,0.4433,0.5388,0.3807,0,0,1,14,1
TXN001508,818.9,42,475,21,484.73,0.1399,0.1125,0.1692,0,0,0,17,1
TXN001509,639.09,62,38,1,647.98,0.0085,0.1115,0.0666,0,0,0,11,1
TXN001510,1766.19,53,353,17,954.88,0.1147,0.1417,0.0781,0,0,0,1,1
TXN001511,396.71,35,70,1,549.33,0.1522,0.1167,0.1336,0,0,0,20,0
TXN001512,846.41,29,154,2,1638.85,0.4173,0.1081,0.1971,0,0,0,1,0
TXN001513,2387.95,56,385,1,2823.71,0.2345,0.2048,0.1808,0,0,0,1,0
TXN001514,2549.23,35,96,6,1976.68,0.1362,0.0945,0.6758,0,0,0,9,0
TXN001515,3606.47,30,1222,3,2246.73,0.0879,0.1902,0.2375,1,0,0,7,0
TXN001516,931.98,66,268,2,417.46,0.2873,0.0592,0.1328,0,0,0,23,0
TXN001517,1085.14,43,342,6,925.05,0.2961,0.2201,0.157,0,0,0,20,0
TXN001518,2301.6,20,359,3,1521.11,0.2308,0.264,0.1283,1,0,0,1,0
TXN001519,4284.09,43,225,5,2017.94,0.1048,0.028,0.1791,0,1,0,10,0
TXN001520,2437.58,41,200,3,3741.89,0.0684,0.062,0.1433,0,0,0,22,0
TXN001521,2064.72,62,452,5,2317.69,0.3108,0.0716,0.1114,0,0,0,15,0
TXN001522,9428.99,55,897,4,2054.0,0.3084,0.099,0.1585,0,0,0,19,0
TXN001523,11098.12,27,625,2,6929.32,0.0703,0.0787,0.0998,0,0,0,8,0
TXN001524,1553.56,25,92,16,1173.11,0.128,0.0659,0.2307,1,0,0,9,1
TXN001525,1464.38,49,1005,6,895.75,0.452,0.0663,0.2561,0,0,0,5,0
TXN001526,595.58,20,559,10,1241.59,0.1616,0.3378,0.027,0,0,0,5,0
TXN001527,404.93,34,977,3,577.94,0.0452,0.2688,0.092,1,0,0,20,0
TXN001528,658.91,25,192,5,1149.8,0.3002,0.1436,0.2082,1,0,0,21,0
TXN001529,412.17,19,1001,2,327.41,0.0454,0.132,0.0768,0,0,0,7,0
TXN001530,617.95,65,103,1,756.98,0.0332,0.1038,0.1837,1,1,1,6,0
TXN001531,1066.07,22,729,4,1011.58,0.1848,0.0655,0.2178,0,0,0,10,0
TXN001532,1796.66,18,277,4,2131.85,0.3914,0.1835,0.1218,0,0,0,13,0
TXN001533,975.78,66,2,28,2386.93,0.1766,0.254,0.132,1,0,0,23,1
TXN001534,908.87,27,1208,0,558.62,0.3196,0.4205,0.1597,0,1,0,15,0
TXN001535,1779.37,60,1028,5,4690.17,0.1319,0.2371,0.2674,0,0,0,21,0
TXN001536,815.38,19,105,3,1216.66,0.0424,0.0198,0.155,0,0,0,17,0
TXN001537,629.25,25,166,4,1297.29,0.4218,0.2563,0.236,0,0,0,13,0
TXN001538,217.84,23,649,4,353.4,0.384,0.1997,0.4217,0,0,0,15,0
TXN001539,793.92,54,643,7,710.49,0.1664,0.2192,0.3034,0,0,0,4,0
TXN001540,4510.39,50,590,2,2286.73,0.1223,0.0511,0.602,0,0,0,20,0
TXN001541,523.37,42,33,3,1235.02,0.1814,0.4016,0.1516,0,0,0,18,0
TXN001542,870.45,30,101,1,1182.6,0.1597,0.1082,0.0988,1,0,0,10,0
TXN001543,491.3,22,59,2,1285.65,0.1625,0.227,0.5087,0,0,0,14,0
TXN001544,286.23,47,321,3,399.32,0.1465,0.3984,0.1908,0,0,1,9,0
TXN001545,1066.26,29,11,3,1024.92,0.1168,0.2082,0.1327,0,0,0,22,1
TXN001546,4481.55,48,58,5,2939.02,0.3316,0.0901,0.3198,0,1,0,1,0
TXN001547,731.78,53,401,3,2346.54,0.1396,0.1734,0.0894,0,0,0,20,0
TXN001548,1359.9,62,70,8,1004.62,0.1121,0.3399,0.3627,0,0,0,23,0
TXN001549,1919.11,43,579,1,3276.62,0.2891,0.2652,0.0864,0,0,0,4,0
TXN001550,232.69,18,50,4,454.24,0.0562,0.1675,0.0938,0,0,0,9,0
TXN001551,576.47,32,1082,3,555.47,0.2529,0.3065,0.0839,1,0,0,17,0
TXN001552,5707.1,62,116,2,4042.16,0.155,0.3229,0.0503,0,0,1,14,0
TXN001553,1555.16,45,133,3,1643.5,0.5474,0.0943,0.2678,0,0,0,20,1
TXN001554,491.06,50,2,2,895.86,0.0074,0.1063,0.3098,1,1,0,7,0
TXN001555,997.98,41,618,4,1054.98,0.3196,0.2156,0.2475,0,0,1,22,0
TXN001556,418.43,26,280,6,623.51,0.243,0.1613,0.3294,0,0,0,5,0
TXN001557,1855.36,64,1994,17,1330.91,0.1833,0.0871,0.3458,0,0,0,15,0
TXN001558,2274.73,58,59,2,1259.12,0.2352,0.1508,0.3066,1,0,0,17,0
TXN001559,1939.57,69,864,4,1112.0,0.1445,0.2869,0.0619,0,0,0,1,0
TXN001560,481.69,62,92,4,486.95,0.3624,0.2606,0.1694,0,0,1,10,1
TXN001561,2447.43,33,440,5,1319.92,0.1048,0.4793,0.0313,0,0,0,17,0
TXN001562,431.73,31,169,4,756.98,0.2096,0.3875,0.1463,0,1,0,17,0
TXN001563,1466.15,30,306,2,549.94,0.1858,0.1337,0.2911,0,0,0,23,0
TXN001564,1513.38,65,64,6,2661.7,0.5472,0.2078,0.14,0,1,0,17,0
TXN001565,1639.65,46,479,4,5008.07,0.395,0.0418,0.1094,0,1,0,6,0
TXN001566,9052.75,41,238,5,4271.99,0.3235,0.2576,0.097,1,0,0,16,0
TXN001567,1169.71,68,1,0,1728.63,0.4459,0.1804,0.1695,0,0,0,13,1
TXN001568,970.97,49,149,4,910.59,0.0152,0.1447,0.4682,1,0,0,15,0
TXN001569,592.18,65,1,4,1043.93,0.1048,0.1141,0.096,0,0,0,12,0
TXN001570,5344.93,69,77,2,1456.69,0.095,0.1017,0.2756,0,0,0,18,0
TXN001571,2225.7,22,779,3,817.15,0.172,0.243,0.0528,0,0,1,21,0
TXN001572,6462.5,36,182,2,2760.5,0.2683,0.006,0.3021,0,0,0,4,0
TXN001573,276.88,56,596,3,263.75,0.4448,0.0058,0.326,0,0,0,9,0
TXN001574,1529.01,60,653,1,891.58,0.0531,0.0966,0.2979,0,0,0,13,0
TXN001575,1866.04,25,10,2,1921.29,0.0722,0.212,0.3436,1,0,0,1,0
TXN001576,1125.07,34,1242,2,606.91,0.1264,0.2468,0.2229,0,0,0,2,0
TXN001577,739.56,46,219,3,926.95,0.2118,0.2041,0.2973,0,0,0,20,0
TXN001578,3972.45,59,705,3,1661.62,0.1471,0.024,0.394,0,0,0,5,0
TXN001579,2463.43,23,217,2,3174.13,0.0146,0.1728,0.0855,1,0,0,19,1
TXN001580,366.22,49,191,2,443.3,0.2751,0.3443,0.2301,0,0,0,22,0
TXN001581,325.63,33,643,4,420.88,0.0505,0.0896,0.0402,0,0,1,5,0
TXN001582,628.68,29,1185,1,565.54,0.0737,0.1809,0.0112,0,0,0,6,0
TXN001583,301.94,44,361,4,373.8,0.0389,0.0691,0.1742,0,0,0,17,0
TXN001584,513.64,39,10,1,392.89,0.4189,0.1402,0.2048,0,0,0,9,0
TXN001585,426.07,51,306,2,555.09,0.2532,0.2741,0.2583,0,0,0,2,0
TXN001586,4017.36,34,151,5,2600.46,0.1521,0.0886,0.0441,0,0,0,21,0
TXN001587,2031.74,60,346,7,881.43,0.3045,0.1723,0.3054,0,0,0,8,0
TXN001588,1169.83,22,235,21,1120.98,0.242,0.3026,0.223,0,0,0,20,1
TXN001589,1903.13,62,118,4,561.82,0.2751,0.0543,0.144,0,1,1,19,1
TXN001590,3176.76,19,21,3,1708.68,0.1705,0.2733,0.3383,0,0,0,15,0
TXN001591,13214.43,56,8,4,4076.67,0.2462,0.0759,0.1636,1,0,0,6,0
TXN001592,569.64,36,543,2,589.14,0.4084,0.3254,0.2966,0,0,0,17,0
TXN001593,1470.74,37,200,4,3667.71,0.0879,0.1742,0.2068,0,0,0,21,0
TXN001594,959.8,18,1197,3,1415.3,0.2038,0.1336,0.0487,0,0,0,16,0
TXN001595,795.94,54,1449,2,1109.66,0.0842,0.1854,0.0379,0,0,0,1,0
TXN001596,859.13,26,587,3,1451.11,0.052,0.5024,0.1265,0,0,0,9,0
TXN001597,430.79,52,388,2,1441.4,0.2379,0.1568,0.2437,0,0,0,4,0
TXN001598,7069.39,55,139,3,4023.76,0.1458,0.1685,0.016,0,0,0,6,0
TXN001599,567.45,61,260,1,1578.38,0.2596,0.0422,0.2216,0,0,0,8,0
TXN001600,2669.53,54,364,3,1601.63,0.159,0.2181,0.1956,0,0,1,4,0
TXN001601,2716.24,33,966,25,816.44,0.0567,0.0728,0.109,0,0,0,20,1
TXN001602,1285.97,56,455,3,1973.09,0.3787,0.0822,0.2763,0,0,0,7,0
TXN001603,694.62,60,129,3,561.27,0.0842,0.1508,0.2835,0,1,0,9,0
TXN001604,950.56,34,224,2,1183.58,0.1501,0.4692,0.2506,0,0,0,12,0
TXN001605,13006.31,24,1467,5,8252.72,0.3721,0.2713,0.038,0,0,1,0,0
TXN001606,98.51,64,111,4,190.01,0.1558,0.1438,0.3032,0,0,0,19,0
TXN001607,1200.77,25,619,3,1291.04,0.2414,0.2324,0.074,0,0,0,1,0
TXN001608,2457.22,48,76,4,1326.28,0.229,0.0255,0.2504,0,0,0,21,0
TXN001609,910.01,30,87,5,934.8,0.1193,0.3084,0.5006,1,1,0,0,0
TXN001610,388.03,24,1024,3,950.36,0.2903,0.3339,0.1034,0,0,0,1,0
TXN001611,2314.38,58,273,4,1169.1,0.2658,0.1119,0.2794,0,0,0,20,0
TXN001612,450.7,25,295,0,919.29,0.2204,0.2051,0.1191,0,0,0,14,0
TXN001613,1337.68,52,178,3,1280.99,0.2687,0.3475,0.299,0,0,0,23,0
TXN001614,1073.98,54,212,4,779.52,0.0372,0.2516,0.1016,0,0,0,22,0
TXN001615,4825.13,21,263,1,4517.32,0.0775,0.1135,0.1857,0,0,0,8,0
TXN001616,3711.46,26,113,4,919.28,0.1346,0.3595,0.0655,0,0,0,19,0
TXN001617,2446.28,59,97,0,1633.9,0.2751,0.2164,0.156,0,0,1,0,0
TXN001618,614.24,44,693,1,686.55,0.2651,0.1633,0.1815,0,0,0,12,0
TXN001619,2935.59,24,177,2,2107.38,0.4652,0.0828,0.0885,0,0,0,11,0
TXN001620,2056.78,69,280,3,1832.48,0.1156,0.0562,0.1836,0,0,0,3,0
TXN001621,1507.01,31,1432,1,1470.68,0.1791,0.1598,0.1134,0,0,0,23,0
TXN001622,610.91,18,14,2,534.25,0.1116,0.4507,0.3397,1,0,0,18,0
TXN001623,510.08,66,139,1,647.63,0.0322,0.2078,0.2182,0,0,0,11,0
TXN001624,4013.49,18,326,2,3570.0,0.1144,0.0221,0.1068,0,0,1,23,0
TXN001625,486.65,46,921,2,642.63,0.1966,0.4505,0.1977,0,0,0,0,0
TXN001626,605.3,69,701,3,1717.51,0.1822,0.0484,0.023,0,0,0,2,0
TXN001627,1059.81,48,966,2,566.08,0.0163,0.0611,0.2699,0,0,0,20,0
TXN001628,1627.62,48,145,4,2221.35,0.052,0.1104,0.2066,0,0,0,15,0
TXN001629,733.1,38,352,5,678.25,0.4331,0.1496,0.1801,0,0,0,0,0
TXN001630,367.8,24,1167,4,558.79,0.1676,0.4419,0.1794,0,0,1,3,0
TXN001631,445.74,47,817,1,666.05,0.4752,0.1915,0.0819,0,0,0,4,0
TXN001632,420.27,64,311,2,744.22,0.2673,0.0879,0.1041,0,0,0,0,0
TXN001633,2452.43,22,40,0,1455.74,0.2383,0.4056,0.0399,0,0,0,12,0
TXN001634,2214.8,63,392,3,1151.21,0.2364,0.0169,0.2201,0,0,1,5,0
TXN001635,516.8,39,8,3,509.48,0.364,0.1223,0.2764,0,0,0,23,0
TXN001636,800.53,45,749,3,1075.39,0.1853,0.1832,0.3938,0,0,0,4,0
TXN001637,194.1,26,1210,5,492.53,0.2036,0.5579,0.149,0,0,0,0,0
TXN001638,2665.05,50,615,6,1720.71,0.4077,0.0584,0.1791,0,0,0,8,0
TXN001639,1348.47,27,142,5,1956.34,0.1943,0.0307,0.1169,0,0,0,12,0
TXN001640,583.32,32,296,6,1078.4,0.3837,0.0351,0.1038,0,0,0,0,0
TXN001641,1347.83,55,326,2,1326.31,0.0456,0.1958,0.4803,0,1,0,21,0
TXN001642,3111.06,20,193,1,3738.68,0.1524,0.1627,0.3627,0,0,0,20,0
TXN001643,426.13,41,924,2,982.09,0.3094,0.3381,0.261,0,0,0,19,0
TXN001644,264.97,48,192,4,566.24,0.084,0.1225,0.1544,1,0,0,7,0
TXN001645,1979.37,24,870,5,1644.9,0.0942,0.099,0.341,0,0,0,16,0
TXN001646,346.03,33,356,6,496.28,0.2696,0.2164,0.1079,0,0,0,4,0
TXN001647,1252.93,35,60,0,946.34,0.1917,0.3894,0.448,0,0,0,15,0
TXN001648,781.57,52,976,2,721.05,0.2149,0.4626,0.1346,1,0,0,20,0
TXN001649,1193.77,68,310,0,670.97,0.1886,0.301,0.3807,0,0,0,15,0
TXN001650,582.46,61,46,1,920.52,0.0887,0.2693,0.3494,0,0,0,1,0
TXN001651,2340.03,27,976,4,2058.89,0.0248,0.1865,0.156,0,0,0,17,0
TXN001652,3377.93,18,672,1,2377.89,0.3605,0.2057,0.0399,0,0,0,6,0
TXN001653,1486.12,20,145,7,2097.17,0.1129,0.3143,0.0745,0,0,0,5,0
TXN001654,2579.65,48,245,5,1387.76,0.1308,0.2844,0.3444,1,1,0,16,0
TXN001655,366.19,26,1125,4,915.62,0.1851,0.1051,0.1368,0,0,0,2,0
TXN001656,133.14,30,187,1,210.51,0.3102,0.0387,0.2257,0,0,0,10,0
TXN001657,555.76,62,383,3,1418.51,0.0102,0.0411,0.048,0,0,0,20,0
TXN001658,148.37,63,717,3,222.4,0.2891,0.1764,0.2387,0,1,0,5,0
TXN001659,262.07,61,201,4,285.33,0.277,0.0735,0.2066,0,0,0,19,0
TXN001660,1547.13,31,888,0,979.29,0.0472,0.1139,0.2364,0,1,0,2,0
TXN001661,1211.72,50,541,1,1319.76,0.0525,0.1574,0.1591,0,0,0,16,0
TXN001662,576.39,49,361,1,799.7,0.3334,0.409,0.0873,0,0,0,20,0
TXN001663,1370.32,27,310,2,3212.72,0.2356,0.1267,0.3917,1,0,0,18,0
TXN001664,777.18,46,838,3,1515.46,0.0326,0.0522,0.1658,0,0,0,0,0
TXN001665,1092.29,45,615,4,920.96,0.0595,0.2769,0.0857,0,1,0,7,0
TXN001666,4699.53,38,291,3,2894.06,0.1866,0.0674,0.2409,0,0,0,2,0
TXN001667,2604.53,57,187,10,3279.94,0.3189,0.0522,0.2577,0,0,0,1,0
TXN001668,3055.96,53,215,8,1569.94,0.1418,0.2235,0.4023,0,0,1,17,0
TXN001669,377.99,45,442,5,637.35,0.3554,0.3315,0.024,0,0,0,7,0
TXN001670,601.85,55,12,2,746.06,0.2881,0.0887,0.2238,0,0,0,1,0
TXN001671,336.6,57,79,17,398.33,0.3068,0.3126,0.196,0,0,0,1,1
TXN001672,2468.8,47,1234,6,1064.55,0.0592,0.337,0.1435,0,0,0,4,1
TXN001673,565.94,31,688,5,525.83,0.1443,0.2149,0.0243,0,0,0,17,0
TXN001674,323.92,57,633,4,871.0,0.0338,0.5037,0.1837,1,0,0,3,0
TXN001675,2221.26,55,349,6,1316.09,0.4382,0.5222,0.1782,0,0,0,7,0
TXN001676,754.96,69,142,14,273.53,0.1648,0.2613,0.111,0,0,0,11,0
TXN001677,394.66,25,405,21,452.77,0.3315,0.0222,0.073,0,0,0,20,1
TXN001678,469.57,39,16,2,769.09,0.1079,0.2549,0.199,0,0,0,0,0
TXN001679,1700.32,66,312,3,1057.04,0.293,0.5492,0.1868,0,0,0,15,0
TXN001680,2286.14,44,6,3,776.1,0.1347,0.3562,0.2802,0,0,0,16,0
TXN001681,1447.28,67,211,1,907.45,0.1271,0.3093,0.4176,0,0,0,17,0
TXN001682,273.97,18,1898,2,668.92,0.0976,0.1232,0.1347,0,0,0,17,0
TXN001683,602.14,19,177,1,397.59,0.3155,0.3959,0.3496,0,0,0,4,1
TXN001684,941.98,59,528,4,754.21,0.311,0.1044,0.1157,1,0,0,6,0
TXN001685,558.77,36,231,4,944.62,0.1897,0.128,0.168,0,1,0,20,0
TXN001686,1792.88,45,17,2,882.47,0.1243,0.2216,0.3334,0,0,1,11,1
TXN001687,1509.22,40,2,1,1185.9,0.2592,0.2148,0.1331,0,0,0,21,0
TXN001688,3030.41,39,72,1,1470.31,0.2472,0.226,0.0882,0,1,0,10,0
TXN001689,985.74,66,113,20,1767.3,0.2315,0.2906,0.2002,0,0,0,19,1
TXN001690,876.42,22,225,22,703.81,0.2243,0.0286,0.1723,0,1,0,13,1
TXN001691,222.44,58,126,6,363.92,0.3738,0.28,0.2254,0,0,0,8,0
TXN001692,3060.5,64,339,3,2670.76,0.4782,0.3606,0.1689,1,0,0,12,0
TXN001693,3236.62,52,677,3,1436.28,0.0349,0.1583,0.2236,0,0,0,7,0
TXN001694,256.52,38,13,5,562.13,0.0716,0.1364,0.1827,0,0,0,21,0
TXN001695,627.31,26,66,1,1331.94,0.3785,0.0394,0.276,1,1,0,20,0
TXN001696,3917.1,53,1291,5,2316.0,0.196,0.203,0.3968,0,1,0,3,1
TXN001697,3650.63,42,581,2,3679.1,0.1576,0.0501,0.1864,1,0,0,1,0
TXN001698,2488.96,25,81,4,1306.92,0.1457,0.0748,0.1709,1,0,0,14,0
TXN001699,1476.99,36,34,6,2302.54,0.0256,0.2462,0.1406,0,0,0,16,0
TXN001700,483.68,68,867,21,470.26,0.1207,0.0651,0.2348,0,0,0,20,1
TXN001701,1561.4,31,1071,2,1069.42,0.1048,0.0684,0.3353,0,0,0,7,0
TXN001702,973.7,27,334,2,867.39,0.0962,0.2019,0.0626,0,0,0,15,0
TXN001703,521.12,53,349,14,1393.81,0.079,0.2483,0.1825,0,0,0,7,0
TXN001704,15998.73,28,40,2,3387.46,0.1571,0.4342,0.1928,0,0,0,22,0
TXN001705,1468.07,65,303,0,1306.26,0.2597,0.1995,0.1759,0,0,1,11,0
TXN001706,272.16,62,362,19,568.85,0.2029,0.2807,0.138,1,0,0,16,1
TXN001707,538.29,69,1245,3,452.86,0.2025,0.0687,0.2245,0,1,0,2,0
TXN001708,4394.35,65,84,6,3470.47,0.3352,0.0546,0.3182,0,0,0,15,0
TXN001709,2714.37,30,192,6,1571.29,0.121,0.083,0.1895,0,0,0,12,0
TXN001710,2498.85,29,290,4,1500.65,0.0768,0.0355,0.4301,0,0,0,11,0
TXN001711,766.45,35,82,1,862.11,0.1262,0.1817,0.2398,0,0,0,6,0
TXN001712,513.04,42,693,3,1322.8,0.152,0.0918,0.1537,0,0,0,9,0
TXN001713,708.31,63,156,3,549.57,0.2912,0.5125,0.2013,0,0,0,11,0
TXN001714,582.72,56,153,2,1438.04,0.0873,0.2213,0.2471,0,0,0,16,0
TXN001715,940.09,51,705,3,481.83,0.0713,0.0698,0.0272,0,0,0,14,0
TXN001716,569.91,63,44,25,852.78,0.1813,0.2928,0.1345,0,1,0,15,1
TXN001717,991.48,51,351,2,699.23,0.2148,0.1901,0.0686,0,0,0,10,0
TXN001718,78.17,37,159,1,112.15,0.463,0.2068,0.3397,0,0,0,18,0
TXN001719,656.32,39,228,4,860.28,0.0658,0.1518,0.0853,0,0,0,4,0
TXN001720,376.25,44,296,5,584.52,0.2786,0.3598,0.5196,0,0,0,8,0
TXN001721,1403.29,22,590,6,946.46,0.1194,0.262,0.0781,0,0,0,3,0
TXN001722,780.13,56,426,3,1097.96,0.2895,0.327,0.1716,1,0,1,4,0
TXN001723,5768.95,51,469,6,3780.28,0.3542,0.3589,0.3131,0,0,0,16,0
TXN001724,978.42,56,395,1,1357.36,0.5719,0.1698,0.1585,0,0,0,10,0
TXN001725,1219.99,45,297,11,1385.59,0.2989,0.0584,0.2897,0,0,0,2,1
TXN001726,1582.07,58,886,1,1551.43,0.3495,0.3368,0.0832,0,0,0,14,0
TXN001727,2197.04,67,28,3,2018.81,0.2986,0.1125,0.0975,0,0,0,23,0
TXN001728,906.58,47,492,3,1507.18,0.1425,0.2213,0.2209,0,0,0,19,0
TXN001729,1967.06,41,301,3,1335.68,0.2559,0.026,0.3533,0,0,0,18,0
TXN001730,1554.08,23,90,4,1804.2,0.0713,0.3787,0.0264,0,0,0,13,0
TXN001731,270.56,58,1208,1,200.61,0.0178,0.1453,0.2991,1,0,0,15,0
TXN001732,4691.04,65,868,2,4733.1,0.2684,0.2152,0.1874,0,1,1,17,0
TXN001733,4607.13,54,884,2,3336.94,0.2694,0.1915,0.084,0,0,0,1,0
TXN001734,1018.16,63,183,2,1276.65,0.3751,0.3326,0.0965,0,0,0,21,0
TXN001735,264.18,62,395,5,407.85,0.2355,0.0912,0.1142,0,0,0,14,0
TXN001736,3235.75,59,540,4,2558.68,0.2272,0.0431,0.1483,0,0,0,22,0
TXN001737,514.26,44,359,3,674.71,0.3081,0.1226,0.212,0,1,0,1,0
TXN001738,3554.68,23,450,1,1593.5,0.1604,0.1691,0.1074,0,1,0,18,0
TXN001739,463.67,18,443,1,446.74,0.2476,0.1166,0.0795,0,0,0,9,0
TXN001740,2447.9,28,258,2,5210.78,0.0116,0.3871,0.3069,1,0,0,7,0
TXN001741,289.58,40,188,4,399.59,0.0269,0.0789,0.0848,0,0,0,17,0
TXN001742,664.26,56,188,2,1150.89,0.1656,0.0619,0.5276,0,0,0,12,0
TXN001743,447.9,41,75,4,248.26,0.137,0.0732,0.5691,0,0,0,3,0
TXN001744,1630.42,19,782,7,1065.44,0.1389,0.1283,0.1259,0,0,1,6,0
TXN001745,787.39,28,1295,2,814.28,0.1603,0.061,0.1134,0,0,0,16,0
TXN001746,2851.41,68,320,3,2430.93,0.4239,0.1854,0.1377,0,0,0,8,0
TXN001747,775.89,69,342,1,814.22,0.3776,0.1423,0.3596,0,0,0,9,0
TXN001748,3905.96,37,2256,1,2433.38,0.4801,0.1622,0.1607,0,0,0,1,0
TXN001749,712.67,59,851,0,535.45,0.6077,0.1506,0.0783,1,0,0,17,0
TXN001750,1322.94,55,663,21,900.21,0.0968,0.2216,0.1684,1,0,1,1,1
TXN001751,821.51,66,124,4,912.93,0.1265,0.1627,0.1208,0,1,0,18,0
TXN001752,1096.14,64,686,4,1551.4,0.1155,0.1814,0.1491,0,0,0,8,0
TXN001753,2046.01,50,46,3,1419.22,0.0868,0.3455,0.1578,0,0,0,20,0
TXN001754,4267.55,38,109,2,1818.12,0.2221,0.1834,0.0558,0,0,0,20,0
TXN001755,2428.64,50,358,4,1321.84,0.3174,0.2869,0.2361,0,0,0,13,0
TXN001756,4158.18,34,175,4,1742.23,0.1088,0.1716,0.1473,0,0,0,14,0
TXN001757,639.45,36,243,4,584.93,0.1653,0.0389,0.1037,0,1,0,21,0
TXN001758,844.43,49,202,22,1439.66,0.1454,0.1424,0.108,1,0,0,23,0
TXN001759,2082.01,47,517,20,3380.38,0.147,0.2125,0.4181,0,0,0,23,1
TXN001760,722.54,48,211,2,338.32,0.1489,0.2307,0.3775,0,0,0,2,0
TXN001761,554.59,38,258,5,1544.27,0.0996,0.0973,0.1037,0,0,0,15,0
TXN001762,4029.36,39,1024,4,1761.19,0.0924,0.4575,0.121,0,0,0,13,1
TXN001763,1977.58,18,888,2,3049.8,0.0868,0.0442,0.1694,0,0,0,14,0
TXN001764,5250.6,49,28,4,1822.99,0.0589,0.3041,0.209,0,0,0,17,0
TXN001765,1131.6,47,138,2,1176.41,0.3293,0.2983,0.1104,0,0,0,1,0
TXN001766,2204.96,66,949,3,1481.86,0.3324,0.2327,0.0842,0,0,0,7,0
TXN001767,2433.9,44,16,3,655.55,0.3708,0.0154,0.1255,0,0,0,18,1
TXN001768,697.04,42,105,1,835.83,0.1155,0.2143,0.1256,1,0,0,13,0
TXN001769,355.74,21,431,12,430.53,0.2489,0.1308,0.1247,0,0,0,4,1
TXN001770,2119.13,28,404,0,3105.47,0.4344,0.0673,0.0502,0,0,0,21,0
TXN001771,866.21,35,280,2,1502.84,0.3813,0.2111,0.1323,0,0,0,21,0
TXN001772,481.7,37,258,1,577.51,0.0618,0.2503,0.0917,0,0,0,20,0
TXN001773,977.29,36,528,2,1326.04,0.0677,0.1753,0.1053,0,0,0,3,0
TXN001774,1241.28,38,592,4,2468.94,0.3267,0.1222,0.4759,0,0,0,16,0
TXN001775,1957.04,57,746,2,2197.23,0.377,0.1353,0.2681,0,0,0,5,0
TXN001776,733.65,24,311,4,572.87,0.301,0.197,0.1936,0,0,0,21,0
TXN001777,74.71,35,80,3,122.28,0.2317,0.0793,0.1111,0,0,0,11,0
TXN001778,1322.69,26,403,2,1446.31,0.2324,0.1085,0.2016,0,0,0,6,0
TXN001779,1277.64,34,607,1,589.45,0.4368,0.0551,0.1013,0,1,1,6,0
TXN001780,776.57,53,1581,4,1695.32,0.0152,0.0768,0.1017,0,0,0,15,1
TXN001781,6170.94,20,313,3,2132.8,0.2326,0.1691,0.3411,0,0,1,11,0
TXN001782,1650.49,35,194,3,2391.18,0.1946,0.0791,0.2091,0,0,0,8,0
TXN001783,4153.95,19,1010,5,3719.4,0.4436,0.0942,0.176,0,1,0,23,0
TXN001784,5265.81,67,21,9,2605.68,0.1921,0.0782,0.1976,0,0,0,7,0
TXN001785,8920.18,55,209,4,3731.94,0.3155,0.1145,0.3274,0,1,0,13,0
TXN001786,3728.43,30,423,1,2879.41,0.1734,0.0846,0.1519,1,0,0,23,0
TXN001787,2088.86,28,156,3,3060.56,0.0805,0.2885,0.0773,1,0,1,7,0
TXN001788,692.87,23,893,4,1065.71,0.1724,0.0355,0.1665,1,1,0,14,0
TXN001789,324.17,42,430,23,444.73,0.0632,0.2384,0.0861,0,0,0,18,1
TXN001790,17618.07,57,1698,2,6232.85,0.4845,0.2036,0.1412,0,0,0,6,0
TXN001791,928.28,48,268,3,1146.04,0.2086,0.2542,0.0508,0,0,0,21,0
TXN001792,3096.7,63,100,0,2591.77,0.1025,0.4752,0.1674,0,0,0,12,0
TXN001793,420.2,35,931,1,746.06,0.1125,0.1864,0.387,0,0,0,21,0
TXN001794,1139.97,32,294,4,2153.28,0.089,0.1972,0.2698,0,0,1,11,0
TXN001795,200.95,42,699,5,198.05,0.1107,0.365,0.1915,0,0,0,12,0
TXN001796,688.2,28,321,2,822.78,0.4145,0.0941,0.2203,0,0,1,18,0
TXN001797,891.29,68,61,4,1023.63,0.0712,0.0618,0.2283,0,0,1,12,0
TXN001798,672.05,27,58,2,1515.99,0.5565,0.1797,0.3373,0,0,0,9,0
TXN001799,2230.54,42,180,3,2322.54,0.0293,0.3368,0.1742,0,0,0,13,0
TXN001800,1195.36,45,58,4,509.84,0.4475,0.5044,0.1515,0,0,0,17,0
TXN001801,1088.77,20,34,1,1740.59,0.109,0.1586,0.0597,0,0,0,15,0
TXN001802,4239.74,42,1347,3,2588.07,0.1075,0.0976,0.4762,0,0,0,19,0
TXN001803,842.81,41,115,3,5665.43,0.3601,0.1271,0.0806,1,0,1,3,0
TXN001804,1156.73,31,366,1,1798.38,0.0905,0.241,0.554,1,0,0,12,0
TXN001805,278.0,24,14,1,795.0,0.1672,0.1097,0.3123,0,0,0,16,0
TXN001806,888.63,20,236,3,450.23,0.1114,0.4214,0.2547,0,0,0,11,1
TXN001807,6398.18,18,115,1,3945.94,0.2831,0.1452,0.2496,0,0,0,9,0
TXN001808,1040.29,43,248,2,1837.46,0.1173,0.1547,0.0652,0,0,0,10,0
TXN001809,1266.13,22,910,6,1079.89,0.1773,0.1845,0.2519,0,0,0,4,0
TXN001810,683.39,67,180,2,352.88,0.0398,0.402,0.2465,0,0,0,21,0
TXN001811,1205.47,30,517,25,571.45,0.114,0.0954,0.2601,0,0,0,21,1
TXN001812,1364.77,51,143,19,1706.03,0.0409,0.4202,0.3486,1,0,0,14,1
TXN001813,416.89,53,555,3,1404.85,0.1993,0.1595,0.4823,0,0,0,1,0
TXN001814,171.29,43,68,1,280.78,0.3197,0.238,0.5771,0,0,0,7,1
TXN001815,2602.45,63,539,3,1707.57,0.1021,0.3389,0.1317,1,0,0,23,0
TXN001816,1160.36,23,598,1,365.8,0.4525,0.2029,0.3268,0,0,0,23,0
TXN001817,2746.07,30,21,4,2829.36,0.1764,0.3096,0.0644,0,0,0,18,0
TXN001818,908.9,31,15,0,1269.01,0.0938,0.0847,0.4806,0,0,1,12,1
TXN001819,2966.84,25,450,3,792.83,0.1974,0.0294,0.0489,0,0,1,5,0
TXN001820,2741.5,33,181,2,2193.18,0.0836,0.0389,0.151,0,0,0,0,0
TXN001821,714.92,34,897,4,1404.52,0.1371,0.0163,0.1859,0,0,0,16,0
TXN001822,2596.84,57,2185,22,2772.35,0.1647,0.1502,0.35,1,0,0,23,1
TXN001823,2010.81,33,348,5,1160.18,0.1532,0.0633,0.1006,0,0,0,3,0
TXN001824,1162.66,63,425,2,1208.55,0.0491,0.1691,0.0496,1,0,0,7,0
TXN001825,1390.23,58,144,4,898.14,0.0394,0.3235,0.2483,1,0,0,15,0
TXN001826,545.29,64,1551,3,1318.27,0.3076,0.0576,0.0533,0,0,0,14,0
TXN001827,1635.61,23,430,3,3599.56,0.18,0.3256,0.062,0,1,0,12,0
TXN001828,514.86,69,313,23,771.29,0.1695,0.1205,0.3514,0,0,0,11,1
TXN001829,1477.88,49,286,25,1726.01,0.0112,0.1036,0.0968,1,0,0,21,1
TXN001830,711.49,69,39,1,592.11,0.0652,0.0553,0.195,0,0,1,22,0
TXN001831,366.32,36,503,3,258.08,0.2799,0.1,0.2015,0,0,1,21,0
TXN001832,4922.56,67,83,1,1268.03,0.2369,0.0281,0.0167,0,0,0,20,0
TXN001833,946.79,48,89,1,1421.24,0.1862,0.2594,0.2698,0,0,0,7,0
TXN001834,854.29,21,530,3,1015.33,0.0875,0.1454,0.3213,0,0,0,10,0
TXN001835,260.33,39,31,1,384.83,0.088,0.1019,0.1242,0,0,1,8,0
TXN001836,2456.95,25,332,2,1356.97,0.1013,0.1419,0.1791,0,0,0,12,0
TXN001837,2465.36,66,400,3,1321.36,0.0497,0.3617,0.1531,0,0,0,18,0
TXN001838,460.19,33,37,2,588.66,0.0318,0.2684,0.0718,0,0,0,16,0
TXN001839,1324.4,29,141,5,425.2,0.0549,0.0896,0.2318,0,0,0,8,0
TXN001840,622.31,46,666,3,919.04,0.3416,0.2135,0.3478,0,0,0,3,0
TXN001841,3051.86,40,374,0,1732.03,0.5541,0.3918,0.2347,1,0,0,23,0
TXN001842,3267.06,23,208,5,1468.0,0.2025,0.0467,0.2622,0,0,0,6,0
TXN001843,279.93,60,106,7,591.95,0.3187,0.3083,0.3283,1,0,0,9,0
TXN001844,1658.3,61,394,5,1206.94,0.231,0.156,0.3231,1,0,0,19,0
TXN001845,455.87,56,185,2,2040.58,0.2867,0.4169,0.0602,0,0,0,7,0
TXN001846,759.34,50,274,2,482.57,0.0484,0.1477,0.0859,0,0,0,5,0
TXN001847,625.36,38,484,14,1146.2,0.2346,0.0278,0.1349,0,0,0,6,1
TXN001848,3827.08,46,866,6,2801.05,0.0796,0.3291,0.39,1,0,0,2,0
TXN001849,680.48,45,1764,3,449.24,0.1968,0.2166,0.3372,0,0,0,17,0
TXN001850,4559.39,26,630,1,2462.34,0.0842,0.1612,0.2076,0,0,0,21,0
TXN001851,5558.31,22,498,1,3406.47,0.1638,0.3905,0.0943,0,1,0,22,0
TXN001852,967.97,31,1727,4,938.66,0.0581,0.1284,0.3547,0,1,0,23,0
TXN001853,699.69,41,152,5,862.55,0.1914,0.0882,0.1587,1,0,0,19,0
TXN001854,2169.5,26,323,4,2260.1,0.1743,0.0321,0.1916,0,0,0,7,0
TXN001855,521.08,23,288,5,962.67,0.0943,0.2219,0.1368,0,0,0,5,0
TXN001856,187.99,62,460,1,211.2,0.1198,0.1609,0.0619,0,0,0,16,0
TXN001857,872.15,37,507,5,1023.36,0.0815,0.2257,0.1637,1,0,1,23,0
TXN001858,988.08,48,1414,8,1524.29,0.2611,0.0906,0.1253,0,0,0,2,0
TXN001859,706.56,45,88,1,1840.99,0.2306,0.1875,0.0716,0,0,0,8,0
TXN001860,293.31,56,359,19,592.03,0.0773,0.1095,0.3949,0,0,0,1,1
TXN001861,160.55,56,209,2,907.9,0.1186,0.0909,0.2345,0,0,0,18,0
TXN001862,1834.45,33,87,2,2172.94,0.2139,0.4425,0.4154,0,0,0,9,0
TXN001863,1282.13,62,73,2,1051.53,0.1885,0.2329,0.07,0,0,0,12,0
TXN001864,86.01,37,170,4,376.11,0.0622,0.195,0.0468,0,0,0,1,0
TXN001865,2970.66,61,187,2,2608.02,0.0605,0.0935,0.1459,1,0,1,7,0
TXN001866,882.5,39,1034,1,944.0,0.2826,0.2542,0.0708,0,0,0,8,0
TXN001867,1232.3,23,211,5,2353.96,0.2609,0.1685,0.2821,0,0,0,18,0
TXN001868,325.71,57,389,1,412.89,0.2935,0.1093,0.4533,0,1,0,20,1
TXN001869,1795.88,19,481,1,1007.58,0.2589,0.0307,0.1698,0,0,0,17,0
TXN001870,916.91,58,413,2,1566.84,0.1514,0.1114,0.0461,0,0,0,1,0
TXN001871,1077.47,20,247,4,1031.74,0.5422,0.1069,0.2885,0,0,0,5,0
TXN001872,579.71,28,1066,26,479.09,0.2448,0.1608,0.1057,0,0,0,20,1
TXN001873,131.24,49,953,12,206.28,0.3399,0.1377,0.1717,0,0,0,6,0
TXN001874,5546.01,66,357,3,3185.25,0.2287,0.1268,0.5593,0,0,0,21,0
TXN001875,1629.03,39,39,4,1304.57,0.221,0.1946,0.2736,0,0,1,6,1
TXN001876,2160.75,24,257,3,2481.85,0.2064,0.2466,0.1739,0,1,0,4,0
TXN001877,7706.74,30,178,4,2100.79,0.142,0.2689,0.0775,0,0,0,19,0
TXN001878,2906.52,64,323,3,1665.35,0.2403,0.082,0.2686,1,0,0,16,0
TXN001879,346.43,55,266,4,875.74,0.0442,0.3858,0.114,0,0,0,12,0
TXN001880,1247.38,23,338,2,1545.09,0.1934,0.0682,0.0504,1,0,0,0,0
TXN001881,11607.76,38,466,0,2989.24,0.1515,0.1228,0.19,0,0,0,3,0
TXN001882,677.16,31,502,3,1162.24,0.2418,0.0919,0.0822,0,0,0,14,0
TXN001883,4305.61,27,477,4,4151.36,0.112,0.2594,0.1435,0,0,0,7,0
TXN001884,755.55,62,599,2,383.91,0.1789,0.2707,0.2289,1,0,0,17,0
TXN001885,509.76,50,715,3,356.08,0.2426,0.0824,0.1132,0,0,0,12,0
TXN001886,3393.82,27,252,3,2189.99,0.5288,0.1252,0.248,1,0,0,4,0
TXN001887,927.56,51,1221,0,618.24,0.2818,0.0995,0.1581,0,0,0,6,0
TXN001888,4648.51,39,1458,1,4584.04,0.3523,0.0935,0.2537,0,1,0,17,0
TXN001889,1808.7,21,156,2,2796.54,0.4508,0.0552,0.4613,0,0,0,21,0
TXN001890,4231.96,41,1037,5,3331.91,0.1757,0.4233,0.3728,0,0,1,10,0
TXN001891,1632.03,27,476,6,2036.74,0.0993,0.3641,0.3246,0,1,0,4,0
TXN001892,441.49,30,418,6,575.3,0.213,0.4079,0.3515,0,0,0,8,0
TXN001893,775.74,63,90,2,343.25,0.1232,0.1676,0.0876,0,0,0,9,0
TXN001894,2533.0,54,407,0,3123.49,0.3256,0.1421,0.1865,0,0,0,14,0
TXN001895,981.1,24,254,2,383.87,0.1094,0.2963,0.1078,0,0,0,22,0
TXN001896,3830.08,62,2406,1,3325.65,0.0487,0.0533,0.1332,0,0,0,20,0
TXN001897,1605.51,47,760,2,1752.38,0.3275,0.4425,0.1863,0,0,0,20,0
TXN001898,382.59,63,354,4,1039.63,0.1497,0.2631,0.0997,0,0,0,11,0
TXN001899,4795.12,56,757,2,1494.33,0.1809,0.4257,0.1861,0,0,0,9,0
TXN001900,1513.86,35,284,13,1518.84,0.0935,0.0852,0.3934,1,0,0,3,0
TXN001901,272.98,45,40,2,951.76,0.1063,0.233,0.0986,0,0,0,14,0
TXN001902,5121.64,45,1084,2,2974.95,0.1242,0.28,0.4901,0,0,0,2,1
TXN001903,2825.31,55,404,3,2904.4,0.1918,0.1556,0.1846,0,0,0,16,0
TXN001904,732.7,30,178,2,1222.88,0.2621,0.0446,0.1738,0,0,0,10,0
TXN001905,1202.5,35,551,3,720.54,0.0289,0.1518,0.4842,1,1,1,4,0
TXN001906,673.42,30,942,3,2735.77,0.0813,0.1881,0.2871,0,0,0,6,0
TXN001907,179.73,33,693,3,266.19,0.2116,0.1527,0.1965,0,0,0,1,0
TXN001908,1269.09,26,246,5,1496.26,0.4348,0.1128,0.1056,0,0,0,8,0
TXN001909,2940.71,19,43,3,1840.33,0.0515,0.211,0.1029,0,0,0,0,0
TXN001910,2105.47,66,923,14,614.1,0.3686,0.1568,0.2703,0,0,0,5,1
TXN001911,1895.1,21,307,2,2168.19,0.0962,0.227,0.4052,0,0,0,15,0
TXN001912,1386.45,64,15,4,1076.56,0.1878,0.3449,0.2325,1,0,0,4,0
TXN001913,3393.52,18,86,4,748.45,0.0496,0.1817,0.3498,0,0,0,8,0
TXN001914,2157.84,58,24,16,2152.22,0.2185,0.1393,0.1609,0,1,0,16,1
TXN001915,663.5,35,522,2,512.87,0.3984,0.1411,0.1324,1,0,0,22,0
TXN001916,1020.34,44,1004,2,2015.12,0.1524,0.0484,0.4102,0,0,0,18,0
TXN001917,804.24,32,594,5,273.79,0.2081,0.1219,0.3795,0,1,0,5,0
TXN001918,904.93,43,101,2,1339.42,0.0562,0.4377,0.3269,0,0,1,23,0
TXN001919,1310.82,41,1204,24,1130.81,0.1156,0.1703,0.0892,0,0,0,12,1
TXN001920,857.78,45,91,2,751.61,0.4776,0.2446,0.3351,0,0,1,17,0
TXN001921,1509.71,38,863,1,1440.49,0.3237,0.1357,0.2861,0,0,0,19,0
TXN001922,816.83,45,388,1,1037.22,0.2416,0.1531,0.1158,0,0,0,13,0
TXN001923,2620.23,60,1,2,2294.54,0.0432,0.1755,0.1254,0,0,0,3,0
TXN001924,4266.92,40,104,19,1623.12,0.1718,0.1798,0.0658,0,0,0,8,0
TXN001925,5278.51,36,51,3,1505.51,0.025,0.2326,0.4966,1,0,0,14,0
TXN001926,1221.67,24,392,2,1345.21,0.0142,0.4636,0.1469,0,0,0,1,0
TXN001927,615.4,36,661,5,787.99,0.0764,0.2367,0.1283,0,0,0,1,0
TXN001928,569.02,24,507,3,887.79,0.0686,0.128,0.284,0,0,0,8,0
TXN001929,5716.58,27,941,5,1304.73,0.1733,0.0406,0.1415,0,0,0,17,0
TXN001930,1042.64,67,484,4,971.31,0.0595,0.2639,0.2097,0,0,0,13,0
TXN001931,4408.5,22,90,5,2387.54,0.1226,0.0915,0.1123,0,0,1,18,0
TXN001932,1717.42,43,584,4,1170.77,0.2703,0.1773,0.1867,0,0,0,0,0
TXN001933,4806.85,61,414,0,1426.78,0.2135,0.0084,0.1768,0,0,0,1,0
TXN001934,358.48,67,292,3,410.81,0.4705,0.1965,0.0808,0,0,0,2,0
TXN001935,1154.44,25,885,3,2122.31,0.1247,0.0458,0.1839,0,0,0,20,0
TXN001936,2030.17,26,2003,2,730.1,0.2522,0.1732,0.0078,0,1,0,12,0
TXN001937,868.67,37,218,2,528.55,0.1717,0.1383,0.1728,0,0,0,16,0
TXN001938,4461.7,46,326,5,3471.46,0.1218,0.124,0.0587,0,1,1,6,0
TXN001939,4157.59,67,457,2,1787.07,0.1025,0.3567,0.211,0,0,0,19,1
TXN001940,2882.17,28,618,4,2173.22,0.2425,0.0785,0.2263,0,0,0,11,0
TXN001941,3574.54,26,587,2,1507.41,0.3772,0.2358,0.1621,0,0,0,12,1
TXN001942,1176.64,31,42,2,1027.41,0.1851,0.1143,0.346,0,0,0,8,0
TXN001943,1480.82,63,1,3,901.7,0.091,0.4854,0.0632,1,0,0,17,1
TXN001944,2527.26,19,446,7,1891.98,0.2522,0.3069,0.1748,0,0,0,9,0
TXN001945,2026.08,37,72,2,2423.0,0.3097,0.1261,0.3224,0,0,0,18,1
TXN001946,933.84,24,188,2,1045.52,0.2522,0.1722,0.2017,0,0,0,18,0
TXN001947,3769.53,26,400,3,4678.72,0.0509,0.0617,0.0276,0,0,0,18,0
TXN001948,1105.33,65,70,3,955.16,0.1899,0.2261,0.3213,0,0,0,10,0
TXN001949,321.66,18,760,3,413.31,0.0563,0.1712,0.0631,1,1,0,15,0
TXN001950,417.66,34,384,0,328.63,0.1044,0.3443,0.1407,0,0,0,8,0
TXN001951,419.73,65,28,21,336.49,0.3963,0.0458,0.299,0,1,0,8,1
TXN001952,918.89,49,6,1,820.84,0.1999,0.3472,0.1438,0,0,0,15,0
TXN001953,1053.6,21,154,4,932.24,0.0691,0.5028,0.1916,0,1,0,17,0
TXN001954,1295.22,42,178,1,1768.38,0.1248,0.0765,0.176,0,0,0,17,0
TXN001955,920.47,68,402,5,1074.89,0.1752,0.3506,0.1589,0,0,0,0,1
TXN001956,789.6,38,75,1,1979.03,0.0351,0.3958,0.0519,0,0,0,5,0
TXN001957,1059.44,45,355,2,1131.64,0.3069,0.1743,0.1963,0,0,0,9,0
TXN001958,643.72,45,334,2,1107.06,0.1784,0.2215,0.156,0,0,0,14,0
TXN001959,773.29,52,285,0,731.97,0.2992,0.3,0.0931,1,1,0,6,1
TXN001960,2003.88,27,1193,3,2968.5,0.1231,0.1729,0.201,1,0,0,13,0
TXN001961,121.52,61,354,2,375.39,0.3211,0.0669,0.1921,0,0,0,8,0
TXN001962,4673.95,69,1,0,1354.13,0.3192,0.3733,0.5253,0,0,0,11,0
TXN001963,850.27,25,420,3,965.69,0.3639,0.1283,0.3797,0,0,0,19,0
TXN001964,4201.14,60,51,5,1895.48,0.1886,0.1464,0.1904,0,0,0,22,0
TXN001965,808.82,60,188,5,1080.76,0.5777,0.2376,0.4068,1,0,0,17,1
TXN001966,2807.4,56,226,1,1103.29,0.0819,0.056,0.2131,1,0,0,19,0
TXN001967,482.95,37,215,1,909.92,0.1309,0.2277,0.3322,0,0,0,1,0
TXN001968,3203.81,42,109,1,2908.17,0.2334,0.1923,0.2044,0,1,0,10,0
TXN001969,602.4,61,638,5,1098.48,0.4697,0.0267,0.065,0,0,0,10,0
TXN001970,18199.78,25,391,1,4353.59,0.3177,0.1474,0.3364,0,1,0,14,0
TXN001971,1156.88,61,258,3,1326.86,0.1768,0.276,0.1249,0,0,0,2,0
TXN001972,1756.15,65,939,2,1113.46,0.2245,0.0155,0.3841,1,0,0,15,0
TXN001973,1269.13,53,344,2,990.56,0.179,0.3193,0.2907,0,0,1,18,1
TXN001974,1605.1,35,333,5,1627.78,0.1435,0.1254,0.1244,0,1,0,6,0
TXN001975,965.72,47,178,5,726.42,0.0304,0.2837,0.0543,0,0,0,10,0
TXN001976,2564.62,20,374,2,1214.42,0.0172,0.1694,0.2805,0,0,0,15,0
TXN001977,1592.74,66,167,3,1102.9,0.3572,0.3745,0.0331,0,0,0,22,0
TXN001978,1505.72,35,477,2,1377.01,0.43,0.0609,0.3081,0,0,0,11,0
TXN001979,1864.31,20,208,5,1401.11,0.0576,0.6197,0.2399,0,0,0,15,0
TXN001980,4165.82,59,277,3,1453.02,0.0558,0.0588,0.2914,0,0,0,18,0
TXN001981,931.86,52,641,0,1171.96,0.1498,0.2939,0.0733,1,0,0,1,1
TXN001982,1186.33,50,21,9,3288.74,0.1065,0.069,0.1392,1,0,0,11,0
TXN001983,806.52,20,108,4,1474.09,0.3627,0.2414,0.5392,0,0,0,8,0
TXN001984,3873.92,57,432,4,6796.69,0.4628,0.3747,0.2637,0,0,0,17,0
TXN001985,699.38,51,67,3,1135.58,0.2216,0.2484,0.1394,0,0,0,14,0
TXN001986,1346.74,59,338,6,2145.74,0.1544,0.333,0.1044,0,0,1,6,0
TXN001987,651.18,61,601,7,659.69,0.1486,0.3123,0.3529,1,0,0,10,0
TXN001988,3349.72,29,97,4,2923.55,0.4643,0.4541,0.1898,0,0,0,2,0
TXN001989,762.93,28,71,4,669.81,0.1676,0.1826,0.3125,0,1,0,22,0
TXN001990,1009.75,66,431,1,1508.87,0.225,0.332,0.3856,0,0,0,10,0
TXN001991,1574.27,45,163,1,911.33,0.3329,0.116,0.1469,1,1,0,11,0
TXN001992,2019.0,40,17,1,1504.79,0.5069,0.2784,0.0661,0,0,0,4,0
TXN001993,2220.22,32,162,0,930.43,0.1504,0.0482,0.0558,0,0,0,4,0
TXN001994,1005.5,51,148,22,631.14,0.0685,0.2076,0.1702,0,0,0,12,1
TXN001995,748.18,57,445,4,906.77,0.0763,0.2011,0.3951,0,0,1,5,0
TXN001996,6615.2,18,1210,3,3226.35,0.1372,0.2017,0.224,0,0,0,14,0
TXN001997,1767.93,46,240,3,1520.95,0.3208,0.1068,0.2143,1,0,0,15,0
TXN001998,690.0,69,263,2,444.88,0.036,0.1272,0.1463,1,0,0,17,0
TXN001999,3508.71,32,180,1,2360.83,0.0607,0.284,0.1873,0,0,0,18,0
TXN002000,548.71,32,108,2,587.54,0.1748,0.077,0.2844,0,0,0,0,0
TXN002001,1953.06,63,1080,3,1845.22,0.3036,0.2614,0.1933,0,0,0,0,0
TXN002002,1502.61,21,136,3,1615.2,0.3522,0.3646,0.2283,0,0,0,1,0
TXN002003,1056.06,38,1188,2,1688.2,0.0933,0.1907,0.3903,0,0,0,2,0
TXN002004,1233.55,41,185,3,4012.75,0.221,0.2154,0.019,0,0,0,14,0
TXN002005,419.2,59,2759,2,613.97,0.1176,0.0786,0.136,0,0,0,17,0
TXN002006,1876.38,24,159,4,1681.69,0.0641,0.1284,0.1294,1,1,0,0,0
TXN002007,4811.59,40,84,1,2648.4,0.1827,0.0416,0.2382,0,0,0,15,0
TXN002008,1082.96,25,1776,3,699.01,0.0454,0.385,0.1072,0,0,0,17,0
TXN002009,557.9,58,595,0,650.65,0.2924,0.0524,0.2457,0,0,0,0,0
TXN002010,617.0,50,635,0,896.92,0.2282,0.2826,0.1915,0,0,0,3,1
TXN002011,1246.86,43,1520,2,1376.52,0.1866,0.0653,0.1325,0,0,0,2,0
TXN002012,238.99,38,435,5,408.57,0.0597,0.0059,0.0385,0,0,0,15,0
TXN002013,504.0,25,138,4,1613.21,0.4498,0.2235,0.2064,0,0,0,14,0
TXN002014,174.91,65,276,5,409.17,0.0554,0.1274,0.2739,0,0,0,19,0
TXN002015,5775.84,51,72,5,2711.7,0.1833,0.0622,0.1024,1,0,1,1,0
TXN002016,4364.0,34,419,2,1571.27,0.3782,0.1531,0.1079,0,0,0,17,0
TXN002017,6335.13,39,256,3,4184.73,0.1753,0.0941,0.0952,0,0,0,11,0
TXN002018,1696.23,55,59,16,1751.36,0.0531,0.3283,0.3224,0,0,0,14,1
TXN002019,411.8,55,261,3,885.96,0.0743,0.1635,0.0996,0,0,0,23,1
TXN002020,573.81,41,120,3,626.99,0.2624,0.3405,0.2014,0,0,0,15,0
TXN002021,1814.81,33,683,2,1296.24,0.2658,0.2364,0.1454,1,0,0,13,0
TXN002022,1694.7,52,267,25,1073.66,0.2129,0.085,0.0957,0,0,0,2,1
TXN002023,3674.39,52,511,2,2515.68,0.2997,0.214,0.0947,1,0,0,20,0
TXN002024,1113.46,49,414,4,572.47,0.1818,0.2258,0.0857,1,1,0,9,0
TXN002025,13137.88,21,111,2,4512.61,0.1416,0.202,0.1788,1,0,0,3,1
TXN002026,2142.18,42,965,3,2676.71,0.1681,0.1244,0.0777,0,0,0,21,0
TXN002027,4449.09,49,74,2,951.02,0.174,0.365,0.1685,0,0,1,12,0
TXN002028,1270.94,67,157,3,3860.2,0.1325,0.2476,0.2765,0,0,0,13,0
TXN002029,413.12,45,12,2,633.85,0.09,0.0372,0.1459,0,0,0,12,0
TXN002030,1413.63,35,461,5,1266.37,0.4161,0.1753,0.0406,0,0,0,18,0
TXN002031,606.94,46,69,0,448.75,0.0779,0.3411,0.1905,0,0,0,19,0
TXN002032,3614.46,27,625,3,3994.2,0.0729,0.0572,0.3563,0,0,0,6,0
TXN002033,263.53,22,194,26,346.14,0.0413,0.0465,0.2508,0,0,0,3,1
TXN002034,1343.61,53,175,5,400.09,0.2839,0.0555,0.1837,0,0,0,14,0
TXN002035,521.53,69,31,2,703.24,0.1178,0.2187,0.2271,1,0,0,19,1
TXN002036,1579.67,61,888,2,2767.3,0.3421,0.1019,0.351,0,1,0,11,0
TXN002037,5422.68,48,1656,2,2139.64,0.2514,0.1315,0.1755,1,0,0,1,0
TXN002038,1905.44,20,158,6,1194.44,0.2414,0.145,0.4093,0,0,0,9,0
TXN002039,4086.09,69,181,2,2237.8,0.1627,0.1808,0.0444,0,0,0,13,0
TXN002040,1126.58,41,409,2,1011.52,0.1633,0.3019,0.0998,0,0,0,16,0
TXN002041,691.53,33,320,3,1473.95,0.1557,0.139,0.1596,0,0,0,19,0
TXN002042,3650.97,64,1183,7,3484.95,0.1483,0.3791,0.2582,0,0,0,8,0
TXN002043,401.35,56,393,1,922.76,0.1392,0.0935,0.2497,0,0,0,5,0
TXN002044,732.75,56,1482,1,641.33,0.2335,0.2194,0.075,1,0,1,8,0
TXN002045,2183.39,32,903,5,1524.25,0.1107,0.1213,0.2186,0,0,0,15,0
TXN002046,3326.49,69,250,2,1841.24,0.2061,0.1874,0.4364,0,0,0,22,0
TXN002047,1126.08,41,244,2,1184.78,0.3102,0.1075,0.4675,0,0,0,9,0
TXN002048,3340.3,45,635,0,2213.58,0.4228,0.4013,0.3002,0,0,0,19,0
TXN002049,579.41,57,770,5,952.53,0.1665,0.0626,0.2048,0,0,0,11,0
TXN002050,2040.46,52,350,5,1199.05,0.1764,0.1392,0.1359,0,0,0,0,0
TXN002051,2065.69,26,6,3,1425.39,0.1559,0.3387,0.0967,0,0,0,4,0
TXN002052,863.51,33,505,1,1340.98,0.3473,0.4746,0.1467,1,0,0,10,0
TXN002053,4541.4,36,778,4,3392.39,0.1066,0.0959,0.1314,0,0,0,4,0
TXN002054,2586.44,67,69,3,1420.39,0.0788,0.327,0.0489,0,0,0,14,0
TXN002055,925.68,55,721,2,886.49,0.4006,0.0832,0.1405,1,0,0,16,0
TXN002056,1009.49,37,204,3,1586.98,0.2188,0.0826,0.1414,0,0,0,0,0
TXN002057,2450.29,56,167,0,2222.07,0.2331,0.0689,0.1114,0,0,0,18,0
TXN002058,2555.01,56,362,3,1885.53,0.1434,0.0851,0.0303,0,1,0,19,0
TXN002059,1149.01,38,641,3,1813.77,0.1429,0.1791,0.0893,1,0,0,22,0
TXN002060,220.78,38,224,2,384.28,0.1329,0.0726,0.366,0,1,0,14,0
TXN002061,255.22,64,254,4,191.57,0.0874,0.2144,0.3459,0,0,0,9,0
TXN002062,4211.23,47,410,1,2677.62,0.1108,0.1638,0.2056,0,0,0,8,0
TXN002063,4863.76,25,1442,5,1491.0,0.1445,0.2934,0.0505,0,0,0,4,1
TXN002064,1557.82,55,155,2,1080.19,0.2064,0.2685,0.2535,0,0,0,4,0
TXN002065,916.92,48,97,2,1782.94,0.1216,0.2111,0.4406,0,0,0,4,0
TXN002066,12977.83,44,400,1,4226.45,0.372,0.2593,0.2477,0,0,0,16,0
TXN002067,5269.63,55,265,6,2949.74,0.037,0.2934,0.08,0,0,0,23,0
TXN002068,713.84,65,200,0,2150.71,0.2783,0.2481,0.3018,0,0,0,12,0
TXN002069,334.5,35,639,4,589.51,0.145,0.2432,0.2132,0,0,0,19,0
TXN002070,492.69,39,431,1,645.64,0.3171,0.1156,0.3724,0,0,0,16,0
TXN002071,327.17,27,83,3,206.34,0.1893,0.0263,0.1045,1,0,0,1,0
TXN002072,461.63,51,1688,2,1708.65,0.0784,0.2696,0.0665,0,1,0,16,0
TXN002073,2231.72,38,683,3,2382.82,0.0558,0.1639,0.1598,0,0,0,22,0
TXN002074,3876.55,35,56,0,2522.8,0.1346,0.126,0.2449,1,0,0,1,0
TXN002075,370.2,54,674,3,1759.53,0.0266,0.0879,0.2129,0,0,0,20,0
TXN002076,1484.55,39,1036,3,984.52,0.212,0.0813,0.1363,0,0,0,13,0
TXN002077,1190.14,42,633,2,738.78,0.2318,0.0842,0.2782,0,0,0,4,0
TXN002078,386.29,40,328,2,615.38,0.0211,0.279,0.1249,0,1,0,22,0
TXN002079,518.68,31,137,27,978.09,0.3661,0.0381,0.0167,0,0,0,3,1
TXN002080,344.21,24,1044,17,553.09,0.2089,0.1191,0.1842,0,0,0,10,0
TXN002081,862.22,61,667,14,3748.71,0.1974,0.1865,0.1301,1,0,0,19,1
TXN002082,368.31,22,950,4,440.69,0.3102,0.0468,0.0633,0,1,0,14,0
TXN002083,1077.98,34,240,1,955.34,0.265,0.1068,0.1383,0,0,0,19,0
TXN002084,144.61,52,57,5,282.77,0.1891,0.2058,0.054,0,0,0,2,0
TXN002085,2303.57,24,173,6,1349.63,0.1945,0.2357,0.2956,1,0,0,22,1
TXN002086,1158.34,52,646,4,1094.8,0.2314,0.0868,0.2101,1,0,0,19,0
TXN002087,985.61,56,310,3,854.27,0.0165,0.056,0.3654,0,1,0,14,0
TXN002088,457.58,52,249,0,570.81,0.1281,0.0812,0.1121,1,0,1,6,0
TXN002089,1653.08,33,333,5,1098.52,0.1984,0.0464,0.0549,0,0,0,5,0
TXN002090,1523.38,19,1302,5,749.1,0.22,0.1189,0.2292,0,0,0,0,0
TXN002091,796.36,64,293,2,996.44,0.2115,0.1707,0.2159,0,0,0,20,0
TXN002092,6560.15,34,773,3,4316.5,0.2909,0.0205,0.0602,0,0,0,2,0
TXN002093,1891.53,59,57,2,1237.1,0.2915,0.0863,0.1497,0,0,0,5,0
TXN002094,2003.87,28,254,8,1592.42,0.1995,0.4736,0.4114,0,0,0,18,1
TXN002095,1992.72,26,7,2,792.25,0.1538,0.568,0.0428,0,0,1,10,1
TXN002096,424.68,58,57,2,633.27,0.2701,0.1216,0.1372,1,0,0,12,0
TXN002097,855.84,66,115,6,1079.15,0.3403,0.3202,0.0948,0,0,0,15,0
TXN002098,4127.47,62,349,1,6328.06,0.0461,0.351,0.1195,0,0,0,3,0
TXN002099,1336.17,57,1309,2,896.77,0.0639,0.2246,0.1315,0,0,0,0,0
TXN002100,1215.78,30,649,4,1412.34,0.0828,0.5476,0.2265,1,0,0,7,0
TXN002101,418.83,65,1,4,614.08,0.0689,0.1878,0.1581,0,0,0,19,0
TXN002102,397.84,52,87,2,159.38,0.1287,0.1807,0.1054,0,0,0,16,0
TXN002103,1706.75,26,1080,22,630.88,0.2993,0.156,0.4504,0,0,0,10,1
TXN002104,4845.06,24,2441,1,5805.13,0.156,0.1367,0.1257,0,0,0,20,0
TXN002105,784.23,63,589,5,1663.66,0.1093,0.0686,0.1443,0,0,0,8,0
TXN002106,9639.09,32,808,4,3458.7,0.2712,0.276,0.1517,0,0,0,11,0
TXN002107,1113.76,57,466,4,859.71,0.0855,0.097,0.3995,1,0,0,17,0
TXN002108,265.5,25,566,5,210.65,0.0238,0.0766,0.202,0,0,0,20,0
TXN002109,534.67,32,793,5,504.67,0.0837,0.4437,0.4408,0,0,0,3,0
TXN002110,932.38,32,210,0,1447.97,0.174,0.1396,0.2026,1,0,0,19,1
TXN002111,1031.76,32,138,2,1295.08,0.4321,0.1213,0.253,0,0,0,4,0
TXN002112,1580.43,53,184,23,1088.66,0.4865,0.0078,0.1231,0,0,0,0,1
TXN002113,591.5,65,898,4,756.59,0.1973,0.219,0.1486,0,0,0,7,0
TXN002114,2686.36,65,114,2,2117.1,0.3,0.3656,0.251,0,0,0,3,1
TXN002115,777.75,56,1306,5,772.06,0.2617,0.1371,0.3178,0,0,0,11,0
TXN002116,760.66,28,197,5,1360.32,0.3397,0.3734,0.1162,0,1,0,13,1
TXN002117,3066.68,67,23,4,1257.31,0.0284,0.2123,0.2802,0,0,1,23,0
TXN002118,1174.7,46,1116,2,847.29,0.2474,0.1532,0.4264,0,0,0,17,0
TXN002119,709.78,46,682,7,591.76,0.1151,0.1433,0.213,1,0,0,20,0
TXN002120,1103.38,54,1064,1,813.11,0.0682,0.106,0.0778,0,0,0,19,0
TXN002121,1518.45,57,305,2,4070.56,0.1768,0.0904,0.0258,0,0,0,0,0
TXN002122,1821.59,67,195,22,2389.2,0.1032,0.1591,0.2268,0,0,1,5,1
TXN002123,967.06,48,764,3,2240.09,0.1418,0.1026,0.1752,0,0,0,5,0
TXN002124,677.26,49,376,6,632.37,0.2556,0.1168,0.034,0,0,0,17,0
TXN002125,479.56,56,214,9,400.86,0.1049,0.0275,0.3376,1,0,0,14,0
TXN002126,2553.66,31,287,20,2362.67,0.2756,0.0439,0.2075,0,0,0,2,1
TXN002127,3950.36,34,241,10,2065.93,0.6053,0.1523,0.1217,0,0,0,15,0
TXN002128,529.82,50,1,2,1207.22,0.4585,0.036,0.1173,0,0,0,9,0
TXN002129,545.14,21,181,4,846.09,0.1956,0.0426,0.1354,0,0,0,0,0
TXN002130,494.29,34,528,2,393.56,0.1822,0.1477,0.3189,0,0,0,12,0
TXN002131,2327.02,55,7,4,2012.6,0.3108,0.2066,0.0931,0,0,0,10,0
TXN002132,1220.25,68,281,2,2515.67,0.2886,0.0838,0.0579,0,0,0,16,0
TXN002133,1316.49,45,323,2,681.73,0.1007,0.2061,0.0272,0,1,0,11,0
TXN002134,1502.6,38,24,5,643.02,0.0729,0.064,0.365,0,0,1,5,0
TXN002135,3303.76,40,506,2,2614.28,0.0973,0.2575,0.4958,0,0,0,3,0
TXN002136,305.12,53,1403,5,699.73,0.2464,0.1165,0.0665,0,0,0,9,0
TXN002137,4159.67,46,1192,14,3809.84,0.1515,0.4237,0.2643,0,0,0,1,0
TXN002138,1225.19,19,85,3,1016.04,0.2373,0.2171,0.1768,0,0,0,15,0
TXN002139,720.46,46,45,2,836.65,0.2025,0.2252,0.0642,0,0,0,20,0
TXN002140,2374.54,38,619,2,1131.81,0.0211,0.1985,0.0946,0,0,0,8,0
TXN002141,784.93,54,1556,4,836.61,0.3892,0.2649,0.1837,0,0,0,11,0
TXN002142,7675.95,63,12,2,2412.33,0.1402,0.2076,0.2926,0,1,0,0,1
TXN002143,3136.25,68,175,3,2038.7,0.3331,0.2099,0.0706,0,0,1,19,0
TXN002144,2733.99,49,90,3,2348.83,0.2169,0.5785,0.311,0,0,0,17,0
TXN002145,2070.2,36,186,3,1247.83,0.3157,0.08,0.4413,0,0,0,3,0
TXN002146,1849.26,41,604,1,796.76,0.3856,0.167,0.04,0,0,0,23,0
TXN002147,1786.71,27,25,3,1089.7,0.2273,0.2715,0.4389,0,0,0,20,0
TXN002148,780.79,66,358,18,814.04,0.1135,0.1442,0.0297,0,0,0,21,0
TXN002149,2129.54,62,46,3,3061.37,0.4226,0.117,0.2067,0,0,0,5,0
TXN002150,1193.25,62,3,1,2211.87,0.4549,0.3548,0.2332,0,0,0,4,0
TXN002151,268.68,35,63,16,1028.58,0.2335,0.2572,0.1751,0,0,0,22,1
TXN002152,630.99,34,18,2,573.33,0.0615,0.2022,0.1302,0,0,0,1,0
TXN002153,2605.47,62,527,4,3224.68,0.1537,0.2616,0.0257,0,0,1,14,0
TXN002154,1004.16,46,144,0,1206.74,0.1391,0.3664,0.2145,0,0,0,22,0
TXN002155,1762.97,54,206,1,1001.13,0.1472,0.0444,0.1331,0,0,0,23,0
TXN002156,3050.67,43,166,3,3244.63,0.19,0.1153,0.1612,1,0,0,20,0
TXN002157,2176.22,41,139,2,767.42,0.1527,0.2416,0.0531,0,0,0,9,0
TXN002158,640.05,50,972,3,877.21,0.0681,0.2226,0.4293,0,0,0,15,0
TXN002159,547.0,60,311,3,933.06,0.3495,0.0718,0.2201,1,0,0,18,0
TXN002160,218.48,35,310,2,436.33,0.0111,0.1019,0.0535,1,0,0,1,0
TXN002161,2035.56,60,361,3,1367.88,0.0789,0.2265,0.1255,0,0,0,3,0
TXN002162,1211.57,30,63,3,643.14,0.2359,0.1773,0.3735,0,0,0,13,0
TXN002163,530.37,38,244,5,735.46,0.4261,0.2307,0.2259,0,0,0,5,0
TXN002164,373.05,65,453,4,669.74,0.4596,0.0127,0.4444,0,0,0,9,0
TXN002165,1686.99,67,487,3,727.09,0.1291,0.0032,0.1894,0,0,0,6,0
TXN002166,274.52,66,173,3,609.57,0.1668,0.2074,0.3623,1,1,0,14,0
TXN002167,2272.58,34,50,3,1303.82,0.3213,0.0574,0.106,0,0,0,12,0
TXN002168,718.41,61,242,3,983.47,0.3048,0.3529,0.2013,0,0,0,22,1
TXN002169,1410.94,66,975,4,1134.11,0.0256,0.2913,0.1851,0,0,0,15,0
TXN002170,10300.61,68,482,4,5696.75,0.2106,0.2069,0.2199,0,0,0,0,0
TXN002171,1278.0,19,173,5,983.49,0.2281,0.2255,0.054,1,0,0,22,0
TXN002172,1423.78,56,2011,2,1674.82,0.0626,0.1426,0.6363,0,0,0,13,0
TXN002173,3908.77,69,422,24,1813.7,0.1975,0.2922,0.1086,0,0,0,5,1
TXN002174,1230.29,57,1780,3,1049.43,0.2362,0.0605,0.3167,0,0,0,4,1
TXN002175,10067.22,30,289,2,1328.31,0.1933,0.3215,0.2812,0,0,0,14,1
TXN002176,435.57,57,83,1,1112.64,0.1086,0.0843,0.303,0,0,0,17,0
TXN002177,490.7,23,156,2,1263.69,0.1611,0.0702,0.0284,0,0,0,13,0
TXN002178,1256.75,42,740,5,727.37,0.1284,0.1763,0.102,0,0,0,9,0
TXN002179,762.49,50,372,1,775.92,0.4417,0.1998,0.2942,0,0,0,21,0
TXN002180,1716.05,41,80,4,1109.7,0.0995,0.073,0.2188,0,0,0,10,0
TXN002181,150.74,54,981,3,275.8,0.3217,0.071,0.2946,0,0,0,23,0
TXN002182,3219.64,30,132,5,3125.19,0.0577,0.3087,0.3252,0,0,0,18,0
TXN002183,6400.46,49,841,0,4977.09,0.1759,0.0099,0.3428,0,0,1,5,0
TXN002184,916.17,51,21,2,1235.52,0.1588,0.0659,0.206,0,0,0,18,0
TXN002185,1984.92,50,588,4,1747.3,0.1936,0.2148,0.0402,0,0,0,9,0
TXN002186,1105.33,33,18,3,2337.27,0.0847,0.3772,0.1465,0,0,0,19,0
TXN002187,539.09,33,439,4,433.86,0.1753,0.1642,0.1533,0,0,0,23,0
TXN002188,4650.78,31,207,3,2100.21,0.2306,0.1866,0.088,1,0,0,3,0
TXN002189,411.92,42,1095,9,813.62,0.3254,0.0885,0.1139,1,0,0,13,0
TXN002190,2669.46,48,251,20,5450.74,0.0691,0.3846,0.1263,0,0,0,23,1
TXN002191,1849.51,36,1083,4,961.23,0.2423,0.0669,0.3612,1,0,0,6,0
TXN002192,1004.38,39,321,11,2070.88,0.1941,0.2878,0.1024,0,0,0,15,0
TXN002193,1536.78,32,31,4,967.88,0.1342,0.1342,0.2391,0,0,0,2,0
TXN002194,5261.26,29,116,5,5103.52,0.2417,0.1716,0.2855,0,1,0,4,0
TXN002195,608.84,52,269,1,766.13,0.0732,0.3763,0.119,0,0,0,11,0
TXN002196,5553.32,60,1287,0,2478.88,0.0391,0.1009,0.1973,0,0,0,18,0
TXN002197,2833.18,33,125,6,1700.49,0.3829,0.344,0.1812,0,0,0,19,0
TXN002198,1697.41,62,901,1,1455.37,0.4386,0.1052,0.0907,0,0,0,9,0
TXN002199,394.0,47,506,3,1287.3,0.2047,0.4534,0.2131,0,0,0,7,0
TXN002200,1017.22,26,779,0,687.52,0.3999,0.1856,0.2913,0,0,1,14,0
TXN002201,99.56,37,317,4,179.43,0.1163,0.2083,0.2606,0,0,0,13,0
TXN002202,2059.7,18,117,2,2326.39,0.1279,0.2247,0.0609,0,0,1,19,0
TXN002203,781.99,20,152,4,778.85,0.2233,0.0665,0.0949,0,1,0,20,0
TXN002204,7060.16,35,338,4,2486.72,0.133,0.155,0.0981,0,0,0,23,0
TXN002205,1220.37,41,727,4,1402.75,0.1514,0.1086,0.2517,0,0,0,19,0
TXN002206,1161.72,59,425,5,2540.66,0.2667,0.0793,0.0656,0,0,0,3,0
TXN002207,4314.03,24,1104,12,1922.39,0.1179,0.183,0.1057,0,0,0,7,0
TXN002208,291.16,61,3,15,195.33,0.1181,0.5614,0.1085,0,1,0,22,1
TXN002209,2565.9,30,40,4,1686.53,0.3816,0.3042,0.4858,1,0,0,14,0
TXN002210,1954.83,25,298,3,862.15,0.0815,0.5294,0.1026,0,0,0,5,0
TXN002211,6395.01,54,129,4,2478.75,0.2124,0.0598,0.1895,0,0,0,12,0
TXN002212,1015.76,58,600,3,1658.79,0.3236,0.1866,0.0766,0,0,0,21,0
TXN002213,778.24,49,242,3,1672.51,0.0415,0.234,0.1838,0,1,0,22,0
TXN002214,1440.56,24,834,26,906.35,0.2138,0.2193,0.138,0,0,0,2,1
TXN002215,501.11,23,628,17,578.93,0.1251,0.0361,0.1272,0,0,0,1,0
TXN002216,736.94,38,1141,2,809.96,0.3799,0.1455,0.444,0,0,0,18,0
TXN002217,167.86,41,56,1,311.09,0.4389,0.0454,0.1293,0,0,0,15,0
TXN002218,1000.15,69,218,2,725.43,0.2504,0.0829,0.2349,0,0,0,12,0
TXN002219,490.91,32,73,1,393.5,0.2864,0.3516,0.1728,0,0,0,23,0
TXN002220,367.99,28,539,4,400.85,0.0798,0.3436,0.13,0,0,0,0,0
TXN002221,554.43,67,91,5,1189.79,0.0903,0.2612,0.0746,0,0,0,12,0
TXN002222,3099.1,26,320,1,1593.73,0.1403,0.0561,0.3191,1,0,0,5,0
TXN002223,1234.45,19,586,9,1072.5,0.2639,0.2301,0.2254,0,0,0,14,0
TXN002224,1430.33,39,353,17,773.44,0.3952,0.1487,0.2854,0,0,0,16,0
TXN002225,177.71,38,466,2,564.99,0.2081,0.1725,0.049,0,0,0,2,0
TXN002226,906.16,50,23,2,878.28,0.2842,0.0696,0.1478,0,0,0,15,0
TXN002227,415.78,63,290,2,616.74,0.1618,0.5915,0.1944,0,0,0,2,0
TXN002228,1070.52,66,178,4,1049.45,0.1608,0.0601,0.2446,0,0,0,14,0
TXN002229,635.04,33,178,7,378.01,0.2416,0.0865,0.2728,0,0,0,15,0
TXN002230,2196.0,69,436,3,1791.7,0.0408,0.2121,0.0969,0,1,0,11,0
TXN002231,744.75,50,609,3,737.36,0.3428,0.2683,0.082,0,1,0,11,0
TXN002232,1437.14,21,142,1,1427.07,0.2964,0.1516,0.1984,0,0,0,16,0
TXN002233,865.39,66,574,2,2040.71,0.3688,0.4863,0.1562,0,0,0,19,1
TXN002234,837.9,25,627,25,1379.55,0.1166,0.0507,0.3764,0,0,0,20,0
TXN002235,3554.95,48,58,3,1918.67,0.3017,0.224,0.2455,0,0,0,16,0
TXN002236,195.45,59,1396,2,258.1,0.1124,0.1294,0.2096,0,0,0,4,0
TXN002237,1454.23,30,735,4,776.66,0.2567,0.3319,0.2202,0,0,1,9,0
TXN002238,3739.31,32,1098,1,2373.58,0.0559,0.2192,0.1184,0,0,0,7,0
TXN002239,2540.26,42,268,4,1566.28,0.0864,0.1121,0.1852,0,0,1,14,0
TXN002240,4803.15,64,131,4,3999.5,0.1347,0.1939,0.3421,0,0,0,23,1
TXN002241,2844.84,29,21,3,3615.79,0.5042,0.2118,0.0389,0,0,0,15,0
TXN002242,1244.61,52,766,4,1352.51,0.4872,0.351,0.1498,0,0,0,5,0
TXN002243,1307.44,41,1621,2,919.3,0.1538,0.1939,0.0675,0,1,0,8,0
TXN002244,174.17,23,389,2,560.65,0.2674,0.2143,0.1812,0,0,1,4,0
TXN002245,1557.77,54,266,1,785.98,0.1399,0.5806,0.4399,0,0,0,14,0
TXN002246,625.88,61,465,24,824.05,0.3764,0.4199,0.3662,0,0,1,10,1
TXN002247,690.4,47,41,2,723.95,0.3244,0.4677,0.239,0,0,0,23,0
TXN002248,552.5,27,107,5,576.61,0.4968,0.1812,0.0604,0,0,0,20,0
TXN002249,1421.11,26,358,4,1452.59,0.0999,0.3262,0.2736,1,0,0,0,1
TXN002250,1746.11,40,301,6,3596.25,0.1355,0.0372,0.416,0,0,0,0,0
TXN002251,2290.97,44,1226,1,2107.55,0.0843,0.432,0.2366,0,0,1,6,0
TXN002252,1213.43,46,323,2,875.07,0.2012,0.4884,0.0942,0,1,0,21,0
TXN002253,724.42,30,172,4,2230.14,0.2296,0.112,0.1951,0,0,0,15,0
TXN002254,683.5,44,207,4,1397.8,0.1807,0.3787,0.3385,0,0,0,19,0
TXN002255,1744.52,33,424,3,1065.83,0.1642,0.0484,0.1269,0,0,0,14,0
TXN002256,1507.49,53,61,5,1020.26,0.1809,0.3069,0.1466,0,0,0,10,0
TXN002257,1123.66,59,163,3,953.41,0.1041,0.0087,0.2538,0,0,0,17,0
TXN002258,1188.64,51,141,23,1729.77,0.1502,0.2886,0.1483,0,0,0,2,1
TXN002259,1792.48,18,1146,1,1209.27,0.2103,0.2028,0.0325,0,0,0,17,0
TXN002260,339.85,69,169,5,658.59,0.2614,0.1204,0.2629,0,0,0,17,0
TXN002261,590.32,19,134,2,636.64,0.1178,0.2458,0.1363,0,0,0,17,0
TXN002262,662.2,69,75,1,1358.5,0.3162,0.0817,0.0891,1,0,0,6,0
TXN002263,1354.18,19,256,25,1480.38,0.5332,0.0606,0.18,0,0,0,13,1
TXN002264,499.74,44,15,0,880.78,0.1759,0.0082,0.0513,0,0,0,20,0
TXN002265,752.42,23,433,0,496.51,0.0282,0.0725,0.0502,1,0,0,12,0
TXN002266,3340.67,22,485,7,2632.46,0.193,0.2493,0.4121,0,0,0,11,0
TXN002267,1657.73,53,49,2,2268.84,0.233,0.2835,0.126,0,0,0,18,0
TXN002268,496.96,55,11,4,272.83,0.0137,0.0352,0.2503,0,0,0,11,0
TXN002269,1655.3,24,175,6,2800.93,0.0642,0.3028,0.0892,0,0,0,7,0
TXN002270,929.19,68,1482,5,947.4,0.0548,0.1877,0.3154,0,0,0,18,0
TXN002271,893.23,34,885,2,1252.62,0.0131,0.4794,0.1214,0,0,0,7,1
TXN002272,3659.42,34,596,2,2432.7,0.3419,0.1003,0.2027,0,0,0,4,0
TXN002273,4967.49,33,749,1,3486.93,0.0592,0.0364,0.0758,0,0,0,5,0
TXN002274,4528.21,41,892,2,2212.78,0.0223,0.3455,0.3481,1,0,0,20,0
TXN002275,1358.81,27,172,5,1298.18,0.3349,0.0807,0.1576,0,0,0,21,0
TXN002276,82.21,40,272,5,418.66,0.139,0.1582,0.0683,0,0,0,0,0
TXN002277,209.49,28,538,4,265.51,0.1361,0.1393,0.2372,0,0,0,8,0
TXN002278,4796.32,20,130,5,2027.81,0.158,0.1669,0.1551,1,0,0,7,0
TXN002279,2346.49,37,1066,2,2805.74,0.0936,0.2076,0.2689,0,0,0,23,0
TXN002280,215.96,52,422,2,620.02,0.3843,0.1267,0.2496,0,0,0,5,0
TXN002281,1162.45,57,375,2,907.92,0.2731,0.1612,0.1903,0,0,0,16,0
TXN002282,990.44,36,189,3,742.42,0.1905,0.3028,0.3486,0,1,0,18,1
TXN002283,488.49,34,41,2,728.71,0.1598,0.1149,0.2134,0,0,0,6,0
TXN002284,2031.97,58,493,2,2327.32,0.1313,0.0439,0.2566,1,0,0,10,1
TXN002285,801.79,53,558,3,1277.76,0.0379,0.1946,0.4132,0,0,0,9,0
TXN002286,1245.12,61,999,3,934.09,0.0794,0.1256,0.2039,0,0,0,2,0
TXN002287,7269.14,65,382,1,7046.34,0.151,0.0231,0.0368,0,0,0,3,0
TXN002288,211.61,60,468,2,401.78,0.1214,0.3304,0.4092,0,0,0,8,0
TXN002289,1600.85,66,541,11,1609.27,0.1857,0.3243,0.0807,0,1,0,5,1
TXN002290,351.62,39,391,4,526.22,0.1123,0.1428,0.2092,0,0,0,12,0
TXN002291,2193.77,38,188,4,982.2,0.0589,0.0794,0.0843,1,0,0,20,0
TXN002292,1989.38,34,358,12,1216.88,0.0999,0.1243,0.1387,0,0,0,22,0
TXN002293,1851.89,30,90,25,1980.72,0.1582,0.3446,0.1503,0,1,1,12,1
TXN002294,955.04,56,85,2,913.4,0.132,0.2387,0.1818,1,0,0,9,0
TXN002295,1481.36,55,1268,1,848.22,0.2206,0.0947,0.1233,0,0,1,19,0
TXN002296,819.88,59,95,21,902.02,0.213,0.2139,0.2493,0,0,0,9,1
TXN002297,781.45,26,273,3,514.93,0.1729,0.0753,0.1048,0,0,0,19,0
TXN002298,3847.5,43,271,4,1707.21,0.3623,0.0397,0.1535,0,0,0,17,0
TXN002299,1019.38,29,347,6,1335.33,0.1569,0.2102,0.0517,0,0,0,20,1
TXN002300,3677.53,64,1626,5,1487.15,0.3408,0.2249,0.1803,0,0,0,15,0
TXN002301,2200.93,31,128,2,1044.53,0.0379,0.2066,0.095,0,0,0,23,0
TXN002302,1098.49,25,17,4,958.13,0.4218,0.1768,0.195,0,0,0,22,1
TXN002303,1956.22,47,194,1,2497.19,0.0694,0.1553,0.3858,0,0,0,4,0
TXN002304,2553.22,63,200,22,2242.28,0.1624,0.3504,0.1682,0,0,0,23,1
TXN002305,2580.88,65,62,2,2952.36,0.0341,0.1054,0.3279,1,0,0,3,0
TXN002306,920.38,22,10,4,1423.42,0.035,0.268,0.1856,0,0,0,2,0
TXN002307,3788.09,34,145,5,2826.7,0.2584,0.1324,0.6089,0,0,0,18,0
TXN002308,466.75,25,389,3,819.54,0.4088,0.2375,0.4025,0,0,0,5,0
TXN002309,790.92,34,10,3,952.8,0.277,0.237,0.1626,0,0,0,2,0
TXN002310,2116.67,45,222,2,2531.51,0.0433,0.2072,0.1739,0,0,0,15,1
TXN002311,934.02,32,261,2,1979.1,0.5492,0.1805,0.2503,0,0,0,10,0
TXN002312,1285.42,21,950,4,894.88,0.0674,0.4297,0.034,0,0,1,2,0
TXN002313,465.0,44,1012,2,527.22,0.1519,0.2917,0.2281,0,0,0,15,0
TXN002314,1942.22,20,647,4,950.73,0.2201,0.2725,0.084,0,0,1,16,0
TXN002315,593.5,29,212,4,678.98,0.0326,0.1601,0.0071,0,0,0,16,0
TXN002316,2932.25,18,123,2,3667.09,0.1153,0.232,0.6598,0,0,0,9,0
TXN002317,1135.1,22,173,5,1866.89,0.1232,0.2806,0.13,0,0,0,15,0
TXN002318,655.45,40,252,2,641.53,0.1561,0.329,0.1817,0,0,0,8,0
TXN002319,540.82,62,547,10,527.69,0.3669,0.078,0.1787,0,0,0,16,0
TXN002320,956.38,58,392,2,635.99,0.2168,0.1526,0.0577,0,0,0,18,0
TXN002321,769.46,23,10,2,741.61,0.421,0.4344,0.2642,0,0,0,11,0
TXN002322,3087.03,19,359,3,975.85,0.164,0.0304,0.3662,0,0,0,11,1
TXN002323,3075.13,35,719,4,2392.71,0.1315,0.1479,0.1691,0,0,0,15,0
TXN002324,323.98,51,1098,6,557.49,0.2073,0.0966,0.1515,0,0,0,14,0
TXN002325,3021.06,56,30,4,5446.21,0.4915,0.2507,0.1502,0,0,0,12,0
TXN002326,760.39,60,2389,3,566.62,0.0219,0.1202,0.2017,1,0,0,15,0
TXN002327,233.59,35,347,3,408.98,0.2019,0.1881,0.1909,0,0,0,6,0
TXN002328,4959.09,26,32,5,3575.33,0.2662,0.5198,0.4992,0,0,0,3,0
TXN002329,4525.49,19,582,5,2765.23,0.3053,0.2978,0.7059,0,0,0,14,0
TXN002330,1600.73,25,895,2,965.22,0.1149,0.3925,0.1004,0,1,0,3,0
TXN002331,887.92,21,161,3,1432.15,0.0236,0.4265,0.145,0,0,0,3,0
TXN002332,2419.72,62,117,3,1457.68,0.0517,0.277,0.1578,1,0,0,1,0
TXN002333,1441.04,31,190,3,1206.77,0.1493,0.3155,0.1661,0,0,0,16,0
TXN002334,316.76,60,429,2,442.51,0.1901,0.1016,0.1007,0,0,0,10,0
TXN002335,176.79,46,156,4,192.99,0.1294,0.4791,0.0523,0,0,0,17,0
TXN002336,786.74,46,50,1,607.1,0.2283,0.118,0.2805,0,0,0,21,0
TXN002337,2700.63,41,213,4,3910.06,0.295,0.1005,0.107,0,0,0,11,0
TXN002338,4744.84,60,144,3,4019.0,0.123,0.2576,0.1576,0,0,0,15,0
TXN002339,2021.9,20,362,4,912.98,0.2678,0.064,0.0869,0,0,0,22,0
TXN002340,953.04,22,754,2,560.83,0.2247,0.0358,0.1954,0,0,0,12,0
TXN002341,1393.78,40,235,1,1332.33,0.1261,0.0391,0.2218,0,0,0,3,0
TXN002342,1696.06,38,1037,0,1491.13,0.0775,0.0762,0.1511,0,0,0,20,0
TXN002343,1242.11,46,478,17,1669.87,0.2066,0.1518,0.0326,0,0,0,14,0
TXN002344,141.26,56,292,3,186.99,0.4347,0.2502,0.1004,1,0,0,0,1
TXN002345,4293.99,48,544,3,10000.89,0.1405,0.4237,0.0571,0,0,1,11,0
TXN002346,2781.77,31,765,4,2422.93,0.1922,0.0848,0.1226,0,1,0,23,0
TXN002347,1389.74,35,460,2,954.79,0.4471,0.193,0.1545,0,0,1,15,1
TXN002348,637.85,57,44,3,663.19,0.1764,0.2023,0.1203,0,0,0,9,0
TXN002349,1350.98,28,12,0,2188.81,0.3843,0.5476,0.0659,0,0,0,20,1
TXN002350,1608.64,44,721,5,1551.19,0.0594,0.1769,0.1087,0,0,0,2,0
TXN002351,2446.65,46,49,2,1169.7,0.1119,0.1957,0.1707,0,0,0,8,0
TXN002352,2476.8,57,350,3,1511.46,0.3202,0.0176,0.2662,0,0,0,4,0
TXN002353,997.13,55,44,5,1013.43,0.0984,0.0402,0.037,0,1,0,18,0
TXN002354,4480.05,42,1099,2,1452.88,0.1698,0.1334,0.3576,0,0,0,1,0
TXN002355,8044.54,34,175,4,1823.39,0.1917,0.3104,0.1697,0,0,0,20,1
TXN002356,1070.89,37,449,1,1394.54,0.1537,0.0906,0.1122,0,0,0,5,0
TXN002357,1174.28,39,128,1,1344.32,0.0783,0.1718,0.2085,0,0,0,15,0
TXN002358,4257.06,29,335,3,2907.36,0.0879,0.2363,0.0963,1,0,0,11,0
TXN002359,217.0,50,7,2,358.53,0.1704,0.0648,0.2573,1,1,0,3,0
TXN002360,1000.75,28,134,4,627.34,0.3395,0.173,0.0952,0,0,0,3,0
TXN002361,1181.33,51,610,5,1117.21,0.2554,0.329,0.1134,0,0,0,9,0
TXN002362,807.14,57,215,3,657.93,0.1517,0.101,0.117,0,0,0,6,0
TXN002363,605.64,68,282,21,831.12,0.2713,0.0618,0.2466,0,0,0,21,0
TXN002364,1751.42,24,601,3,2701.11,0.3145,0.074,0.3171,0,0,0,5,0
TXN002365,331.53,57,130,4,988.04,0.3169,0.1929,0.3211,1,0,0,14,0
TXN002366,689.65,22,26,3,304.77,0.2753,0.1342,0.0865,0,0,0,15,1
TXN002367,1368.48,35,213,26,815.39,0.0863,0.1038,0.0282,0,0,0,22,1
TXN002368,1654.12,27,463,3,1142.16,0.0379,0.0766,0.0723,0,0,0,22,0
TXN002369,1365.62,26,380,2,1127.53,0.1458,0.0929,0.2382,0,0,1,11,0
TXN002370,455.73,27,739,1,1618.45,0.0512,0.2133,0.1021,0,1,0,18,0
TXN002371,1011.27,20,1325,7,1528.55,0.3263,0.1631,0.2204,0,0,0,22,0
TXN002372,864.35,60,831,7,995.08,0.0571,0.0975,0.3565,1,0,0,22,0
TXN002373,262.47,21,104,3,475.74,0.091,0.3239,0.0655,0,0,1,14,0
TXN002374,317.27,38,658,24,805.29,0.1328,0.069,0.1079,0,0,0,10,1
TXN002375,414.27,54,471,5,709.14,0.3114,0.1985,0.369,0,0,0,22,0
TXN002376,922.84,69,308,3,898.23,0.134,0.218,0.0095,0,0,1,23,0
TXN002377,1828.02,62,133,1,1779.02,0.2381,0.2216,0.4066,0,1,0,10,0
TXN002378,2397.09,25,621,0,1455.16,0.5955,0.3349,0.2458,0,0,0,11,0
TXN002379,6072.67,69,207,5,1952.38,0.0316,0.2328,0.1856,0,0,0,3,0
TXN002380,1222.08,51,1,3,838.1,0.3549,0.2203,0.0766,0,0,0,0,0
TXN002381,2862.07,27,542,2,3152.19,0.1125,0.0748,0.2894,0,0,0,22,0
TXN002382,4727.57,41,145,6,1756.34,0.0889,0.3593,0.0882,0,0,0,10,0
TXN002383,496.95,65,835,5,1186.26,0.033,0.233,0.2358,0,0,0,22,0
TXN002384,533.24,38,884,2,1672.95,0.0227,0.2179,0.075,0,0,0,22,0
TXN002385,419.59,27,60,14,683.32,0.1248,0.1623,0.1614,0,0,0,7,1
TXN002386,391.73,63,729,3,250.6,0.0918,0.2952,0.1506,1,0,0,10,0
TXN002387,786.84,67,193,4,717.17,0.0564,0.1131,0.2074,1,0,0,5,0
TXN002388,994.9,68,147,2,1850.52,0.2175,0.138,0.0898,0,0,0,4,0
TXN002389,777.63,67,271,18,1159.97,0.2309,0.1319,0.0138,0,0,0,22,0
TXN002390,503.41,63,122,25,996.47,0.0663,0.113,0.2972,0,0,0,22,1
TXN002391,306.03,41,143,1,605.78,0.1028,0.1754,0.1651,0,0,0,22,1
TXN002392,654.59,27,370,3,278.92,0.4623,0.0929,0.4149,0,0,0,1,0
TXN002393,2747.65,50,249,4,2973.19,0.2918,0.3194,0.0529,0,0,0,12,0
TXN002394,2509.26,29,895,3,948.11,0.2199,0.1725,0.0733,0,0,0,12,0
TXN002395,497.61,42,454,2,811.86,0.2479,0.1943,0.0158,0,0,0,0,0
TXN002396,897.82,52,688,2,685.29,0.415,0.4278,0.1425,0,1,0,21,0
TXN002397,2990.1,67,192,3,2639.03,0.1252,0.0801,0.0749,0,0,0,7,0
TXN002398,3297.01,33,608,5,2032.34,0.133,0.4855,0.4088,0,0,0,18,0
TXN002399,640.94,31,625,0,557.2,0.0785,0.1322,0.2566,1,0,0,11,0
TXN002400,4259.79,56,864,2,2477.93,0.1663,0.1757,0.1887,0,1,0,3,1
TXN002401,1343.8,18,163,0,990.74,0.1377,0.0959,0.1415,0,0,0,7,0
TXN002402,392.45,47,31,14,715.24,0.3741,0.1859,0.184,1,0,0,8,0
TXN002403,1336.04,56,324,1,892.9,0.385,0.4988,0.0558,0,0,0,14,0
TXN002404,598.84,46,11,0,633.77,0.1177,0.2282,0.1495,0,0,0,0,1
TXN002405,283.78,37,1136,1,435.02,0.0638,0.2737,0.1343,0,0,0,19,0
TXN002406,2765.51,61,31,4,1888.03,0.1105,0.2858,0.2238,0,0,0,5,0
TXN002407,1559.88,37,305,3,939.65,0.3366,0.1044,0.2695,0,0,0,4,0
TXN002408,1294.77,54,733,2,1689.26,0.387,0.2847,0.2815,0,0,0,21,0
TXN002409,1105.71,42,187,3,1340.84,0.0446,0.1095,0.4279,0,0,0,13,0
TXN002410,750.74,19,643,2,1609.98,0.2067,0.1543,0.0603,0,0,0,6,0
TXN002411,97.05,45,501,5,261.86,0.106,0.014,0.3054,0,0,1,12,0
TXN002412,523.22,20,66,3,597.81,0.1041,0.2643,0.3065,0,0,0,8,0
TXN002413,2525.48,66,516,4,1633.62,0.1169,0.1709,0.1721,0,0,0,13,0
TXN002414,327.77,49,245,5,449.27,0.1436,0.2553,0.0716,1,0,0,19,0
TXN002415,3122.63,37,178,3,1423.89,0.0652,0.519,0.1607,0,0,0,23,0
TXN002416,370.08,43,485,1,414.27,0.0325,0.0856,0.1324,0,0,0,3,0
TXN002417,993.22,50,940,6,1109.33,0.049,0.2489,0.0683,0,0,0,22,0
TXN002418,2887.06,31,875,6,3384.61,0.1986,0.165,0.2967,0,0,0,14,0
TXN002419,3236.01,32,641,19,1886.01,0.1661,0.0828,0.045,0,1,0,17,0
TXN002420,177.16,39,448,1,300.21,0.1985,0.1944,0.0549,0,0,0,14,0
TXN002421,1849.98,31,481,3,1985.96,0.2362,0.1619,0.107,1,0,1,7,1
TXN002422,2905.94,57,519,5,3926.75,0.2343,0.1429,0.3806,0,0,0,23,0
TXN002423,5704.72,23,310,1,7769.11,0.3504,0.0412,0.1492,0,0,0,15,0
TXN002424,1559.14,60,478,2,1529.28,0.1974,0.3131,0.093,0,0,0,2,0
TXN002425,396.46,36,58,1,421.96,0.0643,0.3927,0.0651,0,0,0,19,0
TXN002426,2651.0,47,769,0,1486.64,0.2404,0.2643,0.0916,0,1,0,7,0
TXN002427,3331.9,26,124,2,3351.7,0.0103,0.2929,0.0961,0,0,1,15,0
TXN002428,1305.43,38,223,4,962.02,0.2074,0.3214,0.2274,0,0,0,2,1
TXN002429,2502.87,57,1368,3,2276.0,0.5062,0.0466,0.2074,0,0,0,22,0
TXN002430,1318.63,32,408,3,609.28,0.0784,0.1678,0.4137,0,0,0,0,0
TXN002431,1205.12,24,85,0,1423.18,0.2561,0.0988,0.1871,1,0,0,15,0
TXN002432,162.8,45,5,6,191.96,0.0336,0.5615,0.1028,0,0,0,16,0
TXN002433,849.41,26,55,27,563.84,0.1977,0.0427,0.2009,0,0,0,8,1
TXN002434,917.74,34,78,0,1091.94,0.1535,0.1099,0.1805,0,0,0,3,0
TXN002435,1118.52,41,302,5,850.35,0.0363,0.0561,0.1048,0,0,0,10,0
TXN002436,1596.26,47,325,5,441.23,0.1631,0.4476,0.1399,0,0,0,10,0
TXN002437,451.16,51,213,2,772.97,0.3502,0.1878,0.5847,0,1,0,6,0
TXN002438,3207.28,53,242,2,1381.27,0.2402,0.2393,0.5149,0,0,0,21,0
TXN002439,787.55,61,1239,3,1032.4,0.6081,0.3257,0.4508,0,0,0,5,0
TXN002440,2388.4,21,484,9,1144.42,0.4574,0.1202,0.2779,0,1,0,8,0
TXN002441,2669.65,36,296,3,1830.56,0.321,0.1401,0.1869,0,0,1,7,0
TXN002442,1199.87,18,143,2,862.46,0.3048,0.1864,0.1939,0,0,1,18,0
TXN002443,2613.37,18,78,3,2839.62,0.1719,0.0971,0.0622,0,0,0,17,0
TXN002444,478.06,29,76,3,548.68,0.0843,0.1295,0.2698,0,0,0,12,0
TXN002445,2842.67,49,462,1,4228.5,0.0551,0.3153,0.2399,0,1,0,1,0
TXN002446,2398.45,64,37,3,2390.19,0.0743,0.1611,0.1044,0,0,0,15,0
TXN002447,772.51,58,420,18,854.74,0.0846,0.1385,0.091,0,0,0,19,1
TXN002448,994.8,51,855,12,895.58,0.3213,0.0643,0.2706,0,0,0,18,0
TXN002449,583.39,58,184,3,1267.39,0.3062,0.2022,0.3533,0,0,0,3,0
TXN002450,1688.38,26,2849,3,1667.48,0.1263,0.0395,0.2396,0,0,0,13,0
TXN002451,4725.09,61,182,2,2359.45,0.1438,0.1149,0.1318,0,0,0,7,0
TXN002452,721.13,64,221,5,429.06,0.0214,0.0451,0.1476,0,1,0,21,0
TXN002453,1508.48,22,2058,1,1489.52,0.3662,0.137,0.1819,0,0,0,3,0
TXN002454,1020.22,42,210,3,249.25,0.1933,0.0885,0.1295,0,0,0,17,0
TXN002455,705.1,61,245,4,968.64,0.2302,0.2833,0.1342,1,1,0,21,0
TXN002456,2893.06,42,659,18,3034.31,0.3213,0.1154,0.0173,0,0,0,22,0
TXN002457,183.07,61,777,1,406.54,0.3108,0.2483,0.0458,0,0,0,0,0
TXN002458,286.73,66,569,3,358.0,0.2926,0.2787,0.047,0,0,0,3,0
TXN002459,3421.57,42,356,1,1279.92,0.0591,0.1062,0.2051,0,0,0,20,0
TXN002460,2368.91,21,96,4,2896.33,0.0826,0.1716,0.3107,0,0,0,2,0
TXN002461,594.35,35,55,2,1377.16,0.0936,0.1033,0.4987,0,0,0,6,0
TXN002462,467.02,29,11,0,289.1,0.0636,0.1357,0.2969,0,1,0,8,0
TXN002463,418.16,42,407,3,337.58,0.0219,0.072,0.087,1,0,0,2,0
TXN002464,1854.33,48,681,4,1174.29,0.3152,0.5905,0.2741,1,0,0,0,0
TXN002465,407.95,42,388,4,480.36,0.1778,0.2593,0.1727,0,0,0,20,0
TXN002466,693.51,28,42,14,1206.74,0.0985,0.1219,0.3349,0,0,0,21,1
TXN002467,1137.06,33,104,3,1257.9,0.054,0.1164,0.2748,0,0,0,17,0
TXN002468,1056.1,53,194,13,778.34,0.2863,0.3716,0.1104,0,0,0,3,0
TXN002469,3753.89,19,52,3,3906.23,0.2087,0.6049,0.0804,0,0,0,11,0
TXN002470,2052.27,29,234,1,1657.93,0.1875,0.3403,0.1876,0,0,0,3,0
TXN002471,1906.19,64,528,2,2560.9,0.0565,0.394,0.1276,0,0,0,12,0
TXN002472,2639.15,23,934,2,2088.93,0.1814,0.0065,0.1959,0,0,0,19,0
TXN002473,985.64,39,1063,4,987.27,0.1031,0.1212,0.0769,0,0,0,14,0
TXN002474,649.15,28,1015,8,957.08,0.2545,0.3727,0.0979,0,0,0,3,0
TXN002475,961.64,23,45,5,890.4,0.264,0.0707,0.1172,0,0,0,19,0
TXN002476,1428.09,39,1282,3,1766.53,0.123,0.1609,0.0363,0,0,0,21,0
TXN002477,976.71,45,491,3,695.58,0.205,0.1259,0.1172,1,0,0,11,0
TXN002478,5929.88,27,1540,1,3668.44,0.0784,0.1609,0.3432,0,0,0,2,0
TXN002479,857.26,22,43,0,650.6,0.4252,0.1673,0.0934,0,0,0,18,0
TXN002480,518.47,25,72,5,1274.27,0.4295,0.2904,0.0259,0,0,0,20,0
TXN002481,549.51,51,1930,2,934.16,0.262,0.1415,0.0839,0,0,0,20,0
TXN002482,563.59,62,473,4,799.87,0.2148,0.1412,0.1267,0,1,0,4,0
TXN002483,3237.87,27,631,4,5017.28,0.1404,0.4278,0.0255,1,0,0,14,0
TXN002484,598.3,34,763,2,806.47,0.0554,0.1638,0.2771,0,0,0,13,0
TXN002485,1473.77,35,56,2,885.98,0.3264,0.3782,0.2017,0,0,0,14,0
TXN002486,1011.68,36,127,5,688.91,0.2982,0.132,0.3204,0,0,0,10,0
TXN002487,893.91,30,2,23,1128.59,0.3191,0.0821,0.0928,0,0,0,12,1
TXN002488,1414.56,20,1913,3,1021.56,0.2909,0.0676,0.0691,0,0,0,12,0
TXN002489,600.27,45,246,2,500.96,0.1517,0.2477,0.25,1,0,0,21,0
TXN002490,800.21,36,20,0,814.8,0.3527,0.2561,0.0927,0,1,1,22,1
TXN002491,3159.93,35,4,3,1680.39,0.2612,0.2713,0.0214,0,0,0,7,0
TXN002492,1564.28,31,124,4,2250.46,0.1633,0.1546,0.299,0,0,0,22,0
TXN002493,1148.05,66,110,18,1115.21,0.1074,0.3381,0.2357,1,0,0,3,0
TXN002494,641.19,49,1016,3,1142.87,0.2959,0.11,0.0942,1,0,0,2,0
TXN002495,490.63,39,34,3,851.76,0.1655,0.1983,0.0771,0,0,0,21,0
TXN002496,364.99,28,453,3,771.46,0.0636,0.0343,0.1175,0,0,0,8,0
TXN002497,334.98,59,202,4,576.11,0.1948,0.0924,0.3506,0,0,0,2,0
TXN002498,386.08,64,32,5,368.83,0.3617,0.2471,0.1035,0,0,0,7,1
TXN002499,567.89,19,116,4,670.68,0.0645,0.3182,0.3327,0,0,0,21,0
TXN002500,1780.07,66,955,2,2064.9,0.2903,0.149,0.3062,0,0,0,15,0
TXN002501,691.16,54,95,3,814.77,0.0721,0.1933,0.1851,0,0,0,13,0
TXN002502,2281.97,23,280,6,860.74,0.276,0.2031,0.1716,0,0,0,22,0
TXN002503,454.28,57,985,4,849.09,0.2088,0.2806,0.0997,0,0,0,4,0
TXN002504,1322.19,23,255,2,2620.96,0.1277,0.1807,0.2688,0,0,0,2,0
TXN002505,359.66,20,2134,3,572.57,0.0451,0.0261,0.4341,0,0,0,1,0
TXN002506,1279.72,23,495,4,1331.33,0.105,0.1552,0.6713,0,0,0,21,0
TXN002507,1387.42,41,268,4,1045.32,0.0485,0.1263,0.0866,0,0,0,5,0
TXN002508,1616.1,50,741,3,1150.04,0.2602,0.1203,0.0357,0,0,0,20,0
TXN002509,2187.68,39,283,2,1301.2,0.1926,0.0933,0.331,0,0,0,17,0
TXN002510,1075.44,24,282,6,1141.41,0.1484,0.5611,0.3554,0,0,0,9,0
TXN002511,1536.31,28,368,3,1910.49,0.3232,0.1196,0.1993,0,1,0,23,0
TXN002512,2638.39,62,186,2,1074.4,0.127,0.3559,0.035,0,1,0,10,0
TXN002513,804.12,68,322,2,3718.45,0.2009,0.3365,0.215,0,1,0,9,0
TXN002514,1171.05,57,644,3,1131.32,0.0246,0.2643,0.1657,0,0,1,3,0
TXN002515,421.61,23,607,1,332.81,0.1728,0.3698,0.1965,0,0,0,11,0
TXN002516,4804.67,60,17,4,1714.4,0.0646,0.1641,0.1231,0,1,0,9,1
TXN002517,578.92,53,251,3,1442.98,0.2078,0.4632,0.3245,1,0,0,10,0
TXN002518,890.43,45,109,4,1121.9,0.2909,0.1546,0.1923,1,0,0,12,0
TXN002519,433.38,25,117,3,914.43,0.3635,0.2015,0.3795,0,0,0,15,0
TXN002520,92.82,69,259,4,249.58,0.1161,0.0999,0.2333,0,0,0,14,0
TXN002521,250.82,41,556,5,280.68,0.3572,0.1278,0.209,0,0,0,15,0
TXN002522,5494.29,20,124,3,3474.7,0.2358,0.3493,0.1032,0,0,1,0,0
TXN002523,1412.94,28,114,7,727.89,0.3466,0.3145,0.4247,0,1,0,5,0
TXN002524,1609.06,38,735,5,2155.84,0.2014,0.2846,0.1127,0,0,0,15,0
TXN002525,515.15,21,114,2,357.05,0.2305,0.4036,0.2662,0,0,0,12,0
TXN002526,472.7,34,176,5,527.0,0.1897,0.0949,0.0912,0,0,0,18,0
TXN002527,2395.06,42,144,2,1763.49,0.3313,0.0766,0.1247,0,0,0,10,0
TXN002528,1926.02,67,80,4,1020.71,0.3107,0.1301,0.2116,0,0,0,4,0
TXN002529,1435.89,22,681,24,1597.77,0.0922,0.2812,0.196,1,0,0,13,1
TXN002530,1964.11,47,1963,3,1086.22,0.0518,0.2273,0.0865,0,0,0,9,0
TXN002531,486.61,65,51,1,948.26,0.4664,0.2669,0.1474,0,0,0,19,0
TXN002532,977.55,59,176,3,681.28,0.0381,0.0801,0.3068,0,0,0,10,0
TXN002533,839.43,66,166,1,475.42,0.1704,0.0138,0.0573,0,0,0,8,0
TXN002534,4882.96,26,86,3,2927.46,0.2332,0.1053,0.1156,0,0,0,3,0
TXN002535,1711.89,59,326,5,3284.98,0.4137,0.1003,0.3277,0,0,0,6,0
TXN002536,473.29,68,1017,5,530.02,0.3335,0.1639,0.3754,0,0,1,16,0
TXN002537,597.85,34,23,2,506.31,0.1153,0.5447,0.2173,0,0,0,2,0
TXN002538,1096.89,43,896,7,859.68,0.2948,0.1339,0.1877,0,0,0,0,0
TXN002539,1483.32,45,177,3,1391.73,0.0356,0.0962,0.1633,1,0,0,17,0
TXN002540,2119.17,43,1008,6,965.58,0.3056,0.1996,0.0784,0,0,0,5,0
TXN002541,762.85,33,208,1,1555.67,0.1185,0.2677,0.0907,1,0,0,16,0
TXN002542,928.33,68,128,0,1059.47,0.2607,0.0757,0.3037,0,0,0,23,0
TXN002543,400.01,67,15,5,1012.08,0.3452,0.026,0.1226,0,0,0,15,1
TXN002544,8356.89,37,1,3,5938.16,0.538,0.2645,0.0228,0,0,0,2,0
TXN002545,1030.09,59,582,3,759.27,0.1981,0.5103,0.2914,0,0,0,23,1
TXN002546,21800.64,38,1054,3,3456.33,0.0942,0.1078,0.1031,0,0,0,18,0
TXN002547,5309.76,59,275,24,3019.37,0.1235,0.0992,0.0493,0,0,0,23,1
TXN002548,1872.66,48,398,4,1560.66,0.3331,0.4555,0.6359,0,0,0,18,0
TXN002549,327.63,42,10,5,284.78,0.1968,0.3834,0.2667,0,0,0,19,0
TXN002550,941.62,24,724,10,1120.74,0.1345,0.1207,0.1678,0,0,0,6,0
TXN002551,821.79,52,299,18,764.88,0.2436,0.1615,0.1463,0,0,0,5,1
TXN002552,1294.66,34,1213,1,1112.16,0.0896,0.2465,0.1342,0,0,0,5,0
TXN002553,176.85,29,436,2,521.09,0.1948,0.0602,0.1584,0,0,0,4,0
TXN002554,2074.93,28,275,3,1861.95,0.39,0.0859,0.3166,0,0,0,16,0
TXN002555,2310.1,69,3,4,2185.26,0.2763,0.0807,0.1088,0,0,0,8,0
TXN002556,6527.14,23,875,5,2487.46,0.2078,0.3637,0.0933,0,0,0,10,0
TXN002557,780.59,59,469,3,839.22,0.112,0.0553,0.1304,0,0,0,20,0
TXN002558,342.87,63,450,7,522.38,0.0295,0.2305,0.2845,0,0,0,19,1
TXN002559,1625.99,19,991,0,1402.73,0.0692,0.1235,0.0766,0,0,0,19,0
TXN002560,3905.51,48,86,3,3749.03,0.3876,0.0358,0.1443,0,0,0,21,0
TXN002561,1071.42,48,781,4,1151.21,0.1813,0.5369,0.1162,0,0,0,14,0
TXN002562,744.84,36,41,3,1505.09,0.2426,0.34,0.1975,0,0,1,20,1
TXN002563,853.84,52,26,2,930.34,0.2935,0.2098,0.0154,0,0,0,5,0
TXN002564,560.6,39,1055,4,770.91,0.0428,0.3963,0.0606,0,0,0,1,0
TXN002565,1543.38,40,1208,2,1738.53,0.115,0.2756,0.1684,0,0,0,18,0
TXN002566,1523.0,40,66,3,1018.16,0.2458,0.2815,0.2054,0,0,1,4,0
TXN002567,1003.73,59,133,23,1454.57,0.3941,0.217,0.2451,0,0,0,23,1
TXN002568,1385.17,50,192,23,1564.4,0.0406,0.2276,0.3234,0,0,0,12,1
TXN002569,1883.57,37,883,7,1398.65,0.0228,0.2655,0.2481,1,0,0,17,0
TXN002570,1397.34,66,808,6,1620.51,0.4337,0.2724,0.0384,0,0,0,23,0
TXN002571,2535.0,59,168,4,603.59,0.3401,0.6081,0.3705,0,0,0,7,0
TXN002572,663.19,66,666,2,578.35,0.0774,0.2639,0.1672,0,0,0,6,0
TXN002573,537.6,55,16,2,1064.4,0.2594,0.0291,0.085,0,0,0,11,0
TXN002574,682.25,38,120,7,1082.48,0.4026,0.2463,0.0285,0,0,0,9,0
TXN002575,453.69,58,326,5,760.8,0.1456,0.2905,0.2768,0,0,0,14,0
TXN002576,824.63,35,289,5,1298.16,0.3288,0.1096,0.3069,0,0,0,3,0
TXN002577,2782.46,32,245,2,2070.93,0.3365,0.3046,0.3599,0,0,0,10,0
TXN002578,1370.15,41,66,5,2518.1,0.0764,0.1662,0.0487,0,0,0,14,0
TXN002579,2456.32,68,740,2,2947.12,0.0898,0.1155,0.2324,0,0,0,18,0
TXN002580,819.05,47,106,0,436.87,0.3305,0.0617,0.1816,1,0,0,12,0
TXN002581,365.05,37,713,4,485.85,0.1157,0.2265,0.402,0,1,0,18,0
TXN002582,1295.39,42,611,1,895.38,0.3206,0.1149,0.2398,1,0,0,3,0
TXN002583,459.7,33,224,3,1160.03,0.2225,0.3438,0.2228,0,0,1,6,0
TXN002584,756.93,52,321,1,928.07,0.1263,0.2803,0.2648,0,0,0,15,0
TXN002585,457.55,36,275,0,744.83,0.4101,0.1906,0.1809,0,0,0,19,0
TXN002586,1045.01,46,2141,5,886.17,0.0572,0.2864,0.1949,1,0,0,18,0
TXN002587,870.61,37,253,8,1538.13,0.3781,0.1139,0.3702,0,0,0,18,0
TXN002588,1349.62,34,1048,2,432.36,0.3931,0.094,0.0792,0,0,1,5,1
TXN002589,2295.46,68,702,4,5655.31,0.3083,0.1044,0.1826,0,0,0,13,0
TXN002590,2078.44,35,495,3,1112.87,0.3093,0.1842,0.1079,0,0,0,2,0
TXN002591,3709.47,21,19,3,2288.37,0.2299,0.3138,0.1953,0,0,1,15,0
TXN002592,866.46,37,236,1,730.7,0.1149,0.1775,0.0533,0,0,0,16,0
TXN002593,1689.15,45,1105,4,1639.33,0.3288,0.084,0.3199,0,0,1,19,0
TXN002594,3262.64,22,621,3,1176.22,0.1056,0.2887,0.2756,0,0,0,7,0
TXN002595,7775.99,33,953,14,1997.73,0.2159,0.2115,0.3855,0,0,0,3,1
TXN002596,851.46,26,216,2,954.27,0.0936,0.0294,0.2077,0,0,0,1,0
TXN002597,3543.49,44,8,3,3248.97,0.2029,0.3596,0.0052,1,0,0,15,0
TXN002598,284.79,55,854,9,385.89,0.1071,0.0508,0.1353,0,0,0,17,0
TXN002599,1120.41,68,316,6,2131.46,0.3134,0.2035,0.2592,0,0,0,2,0
TXN002600,1537.35,38,136,1,1191.66,0.2229,0.3663,0.4078,0,0,1,16,1
TXN002601,616.75,62,274,2,537.63,0.2005,0.2025,0.3721,0,0,0,22,0
TXN002602,1773.7,29,183,2,4300.33,0.0835,0.2525,0.3885,0,0,0,6,0
TXN002603,5140.42,58,106,1,4000.16,0.1746,0.5794,0.0421,1,1,0,3,0
TXN002604,300.07,47,261,5,256.8,0.0886,0.0921,0.0704,1,0,0,18,0
TXN002605,891.64,57,88,3,1241.09,0.3121,0.3472,0.166,0,0,0,10,0
TXN002606,1245.6,57,1346,4,1797.16,0.3228,0.4043,0.0305,0,0,0,12,0
TXN002607,1886.11,45,73,1,1493.97,0.1322,0.1452,0.5594,0,0,0,8,0
TXN002608,7675.25,31,403,4,3168.05,0.164,0.2938,0.0848,0,0,0,21,0
TXN002609,3409.98,45,850,1,2738.99,0.0945,0.0159,0.0856,0,0,0,13,0
TXN002610,2028.19,60,633,4,1320.32,0.2151,0.189,0.183,0,0,0,22,0
TXN002611,3416.13,68,228,2,5399.02,0.0586,0.1234,0.1267,0,0,0,13,0
TXN002612,1682.34,66,587,3,2112.85,0.3142,0.1129,0.1487,0,0,0,12,0
TXN002613,1198.01,27,229,6,857.49,0.1207,0.0603,0.3312,0,0,0,22,0
TXN002614,352.93,49,182,6,744.98,0.3917,0.3084,0.043,0,0,0,21,0
TXN002615,2934.52,23,154,5,2618.45,0.5777,0.1684,0.0856,0,0,0,9,0
TXN002616,825.77,52,76,2,629.5,0.0963,0.1667,0.1001,0,0,1,13,0
TXN002617,805.92,69,339,5,823.19,0.2253,0.0418,0.1306,0,0,0,5,0
TXN002618,1105.39,20,423,3,927.32,0.0594,0.2657,0.5913,0,0,0,15,0
TXN002619,1452.09,52,272,4,1406.64,0.4573,0.1952,0.2587,0,0,0,23,0
TXN002620,680.2,67,121,3,957.74,0.041,0.1826,0.2355,0,0,0,9,0
TXN002621,228.19,62,111,4,436.21,0.1382,0.0916,0.1662,0,0,0,3,0
TXN002622,2353.79,38,5,2,2473.66,0.3581,0.2039,0.1927,0,0,0,1,1
TXN002623,1693.24,23,473,0,826.27,0.2682,0.3035,0.2183,0,0,0,22,0
TXN002624,7921.72,66,1305,1,4509.56,0.0712,0.1707,0.0633,0,1,1,5,0
TXN002625,1121.99,65,544,5,1356.68,0.4272,0.3258,0.0512,0,0,1,13,0
TXN002626,2176.97,48,816,3,2662.57,0.0712,0.3672,0.1069,0,0,0,21,0
TXN002627,1339.11,68,144,3,1705.48,0.1778,0.498,0.0989,0,0,0,6,0
TXN002628,2161.96,18,448,3,2753.26,0.3482,0.3001,0.3864,1,0,0,0,0
TXN002629,1915.05,50,4,18,1634.74,0.1264,0.2353,0.0989,1,0,0,18,0
TXN002630,2312.84,20,365,2,1292.87,0.1353,0.1506,0.0783,0,0,0,12,0
TXN002631,8182.96,66,1375,5,2357.28,0.1329,0.2528,0.1177,0,0,0,22,0
TXN002632,3959.07,53,217,3,6249.02,0.1038,0.0177,0.1369,0,0,1,7,1
TXN002633,1298.92,65,226,3,907.91,0.1652,0.1033,0.1425,0,0,0,4,0
TXN002634,2577.91,47,284,2,1913.04,0.1024,0.045,0.2599,0,0,0,14,0
TXN002635,911.39,22,613,3,1092.61,0.1983,0.1587,0.1071,0,0,0,19,0
TXN002636,888.86,19,56,2,1562.81,0.0711,0.3733,0.0238,1,1,0,21,0
TXN002637,1314.18,35,442,6,1129.48,0.3363,0.1812,0.2179,0,0,0,22,0
TXN002638,777.06,56,794,5,242.16,0.0388,0.4542,0.2076,1,0,0,12,0
TXN002639,1105.27,25,236,3,953.24,0.2201,0.1516,0.4175,0,0,0,5,0
TXN002640,1431.83,62,343,2,2207.66,0.115,0.0355,0.149,0,0,0,13,0
TXN002641,588.67,30,1004,2,641.85,0.1749,0.1466,0.0232,0,0,0,13,0
TXN002642,1116.07,43,408,3,2089.46,0.2981,0.2624,0.3132,0,0,0,0,0
TXN002643,1259.8,28,54,3,1247.04,0.2548,0.1208,0.0752,0,0,0,16,0
TXN002644,1396.65,42,554,2,959.06,0.4929,0.0669,0.0322,0,0,0,20,0
TXN002645,1412.53,41,111,18,2067.45,0.0718,0.4905,0.3452,0,0,0,21,0
TXN002646,294.75,18,359,7,1766.44,0.2033,0.3889,0.1204,1,0,0,19,0
TXN002647,1714.14,47,458,3,1472.01,0.1594,0.3281,0.2005,0,0,0,4,0
TXN002648,1694.73,58,208,4,2233.06,0.0978,0.2861,0.2288,0,0,0,13,0
TXN002649,836.56,66,125,2,1264.17,0.1913,0.0523,0.1248,0,0,0,19,0
TXN002650,228.4,35,1111,5,346.79,0.2127,0.1869,0.0299,1,0,0,16,0
TXN002651,1048.85,63,470,3,841.61,0.0336,0.4009,0.1128,0,1,0,11,0
TXN002652,247.79,63,325,6,310.11,0.2525,0.2054,0.1269,0,0,0,0,0
TXN002653,2898.36,69,183,5,1737.42,0.3263,0.4234,0.0651,1,0,0,6,0
TXN002654,3467.5,37,1002,3,2053.58,0.3887,0.144,0.0653,0,0,0,2,0
TXN002655,1826.84,62,384,4,2120.04,0.2137,0.0222,0.2422,0,0,0,7,1
TXN002656,1159.67,47,1492,4,1544.36,0.1997,0.2128,0.0191,0,0,0,7,0
TXN002657,2316.44,21,252,3,2159.32,0.0889,0.394,0.1327,0,1,0,21,0
TXN002658,335.76,32,779,3,363.72,0.1114,0.1543,0.3355,0,0,0,5,0
TXN002659,387.93,52,648,3,1017.09,0.0826,0.0403,0.1572,1,0,0,19,0
TXN002660,1167.14,26,317,1,407.3,0.3007,0.1605,0.1141,1,0,0,12,0
TXN002661,1264.02,40,460,2,853.35,0.1339,0.4075,0.2331,0,0,0,14,0
TXN002662,2634.53,58,1155,4,3399.47,0.181,0.2724,0.331,0,0,1,19,1
TXN002663,821.6,25,98,2,2357.29,0.1811,0.2126,0.1662,0,0,0,0,0
TXN002664,1578.71,43,6,1,1743.41,0.1987,0.1314,0.2575,1,0,0,8,0
TXN002665,698.88,29,259,2,965.71,0.293,0.036,0.2074,0,0,1,3,0
TXN002666,529.1,45,73,3,547.02,0.383,0.096,0.2905,1,0,0,18,0
TXN002667,380.24,30,97,4,1250.03,0.2768,0.212,0.6196,0,0,0,14,0
TXN002668,1840.4,68,1177,1,2386.24,0.1331,0.2906,0.242,0,1,0,3,0
TXN002669,1165.24,21,242,5,1461.05,0.2848,0.3428,0.4689,0,0,0,21,0
TXN002670,325.14,68,79,3,361.41,0.1734,0.1479,0.1907,0,0,0,13,0
TXN002671,1036.2,59,405,3,1179.95,0.4441,0.1435,0.0428,1,0,0,6,1
TXN002672,295.72,62,1,3,287.34,0.1366,0.0169,0.028,0,0,0,12,1
TXN002673,4445.18,62,131,3,1925.48,0.084,0.0181,0.1242,1,0,0,15,0
TXN002674,508.59,27,231,1,675.12,0.2802,0.3626,0.0454,0,0,0,7,0
TXN002675,282.22,66,474,6,465.83,0.2061,0.3349,0.1751,0,0,0,22,0
TXN002676,751.84,48,993,5,1944.09,0.214,0.1813,0.0699,0,0,0,18,0
TXN002677,1224.7,68,9,2,1622.24,0.1896,0.1155,0.4546,0,0,0,17,0
TXN002678,597.04,63,256,3,1290.36,0.2489,0.174,0.2956,0,0,0,16,0
TXN002679,8623.52,48,74,1,5085.74,0.1092,0.1358,0.1265,0,0,0,22,0
TXN002680,1622.37,37,569,1,1710.43,0.2013,0.2289,0.1064,0,0,0,4,0
TXN002681,1170.56,24,341,2,698.22,0.236,0.0644,0.0677,0,0,1,7,0
TXN002682,3531.85,23,172,1,1577.26,0.2033,0.181,0.3806,0,1,0,5,0
TXN002683,557.78,38,76,3,897.62,0.2817,0.0843,0.125,0,0,1,22,0
TXN002684,2198.84,60,470,1,2661.73,0.2847,0.2078,0.3546,0,0,0,19,0
TXN002685,2776.96,44,215,4,1335.0,0.3412,0.2111,0.2614,0,0,0,8,0
TXN002686,1587.66,43,610,28,1430.74,0.0779,0.0645,0.2605,1,0,0,6,1
TXN002687,532.28,30,355,5,399.55,0.0948,0.2809,0.2351,0,0,0,6,0
TXN002688,2020.47,47,185,5,1144.76,0.2403,0.1869,0.2567,0,0,0,19,0
TXN002689,1726.23,51,903,5,1054.28,0.3859,0.4712,0.2423,0,0,0,15,1
TXN002690,670.99,69,466,3,535.42,0.1899,0.1819,0.1531,0,0,0,23,0
TXN002691,2024.24,55,615,1,939.13,0.4174,0.1278,0.151,0,1,0,20,0
TXN002692,1432.94,49,332,4,1487.76,0.4325,0.2772,0.0979,0,0,1,0,0
TXN002693,1454.81,65,411,5,1093.3,0.3741,0.1175,0.0504,0,0,0,18,0
TXN002694,370.3,40,398,1,408.11,0.1459,0.0531,0.2904,0,0,0,2,0
TXN002695,1587.72,66,238,0,905.74,0.3366,0.1297,0.1195,1,0,0,23,0
TXN002696,537.52,37,160,3,790.28,0.1296,0.0671,0.1875,0,0,0,1,0
TXN002697,497.65,24,936,4,1255.71,0.0706,0.1887,0.0714,0,0,0,11,0
TXN002698,1669.17,39,175,2,1164.3,0.2884,0.3884,0.1257,0,0,0,21,0
TXN002699,469.09,24,57,1,822.11,0.0894,0.1036,0.2801,0,0,0,1,0
TXN002700,432.23,24,232,5,799.94,0.0252,0.4586,0.1133,0,0,0,6,0
TXN002701,2304.84,63,452,7,1149.47,0.4052,0.33,0.407,0,0,0,14,0
TXN002702,3661.17,59,763,2,2151.85,0.0744,0.0272,0.0944,1,0,0,7,0
TXN002703,1103.98,29,359,22,1332.81,0.0472,0.2879,0.2707,0,0,0,0,1
TXN002704,556.21,61,624,1,2969.5,0.3866,0.2143,0.0661,1,1,0,7,0
TXN002705,3250.34,21,967,22,2424.14,0.3286,0.0628,0.0747,0,0,0,6,1
TXN002706,4501.0,32,749,23,3126.53,0.2398,0.0495,0.0647,0,0,0,22,1
TXN002707,3798.21,54,176,3,2858.46,0.0369,0.1698,0.1027,0,0,0,9,0
TXN002708,4243.03,33,822,1,3274.97,0.0214,0.1878,0.0599,0,1,0,7,1
TXN002709,442.76,55,787,4,489.21,0.0643,0.2349,0.0612,0,0,0,2,0
TXN002710,1376.69,63,137,3,1725.37,0.229,0.1627,0.198,0,0,0,4,0
TXN002711,1400.29,21,114,5,2572.99,0.1232,0.2653,0.0901,0,0,1,3,0
TXN002712,1989.72,19,976,2,2919.94,0.2767,0.1163,0.1582,0,0,0,23,0
TXN002713,763.04,66,478,17,639.38,0.3582,0.2284,0.1444,0,0,1,11,1
TXN002714,2092.31,45,299,1,1737.44,0.0713,0.1175,0.0765,0,0,0,7,0
TXN002715,1784.77,44,776,3,1155.91,0.0669,0.0461,0.2842,1,1,0,0,0
TXN002716,1843.47,42,18,22,3995.57,0.1756,0.6131,0.1863,0,0,0,6,1
TXN002717,166.72,40,54,2,415.26,0.2087,0.1561,0.3037,0,0,0,18,0
TXN002718,519.39,53,712,4,640.02,0.228,0.2999,0.0702,0,0,0,14,0
TXN002719,176.19,48,451,2,308.76,0.2561,0.2402,0.1149,0,0,0,0,0
TXN002720,1344.16,26,18,2,1213.46,0.2321,0.3623,0.1329,0,0,0,11,0
TXN002721,2602.57,50,26,1,5349.12,0.2326,0.1378,0.1134,0,0,1,13,0
TXN002722,2034.67,52,382,3,1063.12,0.2825,0.3193,0.0728,0,0,0,10,0
TXN002723,748.89,23,148,2,1177.0,0.0575,0.1962,0.0595,1,0,0,3,0
TXN002724,3870.5,37,204,5,1611.9,0.1266,0.027,0.2045,0,0,0,2,0
TXN002725,1348.79,59,793,7,1010.9,0.2166,0.069,0.341,0,0,0,23,0
TXN002726,793.01,50,542,4,1416.89,0.1406,0.0585,0.3301,0,0,0,19,0
TXN002727,4567.21,25,458,0,1443.1,0.048,0.0373,0.3108,0,0,0,2,1
TXN002728,702.12,20,561,2,606.75,0.0599,0.0688,0.0865,0,0,0,19,0
TXN002729,1124.99,48,276,2,1026.76,0.1382,0.3736,0.1984,0,0,0,22,0
TXN002730,1778.43,42,278,1,1843.37,0.0281,0.0654,0.1214,1,1,0,1,0
TXN002731,2715.16,67,879,5,2100.65,0.2775,0.0623,0.1407,0,0,0,4,0
TXN002732,3633.43,45,19,8,2721.53,0.0124,0.2262,0.3738,0,0,0,3,1
TXN002733,861.84,66,504,8,1386.87,0.4383,0.2515,0.0843,1,0,0,1,0
TXN002734,1250.87,29,71,2,1406.77,0.1893,0.2329,0.1138,0,0,0,17,0
TXN002735,1975.87,41,481,3,1854.05,0.1496,0.0321,0.3129,0,0,0,23,0
TXN002736,996.42,25,37,10,723.18,0.058,0.3846,0.1514,0,0,0,9,0
TXN002737,977.29,47,2103,1,702.72,0.1327,0.234,0.2127,0,0,0,9,0
TXN002738,1100.08,27,744,7,1004.9,0.0247,0.2231,0.1453,0,0,1,9,0
TXN002739,331.89,43,68,6,449.21,0.199,0.0806,0.281,0,0,0,5,0
TXN002740,1047.28,35,383,4,1458.01,0.3947,0.1302,0.0218,0,0,0,22,0
TXN002741,1186.83,27,1759,0,2285.54,0.2879,0.0177,0.4144,0,0,0,20,0
TXN002742,924.17,23,181,3,667.12,0.0926,0.227,0.1785,0,0,0,22,0
TXN002743,1059.78,44,534,2,1487.13,0.3165,0.1179,0.1942,0,1,0,20,0
TXN002744,635.33,67,1987,4,706.0,0.1417,0.1289,0.3146,0,0,0,19,0
TXN002745,613.49,28,553,2,538.29,0.1506,0.1995,0.0993,0,0,0,8,0
TXN002746,4633.45,39,133,2,4623.43,0.0748,0.1136,0.4587,0,0,0,21,0
TXN002747,542.05,29,615,5,543.72,0.2238,0.0986,0.1304,0,0,0,3,0
TXN002748,272.26,60,436,5,447.86,0.1034,0.0563,0.113,0,0,0,6,0
TXN002749,1477.6,39,55,2,1274.49,0.3541,0.1018,0.0434,0,1,0,11,0
TXN002750,1114.22,68,167,4,1323.41,0.0664,0.0217,0.2403,0,0,0,10,0
TXN002751,1668.27,30,34,3,1749.46,0.1088,0.2261,0.2032,0,0,0,21,0
TXN002752,8414.76,22,104,2,4450.89,0.3592,0.2343,0.2511,0,0,0,23,0
TXN002753,840.45,48,219,2,636.52,0.3996,0.1226,0.1241,0,1,0,19,0
TXN002754,534.4,51,17,7,731.5,0.0989,0.543,0.169,0,0,0,19,0
TXN002755,3115.86,69,384,3,3381.8,0.1204,0.0496,0.3995,1,0,0,21,0
TXN002756,5100.41,63,112,1,2116.22,0.2164,0.3445,0.3143,0,0,0,4,0
TXN002757,1621.32,63,369,6,1919.95,0.1511,0.2518,0.3026,0,0,0,13,0
TXN002758,741.76,50,532,3,725.67,0.0707,0.1992,0.1298,0,0,0,14,1
TXN002759,3475.18,36,350,3,2411.78,0.3093,0.0565,0.2011,0,0,1,14,1
TXN002760,2165.88,40,391,2,1924.13,0.1543,0.0543,0.0936,0,1,1,4,0
TXN002761,1020.07,24,88,3,1252.22,0.0432,0.1841,0.1617,1,0,0,22,0
TXN002762,483.8,40,1897,2,728.18,0.1926,0.2086,0.1085,0,0,0,6,0
TXN002763,1175.13,36,167,1,1181.67,0.0639,0.0686,0.0781,0,0,0,6,0
TXN002764,4993.3,19,135,4,3477.05,0.3134,0.2707,0.1537,0,0,0,21,0
TXN002765,1054.39,28,1018,1,509.9,0.3211,0.1841,0.1635,0,0,0,12,0
TXN002766,279.83,45,608,3,626.49,0.3636,0.1773,0.5358,1,0,0,17,0
TXN002767,1863.24,37,69,0,706.65,0.3054,0.2018,0.1841,0,1,0,18,0
TXN002768,701.91,69,27,3,822.56,0.196,0.1719,0.1813,0,0,0,18,0
TXN002769,1803.78,42,173,6,1084.62,0.2584,0.2331,0.1831,0,0,0,23,0
TXN002770,1429.89,67,1731,1,2145.22,0.4053,0.1315,0.1198,0,0,0,8,0
TXN002771,624.55,52,704,0,1514.73,0.053,0.1533,0.1468,0,0,0,13,0
TXN002772,555.83,20,318,11,1144.35,0.5053,0.2996,0.3219,0,0,0,5,1
TXN002773,1109.73,28,5,3,1331.28,0.4142,0.3837,0.0576,0,0,0,6,0
TXN002774,2264.35,54,191,0,1697.3,0.0956,0.2542,0.1777,0,0,1,13,0
TXN002775,343.77,46,160,2,337.92,0.1614,0.2391,0.2537,0,0,1,17,0
TXN002776,2023.29,33,1313,2,2321.83,0.077,0.0248,0.0588,0,0,0,12,0
TXN002777,1137.31,45,10,2,614.93,0.2545,0.0211,0.1833,0,0,0,3,0
TXN002778,804.83,64,7,3,803.95,0.4271,0.1339,0.3852,0,0,0,1,0
TXN002779,1623.25,38,494,4,1391.73,0.1941,0.54,0.2192,0,1,0,5,0
TXN002780,5757.63,20,61,2,1040.25,0.1746,0.1341,0.2561,0,0,0,9,0
TXN002781,1535.22,34,215,3,1542.02,0.082,0.0917,0.2753,0,0,0,21,0
TXN002782,825.98,66,43,4,1211.09,0.0583,0.229,0.4456,0,0,0,7,0
TXN002783,1166.77,57,89,3,895.58,0.0209,0.3183,0.0726,0,0,0,11,0
TXN002784,4788.06,61,186,2,3197.52,0.2398,0.2345,0.561,0,0,0,3,0
TXN002785,2124.28,65,414,2,1800.19,0.0885,0.2797,0.1484,1,0,0,2,0
TXN002786,1477.02,24,610,5,1354.9,0.2242,0.1085,0.4295,0,0,0,10,0
TXN002787,4023.84,32,365,4,1780.7,0.0849,0.1082,0.2242,0,0,0,17,0
TXN002788,1411.99,21,11,1,669.32,0.0827,0.0074,0.0312,0,0,0,22,0
TXN002789,4712.32,18,225,2,5025.8,0.2199,0.1913,0.1056,0,0,0,10,0
TXN002790,359.51,61,80,2,512.17,0.2642,0.0288,0.1546,0,0,0,2,0
TXN002791,1503.09,66,85,5,1187.04,0.1743,0.2063,0.1998,0,0,0,11,0
TXN002792,627.93,26,284,13,897.4,0.2224,0.3824,0.1502,0,1,0,13,1
TXN002793,1421.9,55,600,4,873.85,0.4222,0.1738,0.3505,0,0,0,23,0
TXN002794,1007.52,45,110,0,797.93,0.1094,0.1315,0.2297,0,0,0,1,0
TXN002795,2774.76,21,685,2,638.94,0.2389,0.1166,0.302,0,0,0,9,0
TXN002796,5665.51,65,608,3,2519.56,0.1333,0.4062,0.1396,1,0,0,23,0
TXN002797,260.71,63,1164,6,471.87,0.0563,0.1159,0.1709,0,0,0,19,0
TXN002798,1641.16,47,884,0,2183.09,0.2579,0.0821,0.3154,0,0,0,4,0
TXN002799,602.63,54,322,3,1726.72,0.166,0.0276,0.2636,0,0,1,8,0
TXN002800,259.2,38,98,4,839.98,0.3805,0.1061,0.1216,1,0,0,16,0
TXN002801,1694.99,59,512,2,1592.13,0.1551,0.1005,0.0858,0,0,0,20,0
TXN002802,509.62,41,1370,17,981.88,0.2388,0.049,0.1805,0,1,1,21,1
TXN002803,1251.31,69,918,2,507.4,0.1681,0.1539,0.1626,0,0,0,19,0
TXN002804,966.37,21,172,4,511.17,0.1513,0.3792,0.1227,0,0,0,17,0
TXN002805,1494.41,26,1629,3,1735.08,0.1669,0.0678,0.2302,0,0,0,3,0
TXN002806,1396.78,68,118,3,1673.21,0.0922,0.1493,0.3621,0,0,0,0,0
TXN002807,2940.58,33,346,4,1299.08,0.2158,0.0943,0.144,0,0,0,17,1
TXN002808,2140.88,34,287,3,833.75,0.2569,0.1131,0.406,0,0,0,15,0
TXN002809,574.65,59,878,3,959.77,0.1108,0.2315,0.0894,0,0,0,7,1
TXN002810,487.1,27,267,13,873.15,0.1857,0.1056,0.5274,0,0,0,7,0
TXN002811,273.56,44,595,3,322.83,0.0353,0.0753,0.3807,0,1,0,12,0
TXN002812,1451.04,32,218,3,1144.68,0.1149,0.1225,0.3371,0,0,0,11,0
TXN002813,1191.77,28,94,3,1580.85,0.1216,0.4034,0.0557,0,0,0,3,0
TXN002814,1474.46,68,721,9,1149.78,0.3749,0.368,0.2774,0,0,0,18,1
TXN002815,11059.76,28,333,4,3783.5,0.0679,0.2077,0.0174,0,0,0,17,0
TXN002816,250.51,22,730,4,542.84,0.2693,0.3615,0.4581,0,0,0,10,0
TXN002817,540.29,53,339,2,690.37,0.1829,0.1279,0.1347,0,1,1,10,0
TXN002818,561.31,63,188,3,1203.65,0.4544,0.0724,0.3619,0,0,0,3,0
TXN002819,820.99,24,219,3,1300.67,0.1713,0.1982,0.0819,0,0,0,18,0
TXN002820,246.43,54,2092,1,289.79,0.1058,0.3726,0.027,1,0,0,15,0
TXN002821,1120.94,46,962,2,1672.19,0.1335,0.1604,0.2117,1,0,0,15,0
TXN002822,1736.82,61,866,5,1304.82,0.1045,0.2157,0.3297,0,0,0,4,0
TXN002823,270.28,24,655,3,248.74,0.3838,0.2555,0.3879,0,0,0,21,0
TXN002824,1191.26,68,81,4,1010.6,0.3854,0.1159,0.1636,0,0,0,21,0
TXN002825,526.02,50,464,7,622.67,0.0644,0.0788,0.3071,0,1,0,3,0
TXN002826,709.56,61,314,4,798.45,0.0863,0.0752,0.2664,0,0,0,9,0
TXN002827,354.41,36,422,2,429.8,0.1435,0.1339,0.0616,0,0,1,3,0
TXN002828,1279.94,67,237,4,1467.52,0.2221,0.1003,0.2894,0,1,1,20,0
TXN002829,4739.56,50,903,5,3764.02,0.2381,0.2067,0.2196,0,0,0,14,0
TXN002830,458.33,24,620,0,1320.17,0.0501,0.2145,0.3938,0,0,0,8,0
TXN002831,283.38,65,455,2,241.88,0.0692,0.1857,0.0445,0,0,0,7,0
TXN002832,830.57,59,213,2,1339.32,0.1519,0.1028,0.2876,0,0,0,4,0
TXN002833,794.24,33,281,4,956.95,0.1279,0.1947,0.4657,0,0,1,21,0
TXN002834,214.96,46,430,24,507.4,0.3191,0.0651,0.4738,0,0,0,11,1
TXN002835,1153.17,38,1,4,1404.64,0.2248,0.1833,0.3605,0,0,0,7,0
TXN002836,2365.33,46,319,0,2030.09,0.2366,0.0841,0.2069,0,0,0,19,0
TXN002837,883.11,68,607,4,686.81,0.2642,0.2691,0.4082,0,0,0,3,0
TXN002838,180.71,64,732,2,347.02,0.1114,0.1098,0.0498,0,0,0,5,0
TXN002839,335.86,29,242,2,268.23,0.0737,0.3134,0.1004,0,1,0,23,0
TXN002840,1288.07,68,222,1,688.16,0.2669,0.2819,0.255,0,0,0,10,0
TXN002841,749.66,40,1722,4,983.53,0.5077,0.2383,0.1708,1,0,0,20,0
TXN002842,764.56,54,83,3,764.17,0.0331,0.1081,0.4042,0,0,0,18,0
TXN002843,217.89,57,279,7,679.73,0.1689,0.0488,0.3262,0,0,0,23,0
TXN002844,996.41,43,283,3,1631.95,0.3155,0.0672,0.2034,0,0,0,18,0
TXN002845,1759.46,41,467,1,1516.22,0.2052,0.301,0.3096,0,0,0,4,0
TXN002846,2132.87,41,391,5,1261.07,0.2351,0.0633,0.1276,0,0,0,12,0
TXN002847,1396.8,62,391,3,1942.13,0.1988,0.0875,0.4529,0,1,0,10,0
TXN002848,3007.15,38,211,5,692.69,0.232,0.1574,0.1478,0,0,0,11,0
TXN002849,605.74,32,639,3,509.69,0.18,0.4668,0.1895,0,0,0,16,0
TXN002850,377.67,36,731,3,760.8,0.2025,0.2437,0.1107,0,0,0,5,0
TXN002851,1471.5,28,705,2,724.94,0.2513,0.2108,0.1297,0,0,0,18,0
TXN002852,130.97,38,278,3,260.89,0.1087,0.0847,0.1147,1,0,0,15,0
TXN002853,896.71,23,407,0,748.52,0.4095,0.3289,0.1657,0,0,0,16,0
TXN002854,1425.55,22,121,6,2376.53,0.1568,0.2213,0.0818,0,0,0,4,0
TXN002855,910.51,55,412,3,1920.99,0.1192,0.1716,0.1386,0,0,0,20,0
TXN002856,2688.7,22,408,4,1583.87,0.1065,0.1166,0.1249,0,0,0,7,0
TXN002857,1042.37,47,261,3,1202.47,0.426,0.2225,0.0347,0,0,0,9,0
TXN002858,7811.47,58,1514,3,3023.68,0.1315,0.276,0.2302,1,0,0,1,1
TXN002859,298.28,55,135,3,522.11,0.4239,0.115,0.296,0,0,0,0,1
TXN002860,236.71,41,22,3,558.15,0.2411,0.0927,0.0881,0,0,0,14,0
TXN002861,1850.46,28,1424,4,2409.1,0.3213,0.1008,0.262,0,0,0,15,0
TXN002862,5481.33,66,875,4,1118.03,0.1962,0.0291,0.0793,0,0,0,17,0
TXN002863,1084.45,61,64,4,685.52,0.441,0.6645,0.1187,0,0,0,2,1
TXN002864,2188.54,49,249,3,1613.8,0.1255,0.1031,0.2631,0,0,0,5,0
TXN002865,1114.2,22,79,5,806.8,0.1643,0.1722,0.338,0,0,0,6,0
TXN002866,467.35,19,393,1,610.17,0.4187,0.0921,0.4908,0,0,0,9,0
TXN002867,2684.89,34,74,2,598.4,0.1544,0.1044,0.4464,0,0,0,20,0
TXN002868,1766.99,26,435,1,1373.45,0.2037,0.0974,0.4101,0,0,0,9,0
TXN002869,1547.58,62,166,3,1266.57,0.1999,0.1824,0.1813,0,0,0,4,1
TXN002870,5450.14,28,1193,0,3170.75,0.2347,0.2079,0.2523,0,0,0,18,0
TXN002871,444.37,32,273,3,895.1,0.1,0.227,0.1199,0,0,1,2,0
TXN002872,545.31,68,442,0,884.48,0.3584,0.2341,0.0533,0,0,0,19,0
TXN002873,2624.67,60,157,6,3004.13,0.1756,0.0341,0.2531,0,0,0,20,0
TXN002874,3771.33,29,284,1,2186.27,0.3291,0.2539,0.0894,0,1,0,22,0
TXN002875,594.37,37,22,4,1213.7,0.0545,0.1922,0.0477,0,0,1,21,0
TXN002876,354.34,44,148,3,367.71,0.1706,0.3205,0.1282,0,0,0,3,0
TXN002877,553.82,52,377,13,621.23,0.131,0.1075,0.3441,0,0,0,17,0
TXN002878,220.57,66,129,2,524.34,0.2164,0.1192,0.0841,0,0,0,3,0
TXN002879,850.31,63,76,18,1124.98,0.2098,0.3615,0.4536,0,1,0,0,1
TXN002880,1035.25,68,15,4,768.29,0.174,0.2573,0.3126,0,0,0,12,0
TXN002881,1489.56,20,221,1,3367.86,0.2955,0.0609,0.1732,0,1,0,14,0
TXN002882,793.32,30,913,2,365.04,0.3057,0.2891,0.4088,0,0,0,10,0
TXN002883,629.22,47,557,3,486.42,0.2161,0.084,0.2075,0,0,0,7,0
TXN002884,1574.27,20,1539,4,1301.46,0.1894,0.1331,0.2392,0,0,0,6,0
TXN002885,1586.85,36,553,3,1579.72,0.048,0.2333,0.2778,0,0,0,22,0
TXN002886,98.32,25,204,3,179.29,0.4373,0.2079,0.3681,0,0,0,19,0
TXN002887,227.67,66,866,3,325.45,0.1565,0.2469,0.121,0,0,0,12,0
TXN002888,1112.65,21,634,3,911.85,0.1664,0.1578,0.0946,0,0,0,21,0
TXN002889,1979.94,25,287,1,2833.39,0.2098,0.1991,0.113,0,0,0,11,0
TXN002890,4560.76,28,2268,1,4111.05,0.2399,0.0561,0.1772,1,0,0,1,1
TXN002891,500.43,25,1374,2,820.45,0.2685,0.2017,0.0515,0,0,0,15,0
TXN002892,1247.42,47,56,3,973.16,0.0389,0.0423,0.101,1,0,0,4,0
TXN002893,815.29,36,1411,26,610.45,0.4559,0.1818,0.1013,0,0,0,12,1
TXN002894,697.86,65,368,1,1708.28,0.0403,0.199,0.2586,0,0,0,8,0
TXN002895,3317.58,31,453,1,3197.01,0.195,0.2253,0.1119,0,0,0,0,0
TXN002896,1144.01,45,644,3,2641.8,0.1552,0.2802,0.0709,0,0,0,22,0
TXN002897,386.11,52,77,0,1074.6,0.2731,0.163,0.1421,0,0,0,14,0
TXN002898,439.83,50,334,5,609.74,0.6727,0.0863,0.3087,0,0,0,6,0
TXN002899,5136.07,59,83,15,1102.94,0.1778,0.5118,0.4636,0,0,0,13,0
TXN002900,4416.11,28,254,2,2882.9,0.2956,0.0984,0.0626,0,0,0,15,0
TXN002901,1781.65,44,45,0,828.52,0.3211,0.2614,0.0893,1,1,0,15,0
TXN002902,430.02,59,278,1,307.72,0.1973,0.3256,0.1819,0,1,0,20,0
TXN002903,954.31,62,92,5,852.35,0.1647,0.1869,0.3235,0,0,0,12,0
TXN002904,1476.08,50,323,1,902.06,0.1199,0.3115,0.2529,0,0,0,17,0
TXN002905,215.58,51,476,4,306.46,0.2914,0.1208,0.0506,0,1,0,10,1
TXN002906,1671.05,62,1284,2,1290.04,0.1022,0.3261,0.2072,0,0,1,0,0
TXN002907,2985.75,50,411,2,1562.75,0.1566,0.0596,0.4302,0,0,0,7,0
TXN002908,5923.05,67,492,3,4031.63,0.3707,0.097,0.2349,0,0,0,20,0
TXN002909,854.8,24,7,3,431.53,0.1399,0.0038,0.1425,0,0,0,19,0
TXN002910,2021.9,36,432,2,1828.71,0.1884,0.1411,0.0882,0,0,1,12,0
TXN002911,5472.17,23,242,2,2157.67,0.2547,0.1805,0.1817,0,0,0,14,0
TXN002912,1406.99,22,400,3,1577.72,0.0972,0.232,0.03,0,0,0,7,0
TXN002913,1737.1,42,119,3,541.99,0.4341,0.1815,0.5182,0,0,0,12,1
TXN002914,713.4,29,242,5,520.38,0.0468,0.0769,0.2431,0,0,0,16,0
TXN002915,950.39,39,954,4,1173.84,0.1059,0.2972,0.0314,0,0,0,12,0
TXN002916,610.7,40,431,2,1168.09,0.445,0.3178,0.5893,0,0,0,3,0
TXN002917,475.33,50,747,4,741.29,0.1067,0.4273,0.0732,0,0,1,19,0
TXN002918,1597.98,67,315,0,2708.49,0.2902,0.2369,0.1993,0,0,0,13,0
TXN002919,788.93,62,62,3,828.38,0.1924,0.3971,0.4263,0,0,0,4,0
TXN002920,144.57,37,1,3,291.32,0.0701,0.1055,0.4033,0,0,0,4,0
TXN002921,1908.7,34,308,1,937.45,0.1327,0.2367,0.1373,0,0,0,13,0
TXN002922,1631.23,58,374,3,1534.86,0.2503,0.064,0.2853,0,0,0,20,0
TXN002923,1448.02,24,170,0,1393.22,0.1957,0.2029,0.099,0,0,0,13,0
TXN002924,729.96,46,356,1,1385.69,0.2658,0.4918,0.2706,0,0,0,17,0
TXN002925,2044.32,39,689,8,3120.64,0.3079,0.237,0.047,0,0,1,1,1
TXN002926,148.18,27,254,3,502.53,0.3322,0.459,0.4717,0,0,0,22,0
TXN002927,1984.65,50,561,1,815.18,0.1767,0.0235,0.1473,0,0,1,10,0
TXN002928,1482.96,34,1401,5,3234.2,0.284,0.3372,0.0922,1,0,0,6,0
TXN002929,132.27,27,793,0,276.68,0.2401,0.0719,0.4076,0,0,0,13,0
TXN002930,2297.69,51,221,4,1056.18,0.0675,0.1949,0.3484,0,0,0,3,0
TXN002931,3208.01,27,117,2,2592.15,0.235,0.1391,0.1539,0,0,0,14,0
TXN002932,2741.38,52,362,9,2565.25,0.2071,0.4249,0.1787,0,0,1,10,1
TXN002933,2099.03,26,897,3,1740.77,0.19,0.1053,0.4204,0,0,0,12,0
TXN002934,2994.26,40,499,5,1771.9,0.3007,0.1493,0.0336,0,0,0,5,0
TXN002935,559.04,60,1214,1,529.16,0.2167,0.1993,0.216,0,0,0,6,0
TXN002936,1226.94,29,1285,3,2867.58,0.3219,0.1044,0.2089,0,0,0,1,0
TXN002937,708.54,57,299,2,473.41,0.304,0.2394,0.3891,1,0,0,0,1
TXN002938,622.66,55,688,5,493.59,0.2981,0.1836,0.1686,0,0,0,12,0
TXN002939,2740.42,64,303,13,1438.72,0.1084,0.22,0.5593,0,1,0,10,0
TXN002940,390.68,26,1,3,776.57,0.0884,0.1497,0.4975,0,0,0,9,0
TXN002941,848.57,55,2524,4,1267.36,0.2646,0.1722,0.149,0,0,0,1,0
TXN002942,1839.38,66,408,3,1482.58,0.226,0.6485,0.2695,0,0,0,13,0
TXN002943,2264.7,57,294,0,3807.3,0.1751,0.2565,0.3243,0,0,0,0,0
TXN002944,407.3,27,40,3,1485.65,0.1599,0.5121,0.3242,0,0,0,20,0
TXN002945,792.79,60,134,2,711.25,0.131,0.2016,0.1312,1,0,0,15,0
TXN002946,2880.72,23,145,2,1760.83,0.1984,0.0686,0.1563,0,0,0,2,0
TXN002947,570.7,48,553,4,612.64,0.1093,0.0364,0.2104,0,0,0,13,0
TXN002948,2809.28,43,954,1,2078.1,0.3872,0.0592,0.1739,0,0,0,17,0
TXN002949,1432.38,45,34,3,1147.38,0.2147,0.6202,0.337,1,0,0,16,0
TXN002950,1459.94,45,456,4,1451.54,0.1428,0.2465,0.0243,0,1,0,19,0
TXN002951,339.79,19,43,4,315.31,0.2898,0.1426,0.3879,0,0,0,18,0
TXN002952,476.52,44,183,2,226.89,0.2964,0.146,0.3406,0,0,0,1,0
TXN002953,225.58,66,2342,2,383.37,0.0799,0.2022,0.1886,0,0,0,14,0
TXN002954,5694.26,40,449,3,3722.09,0.5516,0.0234,0.1374,1,1,0,14,0
TXN002955,256.42,32,315,3,490.93,0.2367,0.3817,0.404,0,0,0,12,1
TXN002956,1182.62,69,987,1,1831.0,0.2442,0.3334,0.1809,0,0,0,2,0
TXN002957,1350.76,23,548,1,699.71,0.4113,0.1694,0.2321,0,0,1,3,0
TXN002958,476.55,43,131,4,927.02,0.2146,0.0504,0.2071,0,0,0,20,0
TXN002959,930.59,44,372,1,1062.84,0.0877,0.1793,0.1612,0,0,0,17,0
TXN002960,12700.36,42,385,3,3465.61,0.1651,0.0586,0.0787,0,1,1,12,0
TXN002961,2902.15,65,389,0,1651.03,0.0751,0.181,0.0907,0,1,0,6,0
TXN002962,957.26,39,183,3,1435.87,0.0351,0.2741,0.2981,0,0,0,8,0
TXN002963,1991.18,68,486,2,2718.1,0.1566,0.3531,0.3596,0,0,0,8,0
TXN002964,641.11,21,254,4,703.99,0.0141,0.1951,0.1997,0,0,0,15,0
TXN002965,4766.7,56,1126,6,2316.56,0.1966,0.0668,0.2088,1,0,0,23,0
TXN002966,1187.98,48,141,3,2060.93,0.1661,0.4131,0.0981,0,0,0,11,0
TXN002967,1139.95,30,502,5,2044.54,0.3604,0.1653,0.1775,0,0,0,13,0
TXN002968,1456.56,29,478,1,983.86,0.1323,0.1071,0.277,0,1,0,8,0
TXN002969,320.3,55,209,4,807.45,0.1676,0.1536,0.0262,0,0,0,12,0
TXN002970,361.42,51,93,3,596.53,0.1415,0.3514,0.2467,1,0,0,3,1
TXN002971,594.77,49,40,3,623.27,0.1369,0.186,0.0655,0,1,0,23,0
TXN002972,566.51,20,458,10,577.14,0.0156,0.1816,0.1013,0,1,0,11,0
TXN002973,669.31,49,245,3,1417.7,0.1893,0.0711,0.315,0,1,0,12,0
TXN002974,1135.38,69,284,1,934.64,0.1106,0.0481,0.0957,0,0,0,8,0
TXN002975,2011.33,18,225,5,1483.23,0.1444,0.0879,0.1191,0,0,0,22,1
TXN002976,1071.86,42,62,5,1543.05,0.1399,0.0711,0.2968,0,0,0,1,0
TXN002977,1301.91,43,274,4,522.26,0.2435,0.0307,0.336,0,0,0,17,0
TXN002978,616.43,64,6,2,511.41,0.058,0.0369,0.2463,0,1,1,11,0
TXN002979,537.68,32,206,1,934.43,0.1676,0.2971,0.0837,0,0,0,2,0
TXN002980,1554.4,42,327,5,637.41,0.1323,0.3121,0.102,0,0,0,4,0
TXN002981,444.03,55,1065,0,592.12,0.1372,0.3769,0.2483,0,0,0,13,0
TXN002982,3965.4,21,61,0,3593.86,0.3656,0.347,0.2603,0,0,0,2,1
TXN002983,286.84,59,405,3,374.9,0.2121,0.143,0.2118,1,0,0,9,0
TXN002984,6370.47,60,196,1,4519.45,0.1881,0.3174,0.2895,0,0,1,21,0
TXN002985,1030.06,55,733,3,1342.4,0.3494,0.1122,0.1605,0,0,0,16,0
TXN002986,1735.23,51,120,2,2187.18,0.1376,0.0709,0.2358,0,0,0,21,0
TXN002987,1844.28,56,236,2,2013.91,0.3564,0.313,0.6436,0,0,1,19,1
TXN002988,1281.52,58,561,31,1688.97,0.1312,0.0578,0.0401,1,0,0,15,1
TXN002989,6328.26,64,184,5,3509.69,0.116,0.1162,0.0308,0,0,0,16,0
TXN002990,257.37,40,712,1,514.04,0.0552,0.0472,0.273,0,1,0,9,0
TXN002991,963.05,41,30,0,982.93,0.1855,0.2266,0.0655,0,0,1,6,0
TXN002992,634.1,51,126,1,603.66,0.4317,0.105,0.0544,0,0,0,18,0
TXN002993,312.37,28,10,0,334.54,0.0587,0.0848,0.1701,0,0,0,19,0
TXN002994,1175.79,62,587,4,690.3,0.413,0.0893,0.1572,0,0,0,11,0
TXN002995,1778.65,58,232,5,4067.5,0.3341,0.2922,0.0769,0,0,0,10,0
TXN002996,1327.33,50,391,3,971.24,0.3367,0.2419,0.354,0,0,0,16,0
TXN002997,2216.62,33,40,2,4396.05,0.0153,0.2639,0.0685,0,0,0,14,0
TXN002998,3569.75,36,380,2,4722.43,0.2979,0.3346,0.0201,0,0,0,4,0
TXN002999,4252.92,40,142,1,8924.82,0.3591,0.3141,0.1008,0,0,0,9,0
TXN003000,3467.52,52,474,3,4162.39,0.1809,0.076,0.2889,0,0,0,22,0
TXN003001,4157.53,58,156,3,5714.1,0.0705,0.136,0.5306,1,0,0,1,0
TXN003002,3390.28,52,215,2,1376.94,0.1526,0.2726,0.2261,0,0,0,7,0
TXN003003,1469.36,66,231,3,1286.69,0.0742,0.4123,0.4413,0,0,0,12,0
TXN003004,1716.89,67,2513,1,1348.01,0.204,0.0399,0.2113,0,0,0,2,0
TXN003005,596.4,54,888,2,1096.68,0.0913,0.0917,0.1946,0,0,0,17,0
TXN003006,1829.52,37,8,4,1217.75,0.2353,0.0093,0.1165,1,0,0,16,0
TXN003007,4571.3,49,183,2,1856.65,0.0512,0.115,0.3661,0,0,0,15,0
TXN003008,1277.14,40,976,3,791.5,0.2801,0.1408,0.0287,0,0,0,14,0
TXN003009,203.17,50,386,1,418.08,0.1199,0.2211,0.0836,1,1,0,2,0
TXN003010,1095.82,60,576,3,1414.5,0.3304,0.5366,0.2689,0,0,0,2,0
TXN003011,716.74,37,110,2,675.22,0.0371,0.3008,0.3737,0,0,0,7,0
TXN003012,528.51,44,41,3,725.97,0.0636,0.0246,0.1454,0,0,0,12,0
TXN003013,3996.67,20,131,3,992.35,0.036,0.1681,0.0464,0,0,0,10,0
TXN003014,648.23,56,1428,2,845.14,0.3612,0.2067,0.2516,0,0,0,5,0
TXN003015,2328.98,43,368,26,2385.18,0.1616,0.2191,0.1153,1,0,1,21,1
TXN003016,701.45,41,243,3,975.82,0.1083,0.1038,0.1427,1,0,0,16,0
TXN003017,2806.63,45,447,1,2470.84,0.015,0.1469,0.2814,0,0,0,4,0
TXN003018,2709.46,29,509,4,1266.75,0.2153,0.1929,0.2225,0,0,0,18,0
TXN003019,1097.95,49,512,7,1030.74,0.1535,0.051,0.1907,0,0,0,23,0
TXN003020,1086.04,56,185,27,1225.07,0.3019,0.197,0.2386,0,0,0,1,1
TXN003021,245.97,36,2219,25,444.02,0.2299,0.0229,0.0395,0,0,0,12,1
TXN003022,2701.37,24,112,5,1389.44,0.1075,0.5278,0.0266,0,0,0,5,0
TXN003023,1836.1,38,937,3,1987.1,0.1157,0.1869,0.0249,0,0,0,8,0
TXN003024,1980.12,28,248,3,2194.25,0.1047,0.1222,0.4043,0,0,0,21,1
TXN003025,117.57,37,389,1,425.59,0.0203,0.1074,0.0751,0,0,0,4,0
TXN003026,353.1,50,442,3,378.69,0.4884,0.1909,0.3379,0,0,0,19,0
TXN003027,604.03,23,79,4,753.12,0.1584,0.3119,0.1448,0,0,0,7,0
TXN003028,1058.87,56,147,2,2890.73,0.1187,0.0742,0.0389,0,0,0,8,0
TXN003029,2206.07,29,481,2,1280.09,0.2472,0.3588,0.4735,0,0,1,4,1
TXN003030,475.01,64,763,3,637.6,0.0373,0.1324,0.326,0,0,1,16,0
TXN003031,1124.96,56,396,4,396.61,0.3702,0.1497,0.3216,1,0,0,13,1
TXN003032,1479.04,32,1092,2,679.4,0.152,0.1514,0.0783,0,0,0,12,0
TXN003033,436.14,47,268,2,648.02,0.1101,0.0819,0.5513,0,0,0,18,0
TXN003034,4483.03,23,209,1,2111.03,0.2044,0.3824,0.4284,0,0,0,8,0
TXN003035,5402.3,23,788,4,2227.82,0.1272,0.2242,0.1861,0,0,0,21,0
TXN003036,386.68,67,19,4,525.88,0.4474,0.1749,0.2144,0,0,0,23,0
TXN003037,1052.85,59,758,4,1857.93,0.0566,0.1875,0.312,0,0,0,4,0
TXN003038,528.52,26,132,2,1729.4,0.2154,0.1513,0.3721,0,0,1,3,0
TXN003039,591.98,32,435,4,480.21,0.2096,0.2817,0.2546,1,0,0,20,0
TXN003040,605.47,28,7,7,1034.14,0.3657,0.1959,0.1809,0,0,0,23,0
TXN003041,1744.71,38,177,0,1392.11,0.3875,0.1279,0.1734,0,0,0,0,0
TXN003042,899.6,33,1288,2,1229.38,0.1561,0.2315,0.1103,0,0,0,12,0
TXN003043,215.67,35,538,3,331.17,0.0779,0.1826,0.0429,0,0,1,20,0
TXN003044,882.72,45,150,5,1202.1,0.095,0.3577,0.288,0,0,0,17,0
TXN003045,837.55,27,89,1,1711.94,0.5795,0.2786,0.1606,0,0,0,4,0
TXN003046,2432.42,63,230,5,3313.35,0.1323,0.1716,0.2868,0,0,1,5,0
TXN003047,457.93,55,107,1,686.66,0.2178,0.2119,0.088,0,0,0,16,0
TXN003048,742.78,57,969,2,748.58,0.1222,0.0488,0.0856,0,0,0,16,0
TXN003049,1003.39,26,466,1,947.47,0.1848,0.2469,0.138,0,0,0,1,0
TXN003050,745.98,54,457,24,1344.6,0.129,0.164,0.1842,0,0,0,16,1
TXN003051,2150.28,61,1030,4,1173.7,0.1981,0.2246,0.1788,0,0,0,10,0
TXN003052,1533.42,27,448,1,1674.07,0.5663,0.1617,0.2731,0,0,0,8,0
TXN003053,1139.92,57,2270,3,498.88,0.1906,0.1925,0.1714,0,0,1,18,1
TXN003054,1653.08,36,199,5,1447.8,0.249,0.3164,0.3584,0,0,1,23,0
TXN003055,677.53,58,425,2,652.26,0.099,0.1409,0.1326,1,0,0,13,0
TXN003056,757.2,42,121,4,991.94,0.0571,0.5786,0.1003,1,0,0,2,0
TXN003057,5083.58,59,352,2,3625.0,0.1199,0.1693,0.0681,0,0,0,21,0
TXN003058,419.76,25,254,1,412.09,0.5434,0.5032,0.2867,0,1,0,21,1
TXN003059,1445.96,38,88,1,901.78,0.1295,0.08,0.303,0,1,0,13,0
TXN003060,1086.06,32,141,2,449.33,0.2519,0.1163,0.0596,0,0,0,23,0
TXN003061,818.42,30,199,20,1220.66,0.1984,0.2634,0.1407,0,0,0,21,1
TXN003062,3200.84,34,320,4,2284.18,0.1721,0.1204,0.351,0,0,0,5,0
TXN003063,1703.73,37,544,4,1234.92,0.0386,0.3232,0.0976,0,0,0,15,0
TXN003064,1300.18,24,188,6,1010.6,0.2395,0.0342,0.1493,0,0,0,11,0
TXN003065,2189.92,54,115,5,2779.1,0.1359,0.1791,0.2356,0,0,0,19,0
TXN003066,1101.27,46,890,5,1382.09,0.0647,0.3953,0.148,0,0,0,8,0
TXN003067,1411.72,61,1250,3,1946.32,0.0965,0.2442,0.1645,0,0,0,7,0
TXN003068,1298.07,54,273,21,1809.27,0.2196,0.1446,0.0711,0,0,0,11,0
TXN003069,92.26,25,272,2,146.44,0.1014,0.0846,0.2015,0,0,0,4,0
TXN003070,981.28,21,27,2,1039.33,0.0831,0.1256,0.0977,0,0,0,13,0
TXN003071,339.86,39,143,20,515.61,0.1019,0.0107,0.263,0,0,0,12,1
TXN003072,779.83,43,128,5,613.68,0.1258,0.1141,0.3474,0,0,0,9,0
TXN003073,3176.5,30,377,4,3078.54,0.0701,0.2558,0.264,0,1,0,12,0
TXN003074,925.8,58,61,17,843.56,0.0866,0.1845,0.2976,0,0,0,0,1
TXN003075,3548.85,48,180,5,4124.9,0.1765,0.2744,0.014,0,0,0,6,0
TXN003076,425.18,56,579,2,409.37,0.3941,0.2677,0.1122,0,0,0,17,0
TXN003077,448.27,23,506,1,513.59,0.0579,0.2299,0.1366,0,0,0,8,0
TXN003078,2870.94,60,160,4,1869.91,0.2081,0.4619,0.26,0,0,0,5,0
TXN003079,677.04,28,64,2,863.54,0.118,0.214,0.106,0,0,1,7,0
TXN003080,1671.82,41,174,4,1359.85,0.135,0.126,0.1244,0,0,0,8,1
TXN003081,494.17,40,320,2,1013.72,0.0123,0.5358,0.2594,0,1,0,17,0
TXN003082,1468.27,60,347,1,992.47,0.2831,0.3151,0.2491,0,0,0,19,0
TXN003083,651.61,32,43,3,886.28,0.1523,0.1806,0.1736,0,0,1,13,0
TXN003084,752.87,30,208,2,1243.45,0.1092,0.1956,0.0714,0,0,0,1,0
TXN003085,918.56,35,838,1,1718.4,0.5018,0.15,0.1757,0,0,0,11,0
TXN003086,1737.56,36,1303,2,3395.12,0.0427,0.2402,0.1568,0,0,0,22,0
TXN003087,730.28,27,1336,3,951.69,0.2453,0.2688,0.0387,0,0,0,4,0
TXN003088,1898.27,27,38,19,832.52,0.1707,0.1607,0.2344,0,0,0,16,0
TXN003089,534.03,30,1184,3,760.73,0.2779,0.1167,0.1379,0,1,0,22,0
TXN003090,910.33,42,715,3,3068.21,0.16,0.123,0.3548,1,0,0,10,0
TXN003091,2173.8,35,468,5,1777.97,0.1362,0.2703,0.1327,0,0,0,5,0
TXN003092,157.25,38,297,3,290.23,0.1766,0.2447,0.3396,0,0,0,18,0
TXN003093,440.52,55,124,3,281.41,0.1622,0.0219,0.2076,0,0,1,10,0
TXN003094,486.56,30,401,0,613.36,0.2657,0.1232,0.2055,0,0,0,9,0
TXN003095,1108.09,65,56,2,1288.33,0.1335,0.4272,0.2547,0,0,0,10,0
TXN003096,2069.56,57,28,4,1071.24,0.1062,0.1164,0.086,0,0,0,21,1
TXN003097,2208.56,27,1132,6,1572.38,0.4104,0.2888,0.0177,1,0,0,0,1
TXN003098,488.67,34,125,6,969.9,0.1925,0.0653,0.4795,0,0,0,14,1
TXN003099,1593.36,27,1047,5,2916.66,0.4225,0.0802,0.2626,0,0,0,0,0
TXN003100,705.94,32,80,3,1882.73,0.1911,0.2996,0.2925,0,0,0,11,0
TXN003101,4846.81,37,135,3,1157.83,0.2434,0.1059,0.0662,0,0,0,20,0
TXN003102,1521.19,24,93,2,2444.85,0.501,0.1277,0.2981,0,0,0,7,1
TXN003103,657.97,18,244,3,345.77,0.3897,0.5899,0.2077,1,0,0,22,0
TXN003104,771.01,40,875,5,1033.23,0.1413,0.1716,0.0757,0,0,0,23,0
TXN003105,666.7,54,1059,20,1207.44,0.0741,0.1899,0.4841,0,0,0,15,1
TXN003106,1691.35,33,300,0,1671.41,0.4593,0.0598,0.2663,1,0,0,5,0
TXN003107,275.81,62,498,4,330.1,0.3432,0.0991,0.3617,0,0,0,9,0
TXN003108,1420.47,37,45,15,913.89,0.1231,0.2777,0.0923,0,0,0,1,0
TXN003109,2271.59,64,41,3,1451.46,0.1067,0.2455,0.2799,0,0,0,20,0
TXN003110,1107.03,30,747,14,1531.52,0.2934,0.0559,0.3949,0,0,0,16,1
TXN003111,1139.47,46,234,2,2515.66,0.1463,0.1148,0.0872,0,0,0,8,0
TXN003112,967.4,57,637,2,1868.8,0.2693,0.3836,0.2276,0,0,0,15,0
TXN003113,299.48,21,243,3,1050.91,0.0441,0.5901,0.3195,1,0,0,12,1
TXN003114,1512.51,66,347,4,1758.97,0.1506,0.3225,0.1383,1,1,0,18,1
TXN003115,946.3,36,437,4,952.46,0.0612,0.2097,0.1624,0,0,0,16,0
TXN003116,648.19,43,275,5,1215.29,0.3661,0.1712,0.0964,0,0,0,3,0
TXN003117,954.66,50,226,8,1912.87,0.1684,0.1906,0.0735,0,0,0,22,0
TXN003118,1053.05,51,225,0,1062.4,0.1154,0.2178,0.1463,0,0,0,9,0
TXN003119,998.06,19,66,15,1412.89,0.2675,0.0807,0.2783,0,0,0,3,1
TXN003120,1911.81,63,544,3,2149.34,0.1654,0.2826,0.2727,1,0,1,21,0
TXN003121,1475.19,50,74,2,1805.36,0.1299,0.3456,0.2447,0,0,0,10,0
TXN003122,2981.65,69,105,4,2600.43,0.1195,0.1042,0.1725,0,0,0,1,0
TXN003123,4101.1,42,244,16,5596.6,0.1503,0.1939,0.1304,0,0,0,6,0
TXN003124,1370.92,49,247,4,1793.72,0.2729,0.6961,0.0461,1,0,0,4,0
TXN003125,282.06,40,215,1,794.01,0.1859,0.2567,0.3337,0,0,0,19,0
TXN003126,1526.29,64,784,2,1569.13,0.1473,0.4329,0.2561,0,0,0,11,1
TXN003127,1598.71,61,159,2,1522.6,0.0257,0.0987,0.1147,0,0,0,22,0
TXN003128,1528.01,65,939,5,1684.89,0.1774,0.1697,0.1559,0,0,0,3,0
TXN003129,8937.58,44,399,2,3122.88,0.2444,0.151,0.2948,0,0,0,21,0
TXN003130,368.95,59,366,4,337.35,0.0967,0.2014,0.2568,0,0,0,2,0
TXN003131,2903.36,36,427,3,3164.3,0.198,0.3411,0.4198,0,0,0,17,0
TXN003132,5270.19,41,105,0,4004.97,0.021,0.4763,0.2464,0,0,1,3,0
TXN003133,5217.24,57,414,4,1632.14,0.1544,0.053,0.4012,0,0,0,10,0
TXN003134,1907.39,22,742,2,1659.87,0.1211,0.0611,0.1343,0,0,0,21,0
TXN003135,272.58,54,508,5,925.98,0.5003,0.275,0.244,0,0,0,15,0
TXN003136,1396.97,18,43,3,1101.5,0.2035,0.0548,0.0429,0,0,0,21,0
TXN003137,1102.12,48,214,1,1787.49,0.0321,0.2031,0.0681,0,0,0,6,0
TXN003138,593.55,42,12,4,1708.7,0.2578,0.2591,0.3103,0,0,0,12,0
TXN003139,4620.03,42,201,3,1816.19,0.1303,0.264,0.1885,0,0,0,5,1
TXN003140,3840.91,43,69,6,1700.48,0.542,0.4169,0.0982,0,0,0,21,0
TXN003141,1250.16,43,277,8,2056.73,0.1265,0.0783,0.1618,0,0,0,18,0
TXN003142,1160.27,39,14,1,1901.99,0.1735,0.059,0.1864,0,0,0,4,0
TXN003143,584.67,41,1227,2,535.37,0.4287,0.1833,0.1275,0,0,0,19,0
TXN003144,1206.81,47,176,3,1963.7,0.0773,0.3891,0.2138,0,0,0,1,0
TXN003145,3739.55,57,648,1,4027.94,0.1854,0.2459,0.273,0,0,0,1,0
TXN003146,727.13,46,111,4,1076.38,0.336,0.2161,0.0164,0,0,0,16,1
TXN003147,2513.46,51,572,1,3132.65,0.1847,0.3946,0.222,0,0,0,9,1
TXN003148,266.53,61,193,3,577.03,0.1257,0.3304,0.1401,0,0,0,13,0
TXN003149,1692.5,69,431,3,1074.02,0.2334,0.0598,0.1831,0,0,0,2,0
TXN003150,1357.33,23,1233,7,700.08,0.0792,0.4401,0.4541,0,1,0,10,0
TXN003151,2725.32,55,490,3,2879.74,0.099,0.1806,0.254,0,0,0,1,0
TXN003152,3389.37,29,64,1,3457.61,0.0888,0.2089,0.3316,0,0,0,16,0
TXN003153,1446.06,28,1009,8,1023.07,0.3236,0.0237,0.1468,0,0,0,21,0
TXN003154,2491.87,59,595,4,2489.27,0.1462,0.2012,0.5428,0,0,0,19,0
TXN003155,9015.48,21,882,2,3482.27,0.1447,0.2431,0.1541,0,0,0,0,0
TXN003156,519.55,62,1023,5,1071.65,0.2947,0.1145,0.007,0,0,0,2,0
TXN003157,1928.2,58,136,3,1200.9,0.1519,0.0176,0.127,1,0,0,17,0
TXN003158,1721.1,69,179,1,1832.67,0.0852,0.2104,0.2869,0,0,0,22,0
TXN003159,328.18,52,646,4,608.03,0.2173,0.2797,0.1654,0,0,0,12,0
TXN003160,4076.39,63,25,2,1184.49,0.2836,0.0878,0.3394,1,0,0,5,0
TXN003161,18248.01,24,170,2,4914.53,0.1866,0.268,0.1459,0,0,0,17,0
TXN003162,689.29,64,194,3,772.78,0.0582,0.3106,0.1802,0,0,0,13,0
TXN003163,2546.0,26,906,21,1993.56,0.1483,0.2905,0.0671,0,0,0,0,1
TXN003164,1221.1,34,1281,10,1582.34,0.0923,0.3531,0.1921,0,0,0,1,0
TXN003165,824.44,24,71,2,977.86,0.1349,0.2946,0.5829,0,0,0,1,0
TXN003166,686.97,38,309,3,1280.7,0.1363,0.0767,0.1015,0,0,0,14,0
TXN003167,1849.54,56,590,4,3739.97,0.2395,0.4062,0.1116,0,0,0,2,0
TXN003168,4455.08,31,188,3,1615.69,0.2134,0.4107,0.2149,0,0,0,1,0
TXN003169,1764.37,60,341,2,1802.4,0.4526,0.1435,0.1198,0,1,0,7,1
TXN003170,3457.93,49,117,1,3363.05,0.4732,0.0959,0.1115,0,1,1,7,1
TXN003171,573.43,50,654,3,895.53,0.3857,0.2432,0.1862,0,0,0,1,0
TXN003172,585.02,66,639,1,526.98,0.132,0.2872,0.2457,0,0,0,19,0
TXN003173,1653.68,40,253,3,3781.38,0.1147,0.5735,0.5206,0,0,0,11,0
TXN003174,788.4,35,193,28,1206.6,0.4563,0.0707,0.1376,1,0,0,9,0
TXN003175,1059.6,69,138,2,2049.85,0.527,0.1427,0.1123,0,0,0,22,0
TXN003176,1309.57,46,33,1,643.14,0.1618,0.1359,0.0903,0,0,0,18,0
TXN003177,580.23,49,364,6,1439.38,0.1669,0.0686,0.5116,0,0,0,1,0
TXN003178,266.02,33,935,0,508.85,0.0717,0.3277,0.0755,1,0,0,20,0
TXN003179,371.83,29,58,3,1146.67,0.2156,0.2005,0.2672,0,0,0,17,0
TXN003180,427.07,26,237,4,696.77,0.052,0.4015,0.0589,0,0,0,16,1
TXN003181,460.77,29,959,0,593.27,0.2857,0.039,0.0778,0,0,1,7,0
TXN003182,1518.67,28,757,5,886.97,0.2811,0.1962,0.2863,0,0,0,23,0
TXN003183,194.91,56,583,26,220.22,0.0906,0.1882,0.3908,0,0,0,7,1
TXN003184,388.48,21,7,7,486.9,0.1283,0.402,0.1949,0,0,0,17,0
TXN003185,2236.44,50,505,4,1896.36,0.167,0.1095,0.1528,0,1,0,12,0
TXN003186,1096.38,67,159,1,1398.8,0.1596,0.2309,0.0037,0,0,0,0,0
TXN003187,1945.98,57,644,1,517.01,0.417,0.1545,0.074,0,0,0,3,0
TXN003188,1162.65,38,113,2,1609.23,0.3294,0.2124,0.2481,0,0,0,1,0
TXN003189,744.56,21,1,3,593.03,0.1241,0.1592,0.3561,0,0,0,2,1
TXN003190,2863.86,61,315,6,1817.79,0.3549,0.3157,0.184,0,0,0,19,0
TXN003191,719.25,18,153,5,1011.36,0.1238,0.1843,0.3229,1,0,0,7,0
TXN003192,956.58,53,396,4,873.42,0.2614,0.2237,0.2987,0,0,0,18,0
TXN003193,781.17,52,146,5,1028.91,0.3058,0.1392,0.0907,0,0,0,21,0
TXN003194,7649.39,27,673,11,6579.21,0.3418,0.0898,0.4072,0,1,0,11,0
TXN003195,681.53,56,310,3,644.73,0.2144,0.0088,0.162,0,1,1,15,0
TXN003196,1189.67,27,131,4,1285.1,0.4524,0.3545,0.1847,0,1,0,6,0
TXN003197,1003.65,29,568,18,1894.97,0.1541,0.21,0.2719,0,1,0,21,0
TXN003198,1558.29,60,1071,4,559.09,0.1474,0.1411,0.1292,0,0,0,5,0
TXN003199,495.98,68,1025,18,359.25,0.1705,0.227,0.1234,0,0,0,0,1
TXN003200,300.51,31,1713,6,719.99,0.0781,0.0286,0.331,0,0,1,13,0
TXN003201,1480.92,65,530,4,1866.13,0.2194,0.44,0.5058,0,0,0,21,0
TXN003202,364.1,65,426,2,863.16,0.1083,0.0234,0.1863,1,0,1,3,0
TXN003203,1418.52,58,35,2,932.83,0.0891,0.2474,0.5061,0,0,0,1,0
TXN003204,2049.92,25,113,5,2074.63,0.1499,0.2319,0.1441,0,0,0,10,0
TXN003205,625.03,33,163,4,623.63,0.2971,0.0142,0.0921,0,0,0,1,0
TXN003206,648.44,53,346,2,1030.57,0.1429,0.0556,0.1625,0,0,0,12,0
TXN003207,319.5,69,777,1,380.05,0.0398,0.1014,0.3745,0,0,0,11,0
TXN003208,2116.36,60,273,1,1372.66,0.3144,0.2445,0.312,0,0,0,20,0
TXN003209,2301.61,39,129,2,1287.75,0.0985,0.1146,0.3342,0,0,0,15,0
TXN003210,3048.51,30,224,2,1913.86,0.1352,0.0675,0.3578,0,0,0,11,0
TXN003211,209.48,67,16,1,491.92,0.2671,0.2088,0.0489,0,0,0,21,1
TXN003212,865.51,32,136,1,958.8,0.0643,0.0298,0.2191,0,0,0,16,0
TXN003213,515.12,35,19,2,448.12,0.091,0.2018,0.1623,0,0,0,3,0
TXN003214,616.22,68,328,4,923.09,0.0859,0.0829,0.1138,1,0,0,16,0
TXN003215,1242.39,47,1179,4,3094.1,0.059,0.305,0.2527,0,0,0,16,0
TXN003216,431.74,31,245,6,876.09,0.0932,0.0237,0.0647,0,0,0,10,0
TXN003217,961.73,18,631,3,421.52,0.0353,0.2501,0.1621,0,0,0,7,0
TXN003218,353.82,40,524,3,681.36,0.0489,0.4087,0.2932,0,0,0,15,0
TXN003219,364.49,69,435,4,355.08,0.1653,0.1934,0.4265,0,0,0,8,0
TXN003220,406.25,40,808,1,442.73,0.3393,0.0194,0.0466,0,0,0,15,0
TXN003221,1611.81,54,380,4,1754.06,0.1679,0.3189,0.2145,0,0,0,6,0
TXN003222,334.18,31,438,2,398.46,0.2386,0.3866,0.2334,0,0,1,20,0
TXN003223,2106.23,58,187,3,1364.62,0.4522,0.1527,0.2143,0,0,0,13,0
TXN003224,1138.66,58,611,14,1116.57,0.3056,0.0502,0.0898,0,0,0,3,0
TXN003225,535.83,49,96,2,755.92,0.0574,0.104,0.193,0,0,0,14,1
TXN003226,1322.64,58,562,4,1285.81,0.2202,0.338,0.0289,0,0,0,17,0
TXN003227,281.74,48,1730,3,568.86,0.2962,0.1689,0.0846,0,0,0,15,0
TXN003228,2566.66,37,135,1,1975.53,0.0706,0.1487,0.3078,0,0,0,19,0
TXN003229,462.49,56,609,4,672.61,0.1877,0.2497,0.2212,0,0,0,17,0
TXN003230,593.89,61,634,3,836.76,0.1927,0.1653,0.1633,1,0,0,8,0
TXN003231,1020.89,61,33,20,769.9,0.1141,0.144,0.0454,0,0,0,21,0
TXN003232,1420.28,29,504,7,1776.91,0.1642,0.1751,0.0422,0,0,0,10,0
TXN003233,1323.52,53,322,2,1605.37,0.3113,0.1992,0.3283,0,0,0,13,0
TXN003234,332.62,18,285,2,175.0,0.1063,0.5422,0.0143,0,0,0,15,0
TXN003235,767.18,47,938,4,1310.25,0.1193,0.1662,0.2414,0,0,0,5,0
TXN003236,425.34,47,173,1,323.37,0.1718,0.0354,0.2149,0,0,0,12,0
TXN003237,1455.8,36,1733,0,863.57,0.0741,0.0178,0.0925,1,0,0,21,0
TXN003238,1931.54,69,320,7,1016.66,0.0994,0.3591,0.0455,1,0,0,22,0
TXN003239,2837.41,63,36,27,857.1,0.1506,0.1967,0.1621,0,0,0,22,1
TXN003240,1093.78,20,42,1,1557.09,0.1223,0.2373,0.3293,0,1,0,20,0
TXN003241,1126.3,28,775,5,1815.39,0.1539,0.249,0.2937,0,1,0,6,0
TXN003242,1000.29,28,653,16,638.15,0.0824,0.0749,0.1241,1,0,1,23,1
TXN003243,1043.44,64,541,4,622.13,0.1443,0.2051,0.1051,0,0,0,19,0
TXN003244,692.23,44,41,2,1069.37,0.0746,0.4679,0.0725,0,0,0,13,0
TXN003245,485.91,55,454,19,372.18,0.0637,0.3079,0.4304,0,0,0,9,1
TXN003246,3513.72,60,2486,4,785.34,0.3409,0.1643,0.2461,0,0,0,14,0
TXN003247,2984.6,57,645,3,2817.64,0.1777,0.0943,0.1532,0,0,0,19,0
TXN003248,634.93,22,129,6,382.06,0.3666,0.0644,0.1558,0,0,0,4,0
TXN003249,2057.25,25,673,2,864.3,0.2151,0.1769,0.4398,0,0,0,12,1
TXN003250,2871.1,38,32,3,724.43,0.3788,0.1933,0.455,0,0,0,15,0
TXN003251,5109.32,35,164,3,4463.5,0.1459,0.0734,0.1978,0,0,0,16,0
TXN003252,1499.17,56,1073,5,752.57,0.2935,0.2253,0.2798,0,0,0,18,0
TXN003253,507.99,26,696,2,783.78,0.2503,0.1742,0.2278,0,0,0,18,0
TXN003254,540.31,37,675,12,532.97,0.0287,0.319,0.4623,1,0,0,10,1
TXN003255,863.48,30,475,2,1103.81,0.2643,0.119,0.1413,1,0,0,17,0
TXN003256,469.74,27,912,2,1324.93,0.085,0.1899,0.0453,1,0,0,19,0
TXN003257,244.27,26,154,3,589.88,0.2513,0.1069,0.1835,0,0,0,22,0
TXN003258,2775.6,28,1243,1,2190.98,0.4153,0.1552,0.0717,0,0,0,12,0
TXN003259,1697.77,47,698,3,1325.76,0.2868,0.3875,0.0887,1,0,0,23,0
TXN003260,1122.63,39,39,2,1990.87,0.0661,0.2301,0.3348,0,0,0,10,0
TXN003261,2052.61,40,754,6,871.58,0.1131,0.1667,0.444,0,0,0,15,1
TXN003262,706.09,42,376,4,1300.14,0.2429,0.2888,0.3614,0,0,0,11,0
TXN003263,1088.25,56,368,4,944.67,0.197,0.1119,0.3886,0,1,0,12,0
TXN003264,2421.14,62,766,5,3042.32,0.1323,0.2751,0.084,0,0,0,9,0
TXN003265,1261.69,45,200,0,1189.61,0.0702,0.0513,0.2278,0,0,0,15,0
TXN003266,1808.62,51,35,4,1103.37,0.3398,0.1138,0.4354,0,0,0,21,0
TXN003267,1206.85,56,1457,2,795.71,0.432,0.6613,0.0937,0,0,0,3,0
TXN003268,1127.93,53,1457,3,764.2,0.2052,0.0604,0.2928,0,1,0,20,0
TXN003269,1782.0,24,671,4,1295.18,0.2758,0.1035,0.2148,1,1,0,3,0
TXN003270,966.52,69,694,1,1946.35,0.2009,0.2264,0.0204,0,0,0,0,0
TXN003271,1267.5,26,727,1,679.13,0.1239,0.2309,0.0869,0,0,1,12,1
TXN003272,668.77,39,2216,2,1198.24,0.1358,0.1908,0.015,0,0,0,2,0
TXN003273,1176.85,51,40,2,1247.53,0.3509,0.1034,0.1429,0,0,0,9,0
TXN003274,1161.68,38,23,4,1409.31,0.3484,0.1014,0.1549,0,0,0,18,0
TXN003275,402.35,30,143,4,331.87,0.2542,0.1895,0.2503,0,0,1,12,1
TXN003276,439.7,66,406,3,574.03,0.3765,0.3643,0.2577,0,0,0,4,0
TXN003277,386.34,21,647,0,421.54,0.2838,0.0407,0.0172,1,0,0,11,0
TXN003278,2733.66,30,331,3,1122.17,0.2014,0.0825,0.1019,0,0,1,16,0
TXN003279,286.27,69,503,16,583.66,0.1187,0.3724,0.219,0,1,0,1,0
TXN003280,773.77,55,269,1,774.82,0.185,0.2532,0.2608,0,0,0,11,0
TXN003281,257.56,22,289,1,475.33,0.0714,0.1915,0.1152,1,0,0,6,0
TXN003282,1198.26,57,206,3,826.94,0.0879,0.3989,0.2852,1,0,0,17,1
TXN003283,334.76,68,419,0,499.26,0.023,0.1088,0.1075,0,0,0,20,0
TXN003284,1904.04,23,59,1,1864.1,0.3067,0.4483,0.2347,0,0,1,0,0
TXN003285,740.18,39,37,0,1533.73,0.048,0.0647,0.1267,0,0,1,21,0
TXN003286,2478.74,42,312,4,1218.24,0.1164,0.1125,0.2052,1,0,0,18,0
TXN003287,923.97,24,196,5,887.71,0.5287,0.3512,0.0933,1,0,0,12,0
TXN003288,284.12,28,198,3,263.39,0.1829,0.3144,0.3591,0,0,0,11,0
TXN003289,1255.44,27,1042,7,795.73,0.1254,0.3964,0.1111,0,0,0,3,0
TXN003290,323.34,27,2485,0,643.54,0.1936,0.2079,0.0811,0,0,0,12,0
TXN003291,929.67,38,432,3,1303.87,0.4018,0.0356,0.1785,0,0,0,22,0
TXN003292,1858.13,42,78,0,1692.22,0.0581,0.5364,0.2567,0,0,1,10,0
TXN003293,522.25,30,689,3,1376.42,0.1369,0.1352,0.1686,1,0,0,12,0
TXN003294,1068.58,33,368,5,2654.81,0.1106,0.0901,0.3361,0,1,0,22,0
TXN003295,468.95,27,639,0,736.7,0.2556,0.1192,0.2019,0,0,0,19,0
TXN003296,382.07,59,452,1,715.63,0.216,0.189,0.2916,0,0,0,16,0
TXN003297,1876.92,29,52,4,2267.68,0.1326,0.0297,0.0957,0,0,0,22,0
TXN003298,1642.03,65,477,1,1231.95,0.3972,0.1409,0.4143,1,0,0,7,0
TXN003299,1393.45,46,465,13,922.51,0.0688,0.3311,0.2754,0,0,0,9,1
TXN003300,10804.74,59,1631,1,3994.07,0.1643,0.2196,0.2603,0,0,0,2,0
TXN003301,1622.9,51,1077,4,1643.22,0.0988,0.0455,0.2912,0,0,0,5,0
TXN003302,1044.73,31,1957,3,959.7,0.282,0.056,0.221,0,0,0,19,0
TXN003303,669.25,49,1284,4,678.47,0.5037,0.108,0.1287,0,0,0,13,0
TXN003304,3310.01,32,55,2,2775.42,0.0562,0.1765,0.1549,1,0,1,19,0
TXN003305,1578.14,24,29,1,1267.62,0.0812,0.2529,0.0325,0,0,0,12,0
TXN003306,1852.57,31,940,1,1115.62,0.1131,0.189,0.1704,0,0,0,15,0
TXN003307,2917.28,32,685,2,1760.57,0.113,0.2343,0.1649,0,0,0,11,0
TXN003308,2701.9,25,43,1,2030.55,0.2659,0.1342,0.4721,0,0,0,16,0
TXN003309,3697.84,19,64,3,1611.48,0.1203,0.2347,0.1415,0,0,0,7,0
TXN003310,2066.27,67,569,5,2036.08,0.0886,0.0605,0.0284,0,0,0,11,0
TXN003311,1074.49,44,267,6,1504.12,0.1331,0.307,0.4134,0,0,0,14,1
TXN003312,1263.95,38,612,0,1617.15,0.3751,0.3191,0.1838,0,0,1,10,0
TXN003313,619.95,66,192,1,657.11,0.438,0.1669,0.0676,0,0,0,4,0
TXN003314,2145.76,29,129,1,3894.22,0.0976,0.1975,0.0849,0,0,0,3,0
TXN003315,329.99,38,1472,4,462.4,0.0589,0.2502,0.1101,0,0,0,6,0
TXN003316,727.53,62,178,2,1361.8,0.4553,0.098,0.1255,0,0,0,22,0
TXN003317,519.8,50,1078,2,430.21,0.2211,0.1606,0.0978,0,0,1,16,0
TXN003318,1243.78,38,174,4,1023.83,0.2844,0.1999,0.0438,0,1,0,8,0
TXN003319,277.88,31,1,4,735.16,0.2438,0.0771,0.2118,0,1,0,5,0
TXN003320,841.58,19,5,2,1205.96,0.1342,0.2975,0.0786,0,0,1,0,1
TXN003321,3801.25,22,317,1,1393.02,0.1312,0.3171,0.111,0,0,0,6,0
TXN003322,793.89,26,541,15,561.47,0.1696,0.1406,0.3301,0,0,0,17,0
TXN003323,1379.25,58,47,3,1074.28,0.2692,0.2136,0.066,0,0,0,8,0
TXN003324,2018.75,51,214,7,2909.02,0.2866,0.4134,0.0447,0,0,0,21,0
TXN003325,512.56,40,251,27,437.65,0.101,0.1991,0.2612,0,0,0,19,1
TXN003326,598.35,58,247,4,603.15,0.4188,0.2915,0.065,0,0,0,21,0
TXN003327,1292.48,26,704,1,2003.25,0.1852,0.2097,0.2268,0,0,0,9,0
TXN003328,882.45,28,220,5,1157.81,0.0438,0.2214,0.5189,0,0,1,6,0
TXN003329,940.7,38,396,2,1219.03,0.1246,0.239,0.301,0,1,0,6,1
TXN003330,989.15,65,363,0,2243.09,0.2568,0.241,0.107,0,0,0,6,0
TXN003331,303.75,49,218,0,629.01,0.3191,0.3186,0.149,0,0,0,19,0
TXN003332,683.18,62,60,7,762.4,0.3634,0.0912,0.134,0,0,0,20,0
TXN003333,438.67,30,155,20,699.35,0.1331,0.1761,0.025,0,0,0,8,1
TXN003334,728.33,62,1,4,859.42,0.1598,0.0581,0.4205,0,0,1,2,1
TXN003335,1158.12,21,261,2,2800.81,0.0634,0.2606,0.032,0,0,0,18,0
TXN003336,518.0,29,515,23,333.37,0.1711,0.0756,0.0502,0,1,0,3,1
TXN003337,1492.65,45,432,3,475.35,0.3938,0.37,0.2724,0,0,0,6,1
TXN003338,741.81,20,943,6,421.59,0.4777,0.3282,0.248,0,0,0,19,0
TXN003339,5447.87,62,370,2,2925.4,0.4741,0.1062,0.2179,0,0,0,10,0
TXN003340,1006.55,63,130,1,713.31,0.141,0.1627,0.0602,0,1,0,5,0
TXN003341,1009.69,46,118,0,872.47,0.2349,0.353,0.019,0,1,0,14,0
TXN003342,371.42,33,587,3,354.16,0.2662,0.1924,0.0907,1,0,0,0,0
TXN003343,551.89,23,53,3,912.63,0.3358,0.1015,0.0903,0,0,0,4,0
TXN003344,2939.8,50,47,5,2011.36,0.1781,0.133,0.0697,0,0,0,13,0
TXN003345,1851.89,45,1436,3,1309.07,0.2005,0.185,0.3458,0,0,0,11,0
TXN003346,788.27,57,303,3,1016.88,0.1956,0.2057,0.1895,0,0,0,13,0
TXN003347,489.74,49,286,2,366.71,0.0907,0.2656,0.1984,0,0,0,14,0
TXN003348,595.12,24,456,1,871.69,0.1352,0.2435,0.2962,0,0,0,15,0
TXN003349,859.37,24,1044,2,1215.41,0.2192,0.1178,0.32,0,0,1,7,0
TXN003350,838.85,58,812,6,547.7,0.1546,0.2062,0.0195,0,0,0,14,0
TXN003351,2197.8,26,300,2,1734.41,0.3186,0.0846,0.2273,0,0,0,15,0
TXN003352,1793.6,66,596,1,2037.64,0.0462,0.1717,0.1733,0,0,0,8,0
TXN003353,625.61,23,304,25,757.44,0.1406,0.1198,0.2595,0,0,0,1,1
TXN003354,2006.62,55,1015,2,1822.72,0.1072,0.1306,0.3299,0,0,0,16,1
TXN003355,370.08,68,503,4,1015.55,0.3443,0.3389,0.142,0,0,0,15,0
TXN003356,1613.6,40,416,3,2447.93,0.212,0.1058,0.1134,0,0,0,15,0
TXN003357,2271.27,20,435,2,4554.66,0.3489,0.1464,0.4892,0,0,0,22,0
TXN003358,513.35,63,60,2,510.01,0.1175,0.04,0.1067,0,0,0,15,0
TXN003359,3419.94,27,1044,3,1879.27,0.0381,0.1786,0.178,0,0,0,1,0
TXN003360,3554.3,45,1363,2,2733.87,0.2277,0.1115,0.4056,0,0,0,22,0
TXN003361,419.56,69,90,4,555.86,0.1329,0.2211,0.2737,0,1,0,15,0
TXN003362,497.1,56,23,10,733.2,0.0897,0.228,0.1531,0,0,0,3,1
TXN003363,480.54,20,244,2,727.44,0.1259,0.0234,0.0748,0,0,0,8,0
TXN003364,3001.43,60,218,2,999.3,0.4076,0.2176,0.2192,0,0,0,18,1
TXN003365,887.12,26,415,2,854.52,0.0962,0.11,0.0563,0,0,0,14,0
TXN003366,1065.36,56,95,1,954.51,0.0826,0.1414,0.0204,0,0,0,3,0
TXN003367,617.37,50,179,5,1971.58,0.2439,0.1016,0.0118,0,0,0,3,0
TXN003368,151.93,32,315,1,290.89,0.1717,0.0581,0.5048,0,0,0,21,0
TXN003369,541.3,40,46,4,554.62,0.0185,0.4648,0.1217,0,1,0,10,0
TXN003370,1332.7,24,91,3,1752.76,0.1813,0.3092,0.1211,0,0,0,0,0
TXN003371,1737.37,69,630,7,1614.76,0.2634,0.1146,0.0813,0,1,0,19,1
TXN003372,558.33,30,52,2,522.71,0.532,0.1568,0.2518,0,1,0,10,0
TXN003373,2257.56,34,1383,3,1622.61,0.0794,0.1458,0.2781,0,0,0,18,0
TXN003374,993.04,44,492,3,2776.11,0.351,0.3591,0.0361,0,0,0,19,0
TXN003375,576.98,52,895,1,1059.64,0.0581,0.0288,0.2479,0,0,0,8,0
TXN003376,512.67,44,86,4,541.55,0.1145,0.3207,0.0095,0,0,0,11,0
TXN003377,1417.14,44,183,4,2023.27,0.1223,0.4447,0.2587,0,0,0,4,0
TXN003378,3088.62,48,752,3,3663.34,0.0585,0.3632,0.0589,0,1,0,19,0
TXN003379,626.2,62,269,2,589.75,0.2186,0.2591,0.3451,0,1,0,17,0
TXN003380,748.27,38,1817,1,1127.18,0.3629,0.2334,0.3586,0,0,0,5,0
TXN003381,2614.58,61,597,3,2352.21,0.2358,0.4929,0.268,0,0,0,18,0
TXN003382,1603.5,58,2018,2,1188.86,0.0581,0.0525,0.0939,0,0,0,5,0
TXN003383,334.52,67,124,3,322.75,0.3185,0.3044,0.1099,0,0,0,9,0
TXN003384,2223.4,65,1228,5,1495.76,0.2397,0.3804,0.1542,0,0,0,17,0
TXN003385,167.29,59,69,4,552.71,0.1236,0.0776,0.2974,0,0,0,11,0
TXN003386,326.42,30,807,4,450.56,0.1673,0.1009,0.0402,0,0,0,20,0
TXN003387,534.51,58,387,15,327.2,0.128,0.19,0.2052,0,0,0,10,0
TXN003388,1568.52,56,12,4,2523.2,0.2139,0.0878,0.4843,0,0,0,5,0
TXN003389,352.72,33,6,24,611.37,0.0804,0.27,0.1592,0,0,0,17,1
TXN003390,1291.92,53,562,3,1384.83,0.2387,0.1129,0.0379,0,0,0,17,0
TXN003391,1629.03,31,106,3,1644.63,0.2416,0.01,0.247,0,0,0,22,0
TXN003392,915.24,45,91,3,1228.16,0.131,0.0487,0.1873,0,0,0,15,0
TXN003393,3720.32,59,1288,2,1349.65,0.1275,0.1568,0.3423,0,1,0,23,0
TXN003394,1676.23,27,68,2,1431.87,0.2955,0.276,0.2175,0,0,0,18,0
TXN003395,735.16,35,246,4,1207.94,0.4034,0.3087,0.1557,0,0,0,8,1
TXN003396,291.83,59,158,1,644.12,0.3575,0.1711,0.0193,0,1,0,16,0
TXN003397,756.37,41,738,1,605.14,0.0855,0.0578,0.1564,0,0,0,16,0
TXN003398,612.1,67,926,4,1018.93,0.1486,0.1623,0.1892,0,0,0,16,0
TXN003399,3280.09,18,258,2,1003.94,0.069,0.1141,0.1041,0,0,0,19,0
TXN003400,1874.12,55,610,4,1481.08,0.3162,0.2882,0.4206,0,0,1,23,0
TXN003401,3226.46,60,93,5,2371.21,0.1468,0.0545,0.2729,0,0,0,18,0
TXN003402,1599.6,65,1074,23,1395.12,0.0962,0.2249,0.2504,0,0,0,17,1
TXN003403,1151.99,26,24,4,621.65,0.268,0.1078,0.1756,0,0,0,0,0
TXN003404,63.8,69,815,5,238.22,0.3776,0.1642,0.1021,0,0,0,11,0
TXN003405,330.28,38,347,8,640.18,0.1639,0.1749,0.0749,0,0,0,19,0
TXN003406,755.69,36,379,1,427.89,0.1988,0.1206,0.0765,0,1,0,8,1
TXN003407,1501.26,36,711,5,657.69,0.0643,0.1687,0.2901,0,1,0,14,0
TXN003408,658.65,51,128,2,1299.32,0.178,0.0406,0.3038,0,0,0,3,0
TXN003409,427.87,52,453,1,1163.37,0.1236,0.1977,0.295,0,0,0,1,0
TXN003410,4415.43,42,330,7,4026.79,0.3341,0.1754,0.2685,0,0,0,15,0
TXN003411,2008.48,21,422,2,1537.88,0.1959,0.2718,0.1093,0,0,0,17,0
TXN003412,4525.47,69,227,0,4173.11,0.0592,0.1336,0.2266,0,0,0,2,0
TXN003413,1750.75,29,48,3,1809.12,0.4992,0.0807,0.1656,0,0,0,14,0
TXN003414,846.81,22,993,3,2344.89,0.1788,0.2494,0.071,0,0,0,5,0
TXN003415,694.03,49,386,2,853.01,0.2867,0.3257,0.5252,0,0,0,4,0
TXN003416,456.5,39,208,4,516.9,0.2418,0.3588,0.0758,0,1,0,2,0
TXN003417,592.41,50,567,3,800.89,0.1339,0.1996,0.2596,0,0,0,4,0
TXN003418,378.56,63,101,5,1087.56,0.1983,0.0322,0.1678,0,0,0,19,0
TXN003419,974.47,23,1317,1,706.48,0.2006,0.1318,0.2277,0,0,0,7,0
TXN003420,876.0,32,47,14,544.14,0.4092,0.4419,0.2897,0,0,0,0,1
TXN003421,948.36,44,372,4,1468.19,0.2852,0.2812,0.1497,0,0,0,13,0
TXN003422,489.77,58,1365,5,542.52,0.1774,0.1103,0.1814,0,0,0,6,0
TXN003423,285.22,49,1377,4,374.86,0.3597,0.0621,0.399,0,0,0,10,0
TXN003424,382.44,37,131,2,499.97,0.2244,0.1287,0.1826,0,0,0,18,0
TXN003425,1220.72,49,27,2,930.71,0.2027,0.3099,0.1851,0,0,0,0,0
TXN003426,728.42,68,243,2,548.04,0.0727,0.092,0.5241,0,0,0,16,0
TXN003427,1688.27,42,92,9,934.8,0.1138,0.2102,0.27,0,0,0,20,0
TXN003428,2980.87,63,272,3,1669.55,0.0945,0.0859,0.1206,1,0,0,13,1
TXN003429,1491.62,58,103,23,1639.44,0.0571,0.1571,0.2624,0,0,0,22,1
TXN003430,3296.38,33,15,6,690.5,0.1996,0.0309,0.3588,0,0,1,2,1
TXN003431,1032.48,30,132,1,440.21,0.0567,0.2132,0.2192,0,0,0,18,0
TXN003432,510.34,58,1426,5,732.94,0.2722,0.1657,0.098,0,0,0,22,0
TXN003433,1860.46,28,59,4,1735.33,0.0078,0.3395,0.4202,0,0,0,20,1
TXN003434,685.56,35,148,6,2043.54,0.1238,0.1675,0.0339,0,0,0,6,0
TXN003435,1425.12,30,242,2,1403.92,0.088,0.1018,0.272,0,0,0,12,0
TXN003436,6383.92,49,580,2,2542.76,0.1634,0.1662,0.1371,0,0,0,18,0
TXN003437,16986.24,33,832,3,3679.17,0.3843,0.1984,0.3523,0,0,0,5,1
TXN003438,731.46,52,382,3,781.91,0.322,0.2382,0.3995,0,0,0,13,1
TXN003439,3732.3,66,1352,4,3104.46,0.2304,0.0388,0.0472,0,0,0,19,0
TXN003440,1274.79,61,104,5,913.8,0.1595,0.1379,0.2454,0,0,0,14,0
TXN003441,6652.39,67,915,4,2239.25,0.1396,0.0758,0.1233,0,0,0,20,0
TXN003442,1048.76,19,276,4,1800.83,0.1628,0.0204,0.1702,0,0,0,3,0
TXN003443,1183.93,41,604,17,274.8,0.3733,0.1431,0.0925,0,0,0,0,1
TXN003444,468.37,29,56,20,557.6,0.0213,0.3896,0.293,0,0,0,0,1
TXN003445,245.06,65,364,5,466.43,0.0552,0.1838,0.3736,0,0,0,0,0
TXN003446,264.85,55,478,6,315.0,0.3504,0.3294,0.1084,0,1,0,6,1
TXN003447,1300.15,34,682,4,2029.45,0.1276,0.3035,0.1716,0,0,0,20,0
TXN003448,5876.58,47,2418,14,4666.39,0.1268,0.3355,0.1106,0,0,0,10,1
TXN003449,369.01,49,1192,5,915.65,0.1796,0.4104,0.0993,0,0,0,16,0
TXN003450,2155.57,43,283,0,1994.02,0.4007,0.057,0.4269,0,0,0,19,0
TXN003451,4466.77,42,183,3,3100.25,0.2282,0.1299,0.363,0,0,0,6,0
TXN003452,2868.06,20,223,3,1268.81,0.4188,0.1757,0.2788,0,0,0,7,0
TXN003453,1566.52,41,1626,3,1077.37,0.2464,0.311,0.0072,0,1,0,10,0
TXN003454,2017.71,36,106,3,923.36,0.2283,0.1216,0.049,0,0,0,16,0
TXN003455,1145.02,60,1842,29,1597.65,0.0179,0.1823,0.3161,0,0,0,16,1
TXN003456,2512.64,62,608,1,2022.9,0.1961,0.574,0.2021,0,0,0,1,0
TXN003457,444.61,57,204,1,1515.14,0.2104,0.0549,0.1749,0,0,0,21,0
TXN003458,1389.27,19,976,6,1479.15,0.0316,0.2599,0.3198,0,0,0,8,0
TXN003459,1308.81,61,171,0,1058.02,0.0736,0.348,0.1676,0,0,0,3,1
TXN003460,467.5,38,583,3,359.58,0.0187,0.0672,0.2824,0,0,0,16,0
TXN003461,864.94,39,256,1,2055.76,0.1955,0.1594,0.2809,0,0,0,14,0
TXN003462,360.02,67,333,5,446.2,0.4646,0.1703,0.048,0,0,0,2,0
TXN003463,1473.88,63,637,8,1691.84,0.2088,0.1037,0.0634,0,0,0,18,0
TXN003464,1470.01,20,480,6,1861.27,0.1509,0.3382,0.2494,0,0,0,19,0
TXN003465,735.43,36,9,4,493.59,0.2436,0.2807,0.0512,0,0,0,5,0
TXN003466,636.05,56,221,4,716.62,0.1663,0.1163,0.5199,0,0,0,15,0
TXN003467,5113.62,46,304,6,4841.75,0.684,0.0654,0.1578,0,0,1,7,0
TXN003468,792.4,31,92,3,1037.29,0.2064,0.2401,0.3489,0,0,0,2,0
TXN003469,838.41,45,479,3,466.78,0.1942,0.4939,0.0509,0,0,0,3,0
TXN003470,3594.62,63,253,2,1921.03,0.0403,0.2385,0.0374,0,0,0,3,0
TXN003471,538.91,29,584,4,638.5,0.4639,0.1325,0.3071,0,0,0,0,0
TXN003472,1371.22,56,2,1,285.9,0.196,0.0337,0.422,0,0,0,5,0
TXN003473,1035.12,56,1319,2,1577.88,0.2036,0.0925,0.1566,0,0,0,8,0
TXN003474,1004.58,64,144,19,577.3,0.3677,0.1442,0.1638,0,0,0,3,0
TXN003475,813.85,33,235,2,1373.11,0.0773,0.0026,0.2954,0,0,0,5,0
TXN003476,949.83,29,250,2,620.87,0.2531,0.4626,0.1583,1,0,0,9,0
TXN003477,2636.73,46,140,2,1799.1,0.1376,0.0637,0.1826,0,0,0,22,0
TXN003478,714.79,45,250,1,1246.94,0.1968,0.22,0.2155,0,0,0,7,0
TXN003479,166.62,39,269,8,179.03,0.1101,0.0147,0.051,0,0,0,22,0
TXN003480,4002.46,58,1,1,1432.83,0.4929,0.117,0.078,0,0,0,12,0
TXN003481,572.1,59,199,5,895.33,0.29,0.0432,0.1064,1,0,1,18,0
TXN003482,3687.59,30,17,2,2956.33,0.4192,0.1865,0.102,1,0,0,5,0
TXN003483,1739.17,59,542,3,1446.13,0.0333,0.1118,0.2031,0,1,0,15,0
TXN003484,1819.02,29,485,4,1861.82,0.3272,0.1796,0.08,0,0,0,14,0
TXN003485,257.37,39,408,2,666.89,0.2892,0.0668,0.1877,0,0,0,22,0
TXN003486,994.95,19,316,4,630.78,0.054,0.3387,0.2459,1,0,0,16,0
TXN003487,1084.02,35,354,3,1077.12,0.2192,0.0994,0.2712,1,0,0,21,0
TXN003488,1563.5,67,1014,3,851.98,0.0552,0.0223,0.1916,1,0,0,16,0
TXN003489,3178.21,41,105,2,2797.85,0.1883,0.2267,0.1519,0,0,0,21,0
TXN003490,1020.59,54,396,2,985.03,0.0645,0.0394,0.1355,0,0,0,19,0
TXN003491,571.08,23,1841,5,465.27,0.2769,0.1145,0.2513,0,0,0,2,0
TXN003492,356.93,51,269,5,614.43,0.2043,0.0339,0.1269,0,0,0,9,0
TXN003493,5077.09,37,111,3,2154.98,0.2121,0.2709,0.2497,0,0,0,14,0
TXN003494,793.49,56,199,4,975.47,0.1405,0.0733,0.1897,1,0,0,23,0
TXN003495,769.77,66,226,0,939.64,0.218,0.0819,0.0638,0,0,0,9,0
TXN003496,4688.62,45,244,5,2303.38,0.2632,0.0992,0.0431,0,0,0,8,0
TXN003497,662.29,23,68,5,578.05,0.5677,0.0984,0.0403,0,0,0,2,0
TXN003498,201.41,42,325,3,229.38,0.378,0.4072,0.3556,0,0,0,17,0
TXN003499,757.93,24,494,1,603.65,0.1439,0.0223,0.378,0,0,0,21,0
TXN003500,1833.08,41,52,2,1299.15,0.1297,0.1358,0.0425,0,0,0,2,0
TXN003501,862.86,21,91,3,920.89,0.027,0.1855,0.2201,0,0,0,7,0
TXN003502,610.93,51,202,3,367.86,0.1073,0.0821,0.1074,1,0,0,18,0
TXN003503,1110.36,34,472,3,2233.31,0.2408,0.3677,0.1778,0,1,0,11,0
TXN003504,1420.04,28,105,4,1229.6,0.2086,0.2153,0.1132,1,0,0,8,0
TXN003505,2236.03,18,197,3,1439.87,0.2489,0.1895,0.0412,0,0,0,20,0
TXN003506,2070.85,64,732,8,1471.04,0.1284,0.259,0.2363,0,0,0,0,0
TXN003507,128.83,61,1251,10,441.88,0.3495,0.1701,0.1725,0,0,0,21,1
TXN003508,1264.45,60,161,3,1355.62,0.1311,0.2298,0.2377,0,0,0,4,0
TXN003509,1061.56,21,100,3,2069.82,0.0731,0.1763,0.0929,1,0,0,7,0
TXN003510,4941.34,36,182,0,2436.25,0.1456,0.2234,0.1526,1,0,0,18,0
TXN003511,1465.59,68,462,2,1816.9,0.1501,0.1872,0.1407,0,0,0,5,0
TXN003512,2996.73,48,39,3,1570.57,0.1704,0.2057,0.372,1,0,0,4,0
TXN003513,166.41,24,14,1,324.99,0.3431,0.195,0.3436,0,0,0,8,1
TXN003514,1345.34,25,1795,4,1085.23,0.1686,0.1359,0.0567,0,0,0,0,0
TXN003515,563.84,31,25,3,561.38,0.2631,0.1444,0.1418,0,0,0,22,0
TXN003516,12304.93,68,415,1,2690.59,0.115,0.4101,0.244,0,0,0,23,0
TXN003517,4624.51,26,854,2,2419.38,0.2039,0.0981,0.3407,0,0,0,6,0
TXN003518,1040.3,64,220,2,563.76,0.0873,0.0899,0.2662,0,0,0,11,0
TXN003519,3239.29,53,6,3,1061.9,0.1388,0.0786,0.0954,0,0,0,12,1
TXN003520,1525.43,65,519,4,1305.0,0.0788,0.314,0.237,1,0,0,21,0
TXN003521,1950.47,60,58,0,2060.19,0.2541,0.1395,0.5031,0,1,0,2,1
TXN003522,301.76,35,76,3,339.36,0.3446,0.2494,0.0817,1,0,1,19,0
TXN003523,279.66,61,328,2,233.52,0.3922,0.1398,0.1452,0,0,0,23,0
TXN003524,245.46,26,331,4,1126.31,0.2917,0.0822,0.3266,0,0,0,9,0
TXN003525,186.66,33,1421,2,186.42,0.34,0.084,0.0709,0,0,0,21,0
TXN003526,1388.16,29,28,4,1225.37,0.2349,0.1229,0.1688,0,0,0,11,0
TXN003527,1523.59,24,227,3,1659.95,0.1959,0.1579,0.0949,0,0,0,9,0
TXN003528,1122.44,22,1247,2,2605.18,0.4617,0.1036,0.039,0,0,0,3,0
TXN003529,653.14,27,48,4,709.25,0.0412,0.2118,0.3511,0,0,0,8,0
TXN003530,528.1,24,744,6,1227.61,0.247,0.0993,0.0767,0,0,0,9,0
TXN003531,4589.95,37,62,3,1730.31,0.2479,0.0682,0.1583,0,0,0,17,0
TXN003532,417.99,21,278,4,481.54,0.1051,0.2332,0.2663,1,0,0,23,0
TXN003533,669.32,21,484,6,2081.29,0.1709,0.1415,0.1086,0,0,0,17,0
TXN003534,1186.14,69,120,3,1328.81,0.2371,0.3631,0.013,0,0,0,14,0
TXN003535,1174.57,22,105,1,717.8,0.0249,0.5371,0.0686,0,0,0,21,0
TXN003536,1333.83,21,331,5,1210.72,0.3993,0.0978,0.4726,0,0,0,8,0
TXN003537,601.75,19,153,3,994.72,0.1325,0.3327,0.1328,0,1,0,23,0
TXN003538,1303.77,24,773,1,1893.25,0.0672,0.0669,0.0423,0,0,0,14,0
TXN003539,727.72,45,503,4,852.08,0.135,0.2128,0.1779,0,0,0,7,0
TXN003540,1009.44,61,7,2,1285.58,0.0676,0.2792,0.2666,0,0,0,15,0
TXN003541,355.17,56,126,3,710.06,0.1755,0.1563,0.1144,0,0,0,22,0
TXN003542,548.03,48,196,2,568.79,0.5325,0.4197,0.0961,1,1,0,15,0
TXN003543,593.79,22,102,4,1236.54,0.1368,0.1446,0.3211,0,0,0,14,0
TXN003544,986.57,58,806,3,585.38,0.2686,0.0376,0.1306,0,0,1,20,0
TXN003545,3461.7,19,1314,0,1920.63,0.2024,0.1375,0.5361,0,0,0,4,0
TXN003546,956.05,50,55,0,1659.98,0.3661,0.1704,0.1936,0,0,0,6,0
TXN003547,432.8,39,181,3,641.89,0.2948,0.2502,0.3484,0,0,0,5,0
TXN003548,1009.28,63,44,1,1273.66,0.4012,0.1061,0.0561,0,0,0,4,0
TXN003549,628.84,33,84,0,639.83,0.1738,0.1522,0.1928,0,0,0,14,0
TXN003550,410.86,51,901,3,356.73,0.0703,0.2396,0.0509,0,0,0,11,0
TXN003551,931.34,40,129,4,721.94,0.0888,0.2381,0.237,0,0,0,23,0
TXN003552,1348.33,45,517,3,1058.68,0.2403,0.2023,0.3524,0,0,0,21,0
TXN003553,3713.06,66,217,5,1579.69,0.0852,0.2618,0.4163,0,0,1,6,0
TXN003554,1258.7,55,1026,5,1217.6,0.1679,0.1146,0.0485,0,0,0,9,0
TXN003555,1011.32,39,55,4,2070.14,0.153,0.0731,0.155,0,0,0,9,1
TXN003556,227.72,41,154,3,551.8,0.0611,0.2015,0.154,0,0,0,16,0
TXN003557,2071.43,54,284,5,842.45,0.142,0.4242,0.1861,0,0,0,18,0
TXN003558,4588.77,35,159,3,3467.04,0.1006,0.0615,0.1166,0,0,0,9,0
TXN003559,317.92,26,432,4,283.79,0.0718,0.202,0.4156,0,0,0,12,0
TXN003560,1023.1,42,119,2,799.22,0.0938,0.1139,0.0278,0,0,0,6,0
TXN003561,565.72,21,649,7,517.99,0.448,0.0325,0.1953,1,0,0,14,0
TXN003562,1213.76,26,124,4,956.44,0.1285,0.3582,0.092,0,0,0,3,0
TXN003563,659.16,39,1383,4,809.07,0.1048,0.2348,0.1481,0,0,0,20,0
TXN003564,2986.53,59,606,7,1671.55,0.1178,0.0537,0.254,0,0,0,23,0
TXN003565,982.59,58,478,2,1311.42,0.2309,0.1809,0.203,1,1,0,1,1
TXN003566,267.54,31,158,4,439.69,0.0826,0.0489,0.2456,0,0,0,22,0
TXN003567,286.67,39,21,2,726.53,0.2173,0.0946,0.2375,0,0,0,12,0
TXN003568,962.15,25,229,3,1096.54,0.2984,0.274,0.3002,0,1,0,9,0
TXN003569,3694.84,57,135,1,1840.08,0.224,0.2822,0.107,1,0,0,18,1
TXN003570,4682.22,30,14,1,6021.37,0.3232,0.2756,0.3117,0,0,0,6,0
TXN003571,840.3,59,440,2,1793.56,0.0702,0.3454,0.233,0,0,0,0,0
TXN003572,631.38,61,727,3,539.83,0.1037,0.3052,0.2095,1,0,0,6,0
TXN003573,717.82,53,177,4,1026.91,0.2692,0.1728,0.0877,0,0,0,16,0
TXN003574,2916.76,35,21,1,1244.74,0.0872,0.0418,0.2994,0,0,1,17,0
TXN003575,1376.71,67,11,1,762.37,0.1638,0.0627,0.1864,0,0,0,6,0
TXN003576,757.62,53,1848,1,1524.13,0.1578,0.0369,0.2927,0,0,1,16,0
TXN003577,203.24,51,1141,2,223.64,0.1807,0.4501,0.0958,0,0,0,7,0
TXN003578,1066.15,62,73,3,1615.18,0.1885,0.1799,0.3025,0,0,0,5,0
TXN003579,414.99,63,551,18,785.66,0.1844,0.1689,0.2411,0,0,0,16,0
TXN003580,984.8,22,136,16,1015.57,0.0285,0.3767,0.457,0,0,0,9,1
TXN003581,4798.38,63,6,2,3059.5,0.3754,0.4526,0.3096,0,0,0,21,0
TXN003582,433.55,57,311,4,453.47,0.1444,0.2419,0.1523,1,0,0,21,0
TXN003583,999.27,28,150,3,1327.3,0.2766,0.1607,0.1009,0,0,0,13,0
TXN003584,568.11,33,103,7,1911.69,0.1511,0.3488,0.469,0,0,0,5,0
TXN003585,856.66,57,195,3,1235.51,0.1313,0.2926,0.0528,0,0,0,3,0
TXN003586,479.89,29,95,19,354.27,0.1297,0.0627,0.1667,1,0,1,12,0
TXN003587,1349.12,41,98,3,2822.22,0.1062,0.2525,0.0781,0,0,0,17,0
TXN003588,1914.98,53,104,3,945.82,0.2568,0.0936,0.0894,0,0,0,0,1
TXN003589,549.89,51,47,3,758.03,0.1939,0.0676,0.2181,0,0,0,2,0
TXN003590,981.62,65,14,4,882.41,0.2782,0.1761,0.1949,0,0,0,22,0
TXN003591,673.83,23,240,4,839.24,0.2397,0.3324,0.208,0,1,0,21,1
TXN003592,249.61,33,474,4,476.69,0.2894,0.0152,0.1604,0,0,0,5,0
TXN003593,1568.11,69,12,5,1230.86,0.1595,0.2623,0.404,0,0,0,4,0
TXN003594,519.58,47,482,2,721.94,0.1501,0.0326,0.202,0,0,0,8,0
TXN003595,1109.27,30,278,5,1753.94,0.0841,0.1103,0.1257,0,0,0,21,0
TXN003596,426.42,33,1,5,1575.48,0.0762,0.0671,0.0679,0,0,0,20,0
TXN003597,7005.47,35,53,2,3421.96,0.3212,0.2893,0.1016,0,0,0,8,0
TXN003598,948.84,46,75,2,945.64,0.1,0.1577,0.134,0,0,0,3,0
TXN003599,1148.65,32,95,0,624.98,0.1183,0.3005,0.2275,0,0,0,12,0
TXN003600,551.3,50,339,2,391.97,0.1716,0.3223,0.2938,0,0,0,6,1
TXN003601,9356.98,41,90,2,5091.56,0.1708,0.1422,0.1967,0,0,0,8,0
TXN003602,1278.18,49,188,2,1743.2,0.1767,0.1557,0.0542,0,0,0,8,0
TXN003603,317.49,26,1149,3,675.4,0.337,0.2122,0.1598,0,0,1,8,0
TXN003604,5457.19,50,2012,3,3587.49,0.165,0.0294,0.1962,0,0,0,7,0
TXN003605,3043.99,66,324,1,2833.63,0.397,0.5181,0.1871,0,0,0,15,0
TXN003606,329.51,25,101,26,425.86,0.2477,0.1377,0.3996,0,0,0,13,1
TXN003607,973.66,35,109,2,647.14,0.3065,0.1663,0.2112,1,0,0,10,0
TXN003608,1184.23,54,222,4,999.62,0.2958,0.2306,0.3416,0,0,0,3,0
TXN003609,736.83,50,213,2,518.5,0.2004,0.1837,0.0186,0,0,0,21,0
TXN003610,584.1,53,120,5,1024.95,0.1737,0.2858,0.2781,0,0,0,19,0
TXN003611,3090.42,47,989,24,1805.1,0.1196,0.0829,0.1929,0,0,0,13,0
TXN003612,418.29,53,265,4,419.35,0.1442,0.2975,0.0342,0,0,1,8,0
TXN003613,2444.95,49,275,2,1346.28,0.0831,0.0893,0.3513,0,0,1,1,0
TXN003614,4232.25,21,1696,15,2484.8,0.0723,0.1572,0.0844,0,0,0,20,0
TXN003615,2116.71,57,435,23,1451.21,0.1548,0.277,0.1583,0,0,0,20,1
TXN003616,978.43,41,810,5,1040.1,0.221,0.363,0.0766,1,0,0,1,0
TXN003617,1014.95,20,265,2,687.0,0.201,0.1933,0.123,1,0,0,17,0
TXN003618,3613.82,39,1005,2,1961.74,0.1875,0.0939,0.1698,0,0,0,5,0
TXN003619,671.73,40,119,1,481.14,0.2874,0.1307,0.2127,0,1,0,14,0
TXN003620,1453.0,22,4,3,1299.79,0.0604,0.26,0.0534,0,0,0,14,0
TXN003621,1651.4,69,750,12,1116.4,0.1065,0.1279,0.1392,0,0,0,9,0
TXN003622,1805.86,29,132,2,2411.32,0.1167,0.3092,0.0775,0,0,0,21,0
TXN003623,1677.01,35,411,5,729.29,0.357,0.2389,0.153,0,0,0,7,0
TXN003624,306.92,40,313,2,774.01,0.2117,0.0766,0.1516,0,0,0,14,0
TXN003625,468.54,61,64,20,459.76,0.1402,0.2463,0.0371,0,0,0,17,1
TXN003626,1191.33,56,120,4,1489.36,0.3254,0.1395,0.3671,0,0,0,19,0
TXN003627,572.97,58,1493,14,815.11,0.1203,0.0215,0.0833,0,0,1,1,1
TXN003628,709.39,30,1392,5,599.77,0.1638,0.1854,0.2547,0,0,0,1,0
TXN003629,345.23,61,309,2,641.13,0.191,0.4964,0.0567,0,0,0,11,0
TXN003630,5216.26,61,152,4,1597.15,0.1134,0.2293,0.1609,0,0,0,7,0
TXN003631,240.87,42,485,4,506.7,0.0631,0.1802,0.0342,0,0,0,8,0
TXN003632,319.54,46,843,4,539.2,0.1446,0.6591,0.1446,0,0,0,7,0
TXN003633,1155.54,19,1331,4,2053.81,0.2096,0.1346,0.2061,0,0,0,10,0
TXN003634,1088.86,57,107,0,976.25,0.275,0.2219,0.2918,1,0,1,18,1
TXN003635,3739.89,67,128,1,2140.54,0.2205,0.2923,0.2538,0,0,0,2,0
TXN003636,1138.83,42,37,3,852.74,0.0767,0.2845,0.1361,0,0,0,20,0
TXN003637,2462.67,46,10,2,1095.77,0.044,0.2,0.1343,0,0,0,4,0
TXN003638,776.2,43,154,1,1223.42,0.3213,0.0587,0.2049,0,0,1,15,0
TXN003639,4160.53,22,37,16,2896.04,0.2782,0.1377,0.1814,0,0,0,16,1
TXN003640,2315.0,50,518,5,2735.61,0.1257,0.3066,0.1911,0,0,0,6,0
TXN003641,2786.96,55,189,16,2458.4,0.1485,0.3123,0.2989,0,0,0,9,1
TXN003642,1299.33,66,107,2,706.15,0.0729,0.0689,0.0883,0,1,0,5,0
TXN003643,216.69,66,381,2,549.62,0.1676,0.4119,0.055,0,0,0,10,0
TXN003644,5583.71,43,384,5,1867.87,0.0752,0.2928,0.0768,0,0,0,12,0
TXN003645,2654.06,67,139,2,2874.78,0.1459,0.0612,0.0726,0,1,1,20,0
TXN003646,1022.83,45,453,20,2474.94,0.4363,0.2192,0.1976,0,0,0,19,1
TXN003647,756.02,51,1293,5,1106.7,0.3154,0.197,0.2305,0,0,0,11,0
TXN003648,1930.89,49,960,1,1825.24,0.1461,0.0719,0.4063,0,0,0,0,0
TXN003649,1262.16,69,33,3,1847.84,0.3869,0.1699,0.0261,0,0,0,0,0
TXN003650,394.62,56,200,5,1217.14,0.1631,0.1868,0.386,0,0,0,1,0
TXN003651,1323.32,24,608,26,1254.71,0.038,0.3899,0.2174,0,0,0,18,1
TXN003652,789.8,21,821,1,1174.66,0.3664,0.1154,0.1686,0,0,1,10,0
TXN003653,903.67,39,135,7,631.65,0.1833,0.1952,0.1575,1,0,0,11,0
TXN003654,376.96,44,786,3,678.42,0.1803,0.2018,0.1626,0,0,1,6,0
TXN003655,2328.08,52,368,4,671.13,0.0807,0.1044,0.1199,0,0,0,6,0
TXN003656,474.86,43,975,3,358.0,0.0636,0.1706,0.0963,1,0,0,23,0
TXN003657,1350.51,44,375,6,1211.97,0.2689,0.2792,0.0971,0,0,1,2,0
TXN003658,1501.65,65,992,2,1065.93,0.1594,0.1903,0.1834,0,1,0,10,0
TXN003659,686.46,35,73,2,1869.4,0.2247,0.2508,0.2543,0,0,1,11,0
TXN003660,2016.61,43,1647,19,2650.5,0.2827,0.2098,0.1346,0,0,0,22,1
TXN003661,7388.41,46,28,2,2771.12,0.1708,0.0549,0.147,0,1,0,4,1
TXN003662,2482.08,42,709,3,2959.94,0.1401,0.1146,0.3092,0,0,0,9,0
TXN003663,623.59,68,50,3,645.51,0.121,0.0633,0.1464,0,0,0,15,0
TXN003664,311.39,68,1074,0,402.47,0.2429,0.1246,0.1896,0,0,0,20,0
TXN003665,4707.91,44,50,5,2103.84,0.29,0.1104,0.345,1,0,0,17,0
TXN003666,2522.35,41,429,16,2885.62,0.3064,0.1164,0.4087,1,0,0,23,1
TXN003667,1637.11,48,303,4,3259.06,0.1464,0.397,0.1471,0,1,0,2,1
TXN003668,6360.39,27,114,3,1539.94,0.2058,0.1408,0.0694,0,0,0,21,0
TXN003669,127.24,40,937,3,271.05,0.408,0.1619,0.0512,0,0,0,7,0
TXN003670,1342.61,29,292,4,1416.47,0.4137,0.1667,0.1246,0,0,0,16,0
TXN003671,1018.23,25,423,3,1617.78,0.4704,0.0929,0.0579,0,0,1,5,0
TXN003672,1791.08,22,149,0,2634.51,0.1228,0.1331,0.4735,0,0,0,7,0
TXN003673,1665.42,48,1250,1,2983.16,0.2798,0.048,0.3117,0,0,0,15,0
TXN003674,1540.32,18,469,1,2072.98,0.0495,0.2144,0.1923,0,0,0,14,0
TXN003675,1249.03,51,250,3,726.98,0.3052,0.2345,0.3282,0,0,0,18,0
TXN003676,187.45,40,470,4,533.58,0.2371,0.2778,0.2161,0,0,0,4,0
TXN003677,3188.22,37,596,5,1593.63,0.1709,0.1401,0.1293,0,0,1,14,0
TXN003678,1145.88,58,105,0,629.74,0.3445,0.1827,0.2044,1,0,0,13,0
TXN003679,4074.81,46,687,24,3079.73,0.0991,0.146,0.3507,0,0,0,18,0
TXN003680,356.45,56,103,0,332.56,0.1874,0.2593,0.0858,1,0,0,21,1
TXN003681,1898.79,54,465,1,1630.79,0.2346,0.0842,0.2857,1,0,0,15,0
TXN003682,3000.55,19,100,2,1371.52,0.1834,0.2645,0.1252,1,0,0,4,0
TXN003683,363.25,29,93,3,948.86,0.0759,0.2368,0.1032,0,0,0,23,0
TXN003684,856.13,47,338,3,573.88,0.0521,0.287,0.0945,0,0,0,23,1
TXN003685,171.81,68,153,1,258.98,0.1798,0.3555,0.086,0,0,0,5,0
TXN003686,1190.54,26,12,3,755.97,0.4576,0.0895,0.2162,0,0,0,15,1
TXN003687,546.1,23,733,2,765.31,0.2409,0.0748,0.2289,0,0,0,11,0
TXN003688,3522.74,66,2120,2,2388.01,0.2583,0.0984,0.0796,0,0,0,9,0
TXN003689,270.52,68,566,1,633.97,0.0647,0.105,0.3617,0,0,0,22,1
TXN003690,593.49,26,1217,3,1505.59,0.4679,0.1902,0.6032,0,0,0,22,0
TXN003691,417.07,38,623,2,443.83,0.0973,0.0424,0.0453,0,0,0,5,0
TXN003692,3380.28,50,2189,1,1534.83,0.0387,0.2016,0.0016,0,0,0,23,0
TXN003693,307.53,28,259,3,228.97,0.0186,0.097,0.2479,0,0,0,22,0
TXN003694,6359.6,34,347,2,4753.84,0.1649,0.2499,0.3125,0,0,0,17,0
TXN003695,1594.57,38,212,1,993.52,0.1137,0.2283,0.3362,1,0,0,20,0
TXN003696,124.65,51,1570,1,155.07,0.1656,0.3284,0.2158,0,0,1,16,0
TXN003697,928.42,34,316,18,663.53,0.1812,0.2083,0.1164,0,0,1,13,1
TXN003698,431.91,39,1026,0,594.09,0.3415,0.1488,0.2052,0,0,0,17,0
TXN003699,583.02,33,53,24,692.93,0.3566,0.2778,0.029,1,0,0,17,1
TXN003700,765.35,57,141,2,849.59,0.3468,0.076,0.2769,0,0,0,1,0
TXN003701,510.88,25,398,2,689.64,0.0519,0.1375,0.0974,0,0,0,3,0
TXN003702,597.16,29,197,2,619.25,0.3203,0.0381,0.0529,0,0,0,1,0
TXN003703,423.65,30,147,6,487.32,0.1421,0.0594,0.0556,0,0,1,14,1
TXN003704,1320.86,65,220,5,1949.35,0.2894,0.0883,0.1201,0,0,0,21,0
TXN003705,2353.04,67,105,3,2542.22,0.073,0.3027,0.16,0,0,0,16,0
TXN003706,999.44,44,851,3,917.63,0.1878,0.1036,0.3456,0,0,0,12,0
TXN003707,591.54,26,169,2,1083.18,0.1273,0.0804,0.2161,1,0,0,4,0
TXN003708,627.14,57,461,2,498.48,0.0681,0.2345,0.0633,0,0,0,0,0
TXN003709,878.48,43,73,5,1152.53,0.258,0.2032,0.5183,0,0,0,2,0
TXN003710,1436.53,62,791,4,1288.17,0.2091,0.1608,0.1169,0,1,0,9,0
TXN003711,652.3,36,151,3,940.51,0.1054,0.3209,0.5385,1,0,0,19,0
TXN003712,2578.66,69,223,3,1447.01,0.0636,0.2111,0.1464,0,0,0,8,0
TXN003713,2302.98,59,786,30,1361.16,0.024,0.2517,0.0828,0,0,0,18,1
TXN003714,294.4,29,123,6,524.32,0.1245,0.3161,0.062,0,0,0,22,0
TXN003715,3374.1,55,823,1,2527.87,0.1796,0.3517,0.1131,0,0,0,4,0
TXN003716,2100.85,32,145,2,948.28,0.3656,0.1706,0.2482,0,0,0,20,0
TXN003717,2103.59,36,194,1,3543.61,0.0902,0.1022,0.1759,0,0,0,23,0
TXN003718,912.67,31,1017,4,1471.88,0.2593,0.1256,0.2978,0,0,0,20,0
TXN003719,6528.52,53,61,8,4357.5,0.2528,0.1296,0.2352,0,0,0,7,0
TXN003720,1216.51,31,209,2,2496.61,0.092,0.3599,0.4642,0,0,0,20,0
TXN003721,838.32,51,193,4,1285.67,0.3165,0.3623,0.0621,0,0,0,11,0
TXN003722,378.33,48,463,2,661.05,0.4326,0.2018,0.3508,0,1,0,15,0
TXN003723,1012.34,57,359,3,671.09,0.586,0.0897,0.0597,0,0,0,20,0
TXN003724,1088.21,69,362,1,1592.6,0.1968,0.0941,0.0803,0,0,0,14,0
TXN003725,1036.55,18,427,4,1212.2,0.3401,0.3853,0.1707,0,0,0,17,0
TXN003726,481.11,69,542,6,726.1,0.1897,0.1982,0.0277,0,0,0,10,0
TXN003727,3695.33,23,1607,5,1964.79,0.3619,0.1995,0.3394,0,0,0,23,0
TXN003728,702.38,45,701,3,1126.8,0.2497,0.1925,0.2947,0,0,0,21,0
TXN003729,909.71,35,167,5,1972.99,0.0906,0.2382,0.0691,0,0,0,0,0
TXN003730,249.99,51,101,4,554.0,0.0423,0.088,0.0533,0,0,0,7,0
TXN003731,3232.93,55,272,4,2207.53,0.1209,0.1147,0.5016,0,0,0,18,0
TXN003732,2373.03,62,455,1,1557.28,0.1054,0.196,0.2072,0,1,0,7,0
TXN003733,5039.21,38,559,3,2535.89,0.0988,0.1302,0.0509,1,0,0,10,0
TXN003734,1086.44,66,302,2,2173.73,0.147,0.043,0.2097,0,0,0,5,0
TXN003735,909.93,34,325,3,1033.32,0.1846,0.0554,0.399,0,0,0,9,0
TXN003736,3711.73,28,224,2,976.76,0.0775,0.2379,0.1002,1,0,0,11,0
TXN003737,3235.2,37,203,3,3820.44,0.2229,0.2234,0.1302,0,0,0,8,0
TXN003738,656.37,45,470,6,894.8,0.2413,0.2184,0.1887,0,0,0,16,0
TXN003739,1830.51,52,232,4,1851.78,0.0943,0.368,0.4057,0,0,0,0,1
TXN003740,1123.83,61,320,1,839.69,0.4609,0.3402,0.4013,0,0,0,10,1
TXN003741,395.03,29,885,2,297.88,0.0535,0.2208,0.1323,0,0,0,3,0
TXN003742,331.27,33,1427,2,464.45,0.1491,0.0381,0.1499,0,0,0,15,0
TXN003743,1056.14,66,8,5,1457.01,0.2246,0.2407,0.1635,0,0,1,6,1
TXN003744,1521.94,40,366,3,1791.47,0.1285,0.0922,0.1792,1,0,0,20,0
TXN003745,977.41,30,148,2,1460.38,0.2292,0.2026,0.2047,0,1,0,1,0
TXN003746,1240.22,69,529,2,2445.89,0.0464,0.1917,0.3178,0,0,0,1,0
TXN003747,3898.14,41,29,2,1442.14,0.0837,0.172,0.2242,0,0,0,9,0
TXN003748,509.55,69,374,5,637.36,0.2963,0.2493,0.4498,0,0,0,17,0
TXN003749,1371.11,65,91,2,1662.39,0.3132,0.5083,0.2767,0,0,0,19,0
TXN003750,1036.11,65,361,2,1234.88,0.159,0.0423,0.3436,0,0,0,5,0
TXN003751,701.23,48,27,8,732.97,0.2313,0.175,0.0725,0,0,0,8,0
TXN003752,1938.91,59,247,4,1526.55,0.2145,0.1511,0.1893,1,0,0,7,0
TXN003753,897.58,67,21,2,1159.29,0.3921,0.2174,0.1626,0,0,0,20,1
TXN003754,1343.65,31,299,5,718.02,0.0078,0.085,0.0321,0,0,0,7,0
TXN003755,1345.19,19,1117,6,968.25,0.0803,0.2928,0.2263,0,0,0,18,0
TXN003756,2655.8,34,110,1,2949.81,0.1946,0.136,0.0097,0,0,0,7,0
TXN003757,1998.58,51,129,4,2883.1,0.1625,0.0612,0.3111,0,0,0,14,0
TXN003758,2271.99,46,513,2,1251.0,0.3996,0.0955,0.2771,0,0,0,22,0
TXN003759,1044.16,22,1057,1,1141.49,0.578,0.3941,0.0527,0,0,0,13,0
TXN003760,203.03,47,518,3,402.17,0.3149,0.118,0.1619,0,0,0,21,0
TXN003761,6406.97,27,683,2,3653.92,0.2218,0.0141,0.1549,0,0,0,3,0
TXN003762,1519.23,44,24,6,2265.25,0.1556,0.2053,0.0884,0,1,0,20,0
TXN003763,2993.03,47,208,2,1856.35,0.1244,0.0884,0.2506,0,0,0,4,0
TXN003764,55.97,51,143,0,223.12,0.1585,0.0896,0.1788,0,0,0,11,1
TXN003765,921.39,39,13,3,1128.5,0.412,0.3857,0.0449,0,0,1,23,1
TXN003766,1898.83,39,654,1,1003.26,0.1891,0.1136,0.2998,0,0,0,10,0
TXN003767,1773.65,53,610,7,1768.65,0.3546,0.1345,0.0404,1,0,0,8,0
TXN003768,1111.26,56,27,2,799.73,0.3557,0.2835,0.0966,0,0,0,23,0
TXN003769,567.78,60,1231,3,932.44,0.2779,0.4025,0.1199,0,0,0,17,0
TXN003770,2048.43,35,161,1,1691.87,0.1024,0.0929,0.1521,0,0,0,19,0
TXN003771,639.42,40,507,2,638.1,0.0498,0.2468,0.1954,0,0,0,10,0
TXN003772,838.83,35,376,0,733.75,0.0505,0.2615,0.1146,0,1,0,7,0
TXN003773,3854.25,45,545,6,1255.55,0.0951,0.1786,0.3757,0,0,0,16,0
TXN003774,5735.7,24,39,5,2798.78,0.1311,0.0487,0.0785,0,0,0,7,0
TXN003775,2985.51,40,392,1,1931.26,0.1019,0.4486,0.0736,0,0,0,0,1
TXN003776,3623.96,27,182,0,2328.04,0.0238,0.095,0.1058,0,0,0,8,0
TXN003777,695.26,45,33,2,1146.33,0.3923,0.032,0.3451,0,0,0,1,0
TXN003778,2409.99,62,70,5,3123.02,0.2392,0.0605,0.1206,0,0,0,14,0
TXN003779,139.53,69,309,1,324.14,0.003,0.3067,0.0877,0,1,1,5,1
TXN003780,2246.87,41,255,2,4516.84,0.2072,0.5126,0.3521,0,0,0,11,1
TXN003781,3037.04,20,281,4,4945.49,0.1191,0.1991,0.1515,1,0,0,1,0
TXN003782,1485.66,29,158,1,1509.65,0.1285,0.6929,0.0443,0,0,0,10,0
TXN003783,1001.07,23,441,5,1963.7,0.2185,0.3474,0.3262,0,1,0,13,0
TXN003784,1045.09,57,33,5,1067.85,0.0574,0.2285,0.0963,0,0,0,14,0
TXN003785,870.08,69,132,0,947.0,0.0864,0.1173,0.0222,0,0,0,8,0
TXN003786,383.2,46,454,19,715.08,0.2361,0.522,0.4664,0,0,0,18,1
TXN003787,2452.26,27,1224,3,1059.65,0.084,0.3326,0.3301,0,0,0,15,0
TXN003788,781.07,19,250,2,1618.34,0.2049,0.3889,0.0618,0,1,0,18,0
TXN003789,2720.16,68,235,11,1471.33,0.2086,0.48,0.3766,0,0,0,12,1
TXN003790,1275.09,34,90,2,4405.56,0.2287,0.2483,0.3057,0,0,0,4,1
TXN003791,1087.86,23,815,2,1176.37,0.584,0.2124,0.0726,0,0,0,8,0
TXN003792,200.16,27,295,3,386.77,0.1903,0.1476,0.1356,0,0,0,23,0
TXN003793,2418.9,31,431,5,3466.9,0.0859,0.2362,0.2399,0,0,0,10,0
TXN003794,1262.59,52,100,1,466.53,0.1505,0.121,0.1117,1,0,0,0,0
TXN003795,612.53,64,290,3,741.32,0.4326,0.4798,0.0945,0,0,0,9,0
TXN003796,722.5,32,130,6,1326.4,0.156,0.0236,0.2162,0,1,0,12,0
TXN003797,1920.27,53,830,4,1468.54,0.3066,0.016,0.3088,1,0,0,20,0
TXN003798,327.84,21,250,2,398.69,0.3583,0.1925,0.1539,0,0,0,9,0
TXN003799,706.53,18,466,3,650.32,0.3124,0.0985,0.5203,0,0,0,10,0
TXN003800,235.22,20,600,14,388.95,0.1208,0.1627,0.0283,0,1,0,6,0
TXN003801,1052.93,66,1,12,1694.6,0.1175,0.0476,0.1337,0,0,0,12,0
TXN003802,1628.06,48,211,3,2510.82,0.1381,0.3701,0.1767,0,0,0,23,0
TXN003803,723.32,59,245,0,466.25,0.1724,0.1976,0.1459,0,1,1,10,0
TXN003804,1943.42,19,456,3,2201.65,0.0248,0.125,0.3716,0,0,0,6,0
TXN003805,1182.05,19,120,5,2103.89,0.3731,0.2134,0.3751,0,0,0,8,0
TXN003806,755.71,62,209,0,691.35,0.1735,0.2369,0.1116,0,0,0,21,0
TXN003807,285.98,23,314,0,273.74,0.4546,0.2481,0.4711,0,0,0,8,0
TXN003808,710.24,26,389,2,518.08,0.0665,0.1806,0.155,0,0,0,3,0
TXN003809,554.65,44,959,2,722.94,0.5061,0.3491,0.0901,0,0,0,14,0
TXN003810,3091.79,49,237,5,3226.55,0.2275,0.1742,0.164,0,0,0,11,0
TXN003811,1272.97,29,57,4,1009.48,0.1731,0.2449,0.1631,0,0,0,19,0
TXN003812,311.09,41,795,1,541.98,0.1363,0.3887,0.0284,0,0,0,7,0
TXN003813,1980.13,53,129,2,1216.21,0.0715,0.1681,0.1306,0,0,0,6,0
TXN003814,446.88,41,853,22,442.86,0.1293,0.164,0.1499,0,0,0,4,1
TXN003815,857.89,37,131,18,1571.9,0.0523,0.1802,0.3228,0,0,1,22,1
TXN003816,300.67,21,9,3,553.15,0.0439,0.1773,0.0077,0,0,0,3,0
TXN003817,579.73,41,316,2,612.31,0.2156,0.1093,0.0367,0,0,0,17,0
TXN003818,1053.87,59,1259,3,1426.31,0.1752,0.1167,0.1823,0,0,0,1,1
TXN003819,5654.44,50,224,6,3733.73,0.1097,0.1325,0.1811,0,0,0,23,0
TXN003820,4362.23,64,92,4,5107.43,0.1959,0.1736,0.1555,1,0,0,7,0
TXN003821,625.64,24,84,4,529.59,0.2947,0.086,0.0716,0,0,0,21,0
TXN003822,452.88,18,782,3,722.25,0.2356,0.1623,0.1662,0,0,0,7,0
TXN003823,1553.44,46,473,2,1573.21,0.0722,0.0837,0.2011,0,0,0,20,0
TXN003824,5124.03,27,243,6,2485.31,0.0497,0.2424,0.049,0,0,0,22,1
TXN003825,222.22,48,28,3,241.08,0.3901,0.1404,0.0897,0,0,0,6,0
TXN003826,860.06,65,385,0,1165.77,0.164,0.1001,0.344,0,0,0,15,0
TXN003827,484.88,35,772,8,779.77,0.1867,0.2099,0.0477,0,0,0,11,0
TXN003828,282.27,46,36,4,285.2,0.3192,0.0916,0.3072,0,0,0,21,0
TXN003829,933.65,53,138,0,430.08,0.115,0.0995,0.0537,0,0,0,13,0
TXN003830,348.13,25,388,1,736.98,0.1479,0.1699,0.0261,0,0,1,6,0
TXN003831,1111.78,64,911,5,1142.72,0.2253,0.059,0.3276,0,0,0,7,0
TXN003832,865.27,28,2066,6,2220.91,0.1997,0.1447,0.0888,0,1,0,22,0
TXN003833,1121.38,60,827,1,1405.35,0.4804,0.3485,0.4751,0,0,0,21,1
TXN003834,2459.71,52,429,24,2128.72,0.0557,0.1611,0.0541,1,0,0,0,1
TXN003835,468.48,25,176,0,1117.34,0.4414,0.0874,0.1432,0,0,0,10,0
TXN003836,524.21,55,129,2,669.5,0.1525,0.1283,0.1878,0,0,0,13,0
TXN003837,1131.34,28,1,4,964.27,0.0901,0.3984,0.0406,0,0,0,18,0
TXN003838,1917.9,49,249,2,1784.44,0.0615,0.2256,0.5326,0,0,0,21,0
TXN003839,2722.27,67,554,3,2259.26,0.2557,0.4474,0.0423,0,0,1,11,0
TXN003840,578.51,67,237,24,988.8,0.0268,0.0601,0.1285,0,0,0,15,1
TXN003841,671.27,63,666,2,572.27,0.3016,0.2286,0.1854,0,0,0,8,0
TXN003842,997.2,43,1104,3,1387.09,0.1078,0.3051,0.3811,0,0,0,11,0
TXN003843,2269.47,47,166,3,1532.39,0.2628,0.1048,0.2304,0,0,0,18,0
TXN003844,729.27,33,321,2,2599.06,0.2421,0.0064,0.2169,0,0,1,1,0
TXN003845,581.48,65,240,3,681.89,0.1344,0.1984,0.192,0,0,0,8,0
TXN003846,725.55,42,176,7,687.14,0.1837,0.073,0.1625,1,0,0,1,0
TXN003847,3910.81,58,919,0,1861.82,0.5217,0.5164,0.2315,0,0,0,13,0
TXN003848,864.83,36,218,5,824.52,0.1352,0.1434,0.0937,0,0,0,13,0
TXN003849,887.83,56,144,2,800.49,0.2252,0.4194,0.3437,0,0,0,20,0
TXN003850,3243.53,29,1527,1,2638.32,0.2207,0.1611,0.0695,0,0,0,22,0
TXN003851,836.72,56,720,5,420.02,0.0984,0.1271,0.1127,0,0,0,23,1
TXN003852,3749.21,20,19,7,4625.51,0.285,0.2738,0.0877,0,0,0,16,0
TXN003853,330.12,23,78,4,714.19,0.1212,0.0827,0.1846,0,0,0,13,0
TXN003854,836.9,36,33,28,2011.65,0.1143,0.1406,0.2013,0,0,0,19,0
TXN003855,1464.32,43,6,3,1016.22,0.106,0.2648,0.0939,1,0,0,22,1
TXN003856,1499.25,54,3000,2,1326.04,0.1202,0.2726,0.0898,0,0,0,7,0
TXN003857,792.4,36,699,2,912.37,0.2228,0.2168,0.2646,0,0,0,7,0
TXN003858,1447.01,18,362,5,1997.4,0.3048,0.1898,0.2663,0,0,0,23,0
TXN003859,949.88,34,810,3,859.95,0.2325,0.3929,0.2179,1,0,0,8,0
TXN003860,824.09,40,239,6,734.31,0.3355,0.1697,0.2692,0,0,0,15,1
TXN003861,5080.91,46,2285,1,3902.37,0.1719,0.0442,0.0619,1,0,0,0,0
TXN003862,608.38,51,234,2,1119.42,0.113,0.3317,0.1467,1,0,0,5,0
TXN003863,258.95,30,272,4,683.35,0.4456,0.144,0.1559,0,0,0,3,0
TXN003864,233.78,49,437,1,386.37,0.255,0.1881,0.5652,0,0,0,21,1
TXN003865,1925.2,50,1021,4,4047.7,0.1159,0.0522,0.1719,0,0,1,22,1
TXN003866,344.48,58,41,6,745.2,0.1072,0.2637,0.1561,0,0,0,6,0
TXN003867,11010.91,45,322,4,4643.79,0.2243,0.1243,0.268,0,0,0,8,0
TXN003868,416.69,60,549,18,1449.82,0.142,0.4098,0.1129,0,0,0,13,0
TXN003869,1569.26,29,17,2,1211.99,0.0872,0.0546,0.1629,0,1,0,10,0
TXN003870,2033.96,55,185,18,1235.08,0.1424,0.291,0.2688,1,0,0,20,0
TXN003871,8904.14,20,435,2,5172.78,0.1651,0.2727,0.1304,0,0,0,1,0
TXN003872,275.32,23,719,4,236.38,0.162,0.1927,0.067,0,0,0,1,0
TXN003873,2633.29,62,1176,1,1274.16,0.5261,0.0557,0.1982,0,0,0,8,0
TXN003874,2428.98,42,201,4,910.83,0.1303,0.0851,0.0979,0,0,0,10,0
TXN003875,800.0,50,714,4,944.67,0.2381,0.1748,0.249,0,0,0,13,0
TXN003876,1557.17,49,2073,2,1217.46,0.3887,0.0924,0.1351,0,0,0,0,0
TXN003877,1835.93,54,758,23,910.16,0.1203,0.1425,0.2145,0,0,0,18,0
TXN003878,778.69,30,580,2,1250.99,0.3766,0.2158,0.2699,0,0,0,15,0
TXN003879,942.75,27,42,26,1078.68,0.2226,0.3055,0.0179,0,0,0,17,1
TXN003880,309.92,20,631,2,437.25,0.3714,0.1787,0.3298,1,0,1,2,0
TXN003881,1845.48,62,4,2,1432.18,0.2759,0.1692,0.0701,0,0,1,2,1
TXN003882,637.33,29,2,1,1810.28,0.2745,0.0737,0.1022,1,0,0,21,0
TXN003883,1653.58,47,637,1,750.36,0.4653,0.3553,0.1266,0,1,0,23,0
TXN003884,5437.72,41,16,4,4054.28,0.0768,0.0623,0.3692,0,0,0,13,1
TXN003885,3863.65,26,143,3,2793.08,0.087,0.1689,0.061,0,0,0,4,0
TXN003886,539.66,39,862,5,1979.83,0.1826,0.0736,0.1258,0,0,0,0,0
TXN003887,1107.87,22,20,5,1963.09,0.0668,0.1572,0.0958,0,0,0,3,0
TXN003888,2542.3,27,62,26,1119.98,0.4246,0.4214,0.2535,0,0,0,15,1
TXN003889,2211.41,25,355,2,2438.07,0.087,0.4937,0.1656,1,0,0,6,0
TXN003890,1275.75,60,1825,1,3292.91,0.0322,0.3678,0.1703,0,0,0,12,0
TXN003891,2180.94,47,508,5,1930.66,0.2649,0.3116,0.3069,0,0,1,10,0
TXN003892,1068.85,66,1325,4,735.68,0.3136,0.1903,0.0363,0,0,0,4,0
TXN003893,1428.73,40,1286,12,1066.59,0.0894,0.0269,0.4805,0,1,0,13,1
TXN003894,1508.46,28,2253,7,1638.55,0.0533,0.0665,0.1939,0,0,0,23,0
TXN003895,3681.15,49,891,4,1971.25,0.0334,0.2289,0.0912,0,0,0,12,0
TXN003896,706.03,66,538,3,1038.74,0.0659,0.3323,0.233,0,0,0,4,0
TXN003897,992.56,45,69,5,737.48,0.1114,0.0071,0.0445,0,0,0,22,0
TXN003898,3580.31,18,557,1,3324.07,0.1781,0.1844,0.0341,1,0,0,20,0
TXN003899,481.15,33,367,2,517.69,0.3012,0.2093,0.3803,0,0,1,18,0
TXN003900,460.64,66,399,7,567.4,0.3315,0.3051,0.2329,0,0,0,11,0
TXN003901,358.54,44,379,3,433.12,0.2398,0.2884,0.4632,0,0,0,18,0
TXN003902,576.66,67,755,3,566.52,0.133,0.3071,0.3766,0,0,0,4,0
TXN003903,2235.33,44,939,2,2625.8,0.4554,0.3358,0.1584,0,0,0,4,0
TXN003904,4022.95,18,6,1,2688.08,0.0443,0.0859,0.2197,1,0,0,7,0
TXN003905,775.4,63,209,3,1041.24,0.2781,0.0668,0.0678,0,0,0,17,0
TXN003906,3677.47,57,431,2,1552.19,0.3968,0.255,0.0272,0,0,0,2,0
TXN003907,790.99,55,742,2,1088.6,0.0164,0.2637,0.2384,1,0,0,13,0
TXN003908,789.71,68,422,1,476.09,0.4834,0.2021,0.195,0,0,0,10,0
TXN003909,8799.45,28,1546,23,5180.59,0.2446,0.1922,0.1895,0,0,0,22,0
TXN003910,3144.92,65,592,3,2870.72,0.1978,0.2854,0.0949,0,0,0,22,0
TXN003911,1466.03,30,122,5,1405.42,0.108,0.1747,0.1699,0,0,0,9,0
TXN003912,403.41,68,707,2,602.37,0.0323,0.1631,0.4353,0,0,1,5,0
TXN003913,704.97,27,467,4,936.87,0.044,0.266,0.1944,0,0,0,20,0
TXN003914,762.18,46,253,1,675.4,0.104,0.2171,0.076,0,1,0,3,1
TXN003915,1145.37,59,65,5,1174.16,0.0454,0.3844,0.1041,0,0,0,4,0
TXN003916,2611.4,22,42,1,1362.32,0.2737,0.1351,0.3667,1,0,0,14,0
TXN003917,672.62,21,85,5,863.69,0.3899,0.0748,0.1451,0,0,0,1,0
TXN003918,319.0,62,233,4,396.2,0.2288,0.1139,0.3002,0,0,0,19,0
TXN003919,1952.45,21,521,14,4877.76,0.0548,0.2289,0.0896,0,0,0,5,0
TXN003920,1844.95,49,850,2,1295.0,0.2814,0.0495,0.2092,0,1,0,12,0
TXN003921,2046.5,66,78,3,1509.62,0.4348,0.33,0.2146,0,0,0,1,1
TXN003922,1396.48,49,30,4,815.92,0.0598,0.201,0.1646,0,0,0,6,0
TXN003923,648.71,43,142,3,367.45,0.2365,0.3901,0.036,0,0,0,14,0
TXN003924,1596.57,39,664,2,1034.52,0.0578,0.0488,0.2418,0,0,0,9,0
TXN003925,1381.41,51,66,28,874.58,0.1069,0.1791,0.1957,0,1,0,15,1
TXN003926,2520.5,47,626,2,1802.04,0.2545,0.3228,0.319,0,0,0,18,0
TXN003927,3147.95,44,616,3,2067.83,0.164,0.431,0.0024,0,0,0,19,0
TXN003928,680.24,25,736,2,1873.42,0.1927,0.1499,0.0665,0,1,0,18,0
TXN003929,1196.2,52,171,1,2190.29,0.1911,0.2483,0.1077,0,0,0,20,0
TXN003930,1934.9,56,233,2,3876.03,0.1192,0.2199,0.1405,0,0,0,1,0
TXN003931,2897.17,54,429,1,1440.72,0.217,0.2458,0.1051,1,0,0,13,0
TXN003932,1538.9,21,2900,2,2367.17,0.2151,0.1288,0.0414,0,0,0,17,0
TXN003933,1100.07,54,191,1,1549.52,0.1532,0.2752,0.1673,0,0,0,0,0
TXN003934,291.09,55,424,2,290.03,0.3404,0.1159,0.0243,0,0,0,5,0
TXN003935,496.61,27,1236,2,984.21,0.1034,0.0261,0.2601,0,0,0,4,0
TXN003936,736.49,62,312,21,597.41,0.3402,0.0866,0.2687,0,0,0,23,1
TXN003937,399.53,45,287,24,1289.49,0.2036,0.109,0.1674,1,0,0,6,1
TXN003938,329.86,42,184,3,630.36,0.3,0.0715,0.0284,0,0,0,10,0
TXN003939,1869.31,55,410,3,1675.68,0.1595,0.4104,0.122,0,0,0,21,0
TXN003940,1100.83,44,118,4,2179.21,0.2438,0.0731,0.4992,0,0,1,23,0
TXN003941,5203.11,46,283,2,2546.56,0.109,0.2489,0.116,0,0,0,15,0
TXN003942,3494.47,34,205,2,3406.64,0.2234,0.2861,0.0736,0,0,0,11,0
TXN003943,632.34,66,688,3,339.27,0.3697,0.1211,0.4261,0,0,0,6,0
TXN003944,576.83,68,322,3,473.76,0.1666,0.1816,0.166,0,0,0,10,0
TXN003945,8458.35,24,142,4,8514.03,0.2081,0.0564,0.2997,0,0,0,4,0
TXN003946,1285.06,56,420,3,2223.12,0.0694,0.4109,0.2198,0,1,0,9,0
TXN003947,2139.11,19,282,3,1283.2,0.5481,0.089,0.0772,0,0,0,19,0
TXN003948,1429.55,37,174,18,1121.5,0.3022,0.2945,0.4214,0,0,0,6,1
TXN003949,3316.8,68,48,7,1053.84,0.0512,0.3413,0.2105,0,0,0,0,0
TXN003950,446.75,27,464,1,283.26,0.0733,0.2459,0.1927,0,0,0,18,0
TXN003951,513.27,37,988,4,638.66,0.0812,0.1942,0.1335,0,0,1,0,0
TXN003952,1189.02,29,75,5,1014.05,0.4156,0.163,0.0265,0,0,0,10,0
TXN003953,838.05,55,200,0,664.41,0.0917,0.1743,0.2452,1,0,0,4,0
TXN003954,1380.27,42,415,2,728.08,0.0739,0.2929,0.1726,0,0,0,16,0
TXN003955,13604.29,48,67,2,6575.54,0.5568,0.6233,0.2737,0,0,0,2,0
TXN003956,841.14,67,45,2,919.51,0.0856,0.187,0.128,0,0,0,18,0
TXN003957,682.76,45,15,18,1332.33,0.4229,0.3828,0.3896,0,0,0,8,1
TXN003958,468.79,56,6,2,1299.55,0.0507,0.2854,0.2821,0,0,0,19,0
TXN003959,885.25,23,31,6,1656.76,0.2486,0.2003,0.0204,0,0,0,1,0
TXN003960,567.04,29,143,1,785.17,0.3453,0.0162,0.1725,1,0,0,21,0
TXN003961,6004.54,67,598,3,2625.13,0.4721,0.1181,0.3075,0,0,0,12,0
TXN003962,3450.32,62,607,1,1495.92,0.098,0.0955,0.2641,0,0,0,5,0
TXN003963,755.27,52,298,3,445.41,0.1379,0.1916,0.0808,0,0,0,2,0
TXN003964,2001.13,37,718,0,1017.14,0.3265,0.0493,0.0547,0,0,0,13,0
TXN003965,658.81,28,315,1,972.14,0.1007,0.2086,0.2846,0,0,0,15,0
TXN003966,409.06,62,34,2,941.32,0.2637,0.3807,0.3265,0,0,0,11,0
TXN003967,900.47,58,229,5,1566.36,0.2486,0.135,0.3256,0,0,0,5,0
TXN003968,558.45,30,329,3,1710.1,0.1625,0.1561,0.0953,0,1,0,21,0
TXN003969,853.19,48,259,5,1574.44,0.2023,0.0166,0.1554,1,0,0,22,0
TXN003970,1052.55,50,429,1,1390.25,0.2424,0.1098,0.0742,1,0,0,19,1
TXN003971,1276.19,42,137,3,1164.38,0.1943,0.026,0.1844,0,0,0,3,0
TXN003972,262.08,66,569,6,243.27,0.3473,0.3148,0.183,0,0,0,14,0
TXN003973,1293.65,24,541,3,1890.36,0.1989,0.2814,0.0658,0,0,1,1,0
TXN003974,2110.69,31,97,0,1543.56,0.1252,0.0728,0.2423,0,0,0,7,0
TXN003975,380.67,22,930,3,550.41,0.2944,0.1708,0.3127,0,0,0,21,0
TXN003976,1342.02,54,214,2,1334.63,0.153,0.2634,0.1363,0,0,0,10,0
TXN003977,937.36,51,777,3,1725.99,0.1864,0.3336,0.1708,0,0,0,22,0
TXN003978,4530.74,69,326,1,2489.59,0.1442,0.2174,0.239,0,1,0,17,0
TXN003979,1585.52,46,34,2,1567.46,0.134,0.149,0.317,1,0,0,13,0
TXN003980,1995.15,25,75,1,1373.51,0.3028,0.334,0.1497,0,0,0,21,0
TXN003981,1089.89,41,1274,3,2127.58,0.0723,0.5016,0.1832,0,0,0,9,0
TXN003982,973.95,22,271,5,884.85,0.1096,0.1977,0.1241,0,0,0,4,0
TXN003983,2004.57,52,603,5,1463.23,0.0166,0.2931,0.1643,0,0,0,12,0
TXN003984,230.69,53,334,17,709.97,0.1532,0.1964,0.2021,0,0,0,3,1
TXN003985,4535.37,62,174,6,2385.6,0.1792,0.4402,0.2914,0,0,0,14,0
TXN003986,178.76,35,1032,6,355.39,0.2601,0.2774,0.082,0,0,0,6,0
TXN003987,2181.38,34,204,6,1942.47,0.1375,0.0639,0.2686,0,0,0,18,0
TXN003988,2967.97,21,463,20,1110.31,0.6018,0.1215,0.0569,0,0,0,20,1
TXN003989,3644.48,39,68,6,2155.49,0.2267,0.1358,0.2071,0,1,0,6,0
TXN003990,279.82,42,116,2,635.0,0.1286,0.2567,0.0702,0,0,0,16,0
TXN003991,1058.99,57,1526,21,1167.93,0.2636,0.2285,0.2095,0,0,0,10,1
TXN003992,2254.82,57,814,3,1144.18,0.0606,0.0225,0.1105,0,0,0,6,0
TXN003993,948.13,25,1503,2,1485.81,0.4432,0.1707,0.1753,0,1,0,16,0
TXN003994,432.15,32,1240,4,526.74,0.0719,0.0795,0.1286,0,0,0,4,0
TXN003995,1383.01,44,579,3,1711.89,0.1914,0.4105,0.3802,0,1,0,11,0
TXN003996,412.15,35,715,5,301.23,0.0619,0.1529,0.1791,0,0,0,21,0
TXN003997,295.06,19,1048,2,687.12,0.0727,0.0453,0.3847,0,0,0,12,0
TXN003998,518.25,61,173,4,367.27,0.138,0.1254,0.0775,0,1,0,20,0
TXN003999,1390.22,56,107,18,1958.15,0.1821,0.121,0.2169,0,0,0,20,0
TXN004000,1442.1,45,28,12,1451.12,0.0784,0.4145,0.523,0,0,0,8,1
TXN004001,1333.48,34,404,5,1509.04,0.2419,0.2445,0.3928,0,0,0,20,0
TXN004002,4277.42,61,98,6,3075.53,0.355,0.2288,0.2134,0,0,0,0,0
TXN004003,868.94,19,320,5,879.05,0.2735,0.0976,0.2273,0,0,0,23,0
TXN004004,3710.6,41,217,2,1680.27,0.1169,0.2362,0.2866,0,0,0,2,0
TXN004005,1979.11,59,478,2,1148.5,0.14,0.265,0.2715,0,0,0,20,0
TXN004006,666.61,67,35,1,1032.39,0.1976,0.1665,0.3006,0,0,0,2,0
TXN004007,5799.64,31,491,1,2737.06,0.7283,0.1877,0.0771,0,0,0,5,0
TXN004008,5613.83,51,23,4,4709.4,0.6597,0.2768,0.0559,0,1,0,9,0
TXN004009,890.17,27,174,2,810.76,0.2532,0.1076,0.2979,1,0,0,16,0
TXN004010,3134.17,24,543,1,1965.7,0.2059,0.1901,0.2268,0,0,0,1,0
TXN004011,773.36,36,100,5,1371.12,0.0741,0.5824,0.5127,0,0,0,20,1
TXN004012,647.48,64,849,1,1382.68,0.285,0.1574,0.126,0,0,0,13,0
TXN004013,1321.79,53,1319,1,1303.78,0.1485,0.384,0.3673,0,1,0,1,0
TXN004014,622.27,43,155,3,868.57,0.3056,0.0788,0.3769,0,0,0,0,0
TXN004015,312.85,32,492,6,100.0,0.1679,0.2648,0.3586,0,1,1,2,1
TXN004016,2109.04,25,30,4,3211.09,0.3078,0.1334,0.3124,1,0,0,8,0
TXN004017,689.4,32,1083,8,674.31,0.1179,0.3558,0.1135,0,0,0,7,0
TXN004018,1029.15,25,112,4,926.03,0.1765,0.159,0.0616,0,0,0,15,0
TXN004019,1850.1,27,1316,3,939.92,0.2733,0.4395,0.0976,0,0,0,15,0
TXN004020,366.62,53,306,1,633.55,0.4138,0.4295,0.52,0,0,0,13,0
TXN004021,534.61,24,94,1,1297.47,0.2723,0.2955,0.1457,0,0,0,22,0
TXN004022,2289.11,20,120,5,1063.14,0.2896,0.0685,0.591,0,0,0,1,0
TXN004023,694.17,46,1212,2,664.09,0.3828,0.421,0.1294,0,0,0,20,0
TXN004024,1900.5,32,304,3,1217.45,0.0715,0.1522,0.088,0,1,0,10,0
TXN004025,1716.51,41,810,4,1071.56,0.0887,0.2866,0.1131,0,0,0,16,0
TXN004026,3699.64,25,421,25,2099.57,0.2112,0.3059,0.3189,0,0,1,10,1
TXN004027,348.59,28,677,4,429.12,0.2988,0.1458,0.1315,0,0,0,20,0
TXN004028,436.73,40,116,5,624.05,0.317,0.103,0.042,0,0,0,8,0
TXN004029,607.75,53,313,7,1822.03,0.2026,0.1909,0.2891,0,0,0,16,0
TXN004030,405.44,39,373,4,700.77,0.2036,0.1213,0.1611,0,0,0,12,0
TXN004031,602.93,46,273,6,582.67,0.1148,0.1421,0.1298,1,0,0,14,0
TXN004032,493.26,45,287,2,725.45,0.0818,0.0404,0.1153,0,0,0,2,0
TXN004033,545.56,31,1167,3,1021.79,0.1239,0.1767,0.3055,1,1,0,2,0
TXN004034,1053.32,32,1034,4,1024.52,0.056,0.1604,0.1577,0,0,0,10,0
TXN004035,1981.57,40,412,4,946.74,0.0344,0.1057,0.2693,0,1,0,23,0
TXN004036,517.6,19,41,4,533.79,0.2995,0.0814,0.1833,0,1,0,11,0
TXN004037,1010.46,53,102,4,1884.11,0.4265,0.0561,0.3444,0,0,0,5,0
TXN004038,5586.94,49,423,5,2774.86,0.0981,0.1,0.4717,0,0,0,22,0
TXN004039,188.09,33,48,2,287.92,0.1529,0.241,0.0729,0,0,0,13,1
TXN004040,833.95,37,114,5,369.64,0.2344,0.1569,0.1809,0,0,0,15,0
TXN004041,1914.62,35,279,1,2212.77,0.0365,0.1608,0.0396,0,0,0,19,0
TXN004042,3482.76,51,281,3,3290.71,0.0298,0.1878,0.0735,0,0,0,5,0
TXN004043,582.93,57,286,2,247.05,0.2834,0.1672,0.1823,0,0,0,20,0
TXN004044,922.86,23,24,3,1940.7,0.1432,0.1116,0.0517,0,0,0,5,0
TXN004045,1937.12,39,76,2,3451.33,0.1643,0.1054,0.1635,0,0,0,2,0
TXN004046,501.05,18,857,2,599.63,0.321,0.2388,0.4344,0,0,0,1,0
TXN004047,3068.01,41,228,25,3313.52,0.0034,0.1814,0.0253,0,0,1,9,1
TXN004048,4140.38,30,1682,3,968.17,0.1036,0.0684,0.379,0,0,0,5,1
TXN004049,838.67,35,63,2,1366.83,0.3141,0.1015,0.1374,1,1,0,20,0
TXN004050,323.5,41,533,17,662.84,0.1201,0.2545,0.557,0,0,0,11,1
TXN004051,1320.82,34,191,5,2209.94,0.041,0.2668,0.2209,0,0,1,16,0
TXN004052,2234.54,38,202,2,1966.71,0.2453,0.4185,0.1322,0,0,0,21,0
TXN004053,4807.42,57,1044,4,3667.61,0.1258,0.1671,0.0891,0,0,0,22,0
TXN004054,2037.6,60,2083,3,3006.18,0.0697,0.2796,0.3395,0,0,0,21,0
TXN004055,1102.31,18,1022,4,1089.63,0.0278,0.3793,0.1518,0,0,0,22,0
TXN004056,28161.93,37,1352,5,9661.12,0.2558,0.2303,0.0957,0,0,1,23,1
TXN004057,2878.13,62,537,3,2823.0,0.0515,0.181,0.0811,0,0,0,11,0
TXN004058,1910.09,45,1073,4,1600.96,0.2309,0.0933,0.1091,0,0,0,10,0
TXN004059,1542.15,28,40,1,545.66,0.1271,0.3384,0.4416,0,0,0,16,0
TXN004060,255.97,48,343,3,375.77,0.3468,0.5639,0.1232,0,0,0,17,0
TXN004061,262.07,25,319,0,398.81,0.3503,0.1422,0.3681,0,0,0,17,0
TXN004062,440.59,19,133,4,570.45,0.0577,0.3152,0.0698,0,1,0,18,0
TXN004063,2151.16,50,148,0,2875.87,0.2191,0.0343,0.1298,0,0,0,7,0
TXN004064,566.46,44,354,0,1542.2,0.0697,0.3196,0.1467,0,0,0,4,0
TXN004065,770.11,57,19,0,713.83,0.1907,0.1866,0.2792,0,0,0,9,0
TXN004066,1123.51,35,431,3,997.14,0.1825,0.1779,0.1247,1,0,1,14,0
TXN004067,826.63,62,35,3,915.6,0.1724,0.1565,0.3427,1,0,0,1,0
TXN004068,2199.85,39,109,1,1919.91,0.3976,0.2316,0.2763,0,0,0,12,0
TXN004069,683.21,56,358,1,592.79,0.1768,0.1374,0.2697,0,0,0,3,0
TXN004070,679.19,23,121,4,1400.77,0.0778,0.204,0.3064,0,0,0,6,0
TXN004071,1585.75,23,1940,3,1352.97,0.1922,0.5991,0.2134,0,1,0,16,0
TXN004072,823.01,58,364,6,605.34,0.2302,0.3016,0.3863,0,0,0,0,0
TXN004073,1384.64,61,422,3,3332.92,0.2157,0.16,0.0234,0,0,0,11,0
TXN004074,1993.83,67,11,4,891.67,0.1471,0.1361,0.0461,0,0,0,17,0
TXN004075,277.38,34,1235,2,547.34,0.1915,0.2654,0.4794,0,0,0,21,0
TXN004076,1065.27,19,288,3,1992.24,0.3723,0.2762,0.3215,0,0,0,7,0
TXN004077,1273.12,68,107,1,1139.27,0.2335,0.149,0.107,0,0,0,23,0
TXN004078,1958.6,49,167,16,1459.57,0.1791,0.2029,0.2999,0,0,1,10,1
TXN004079,733.95,30,808,24,478.53,0.1877,0.3641,0.1976,0,0,0,3,1
TXN004080,2636.58,57,1486,3,1936.6,0.0314,0.1204,0.3916,0,0,0,22,0
TXN004081,3770.12,65,343,3,5017.56,0.3303,0.4153,0.1871,0,0,0,7,0
TXN004082,480.93,32,109,3,453.06,0.3001,0.1999,0.3487,0,0,0,2,0
TXN004083,1180.6,58,69,4,1405.22,0.2272,0.0162,0.4862,0,1,0,23,0
TXN004084,696.54,58,3,2,632.88,0.1245,0.2556,0.4259,1,1,0,8,0
TXN004085,7482.9,44,234,4,7206.4,0.4886,0.2161,0.1169,0,0,0,20,0
TXN004086,1978.4,50,1323,5,2611.66,0.3491,0.1462,0.2308,0,0,0,5,1
TXN004087,1103.79,32,568,5,1336.05,0.1011,0.3739,0.2117,0,0,0,5,0
TXN004088,167.63,66,115,1,464.28,0.2954,0.1494,0.1067,0,0,0,23,0
TXN004089,868.12,69,413,3,549.91,0.2609,0.4079,0.41,0,0,0,15,1
TXN004090,2177.75,69,242,4,1848.99,0.1449,0.103,0.0404,0,0,0,9,0
TXN004091,118.82,56,305,4,422.53,0.305,0.3959,0.0258,1,0,0,4,0
TXN004092,668.11,20,486,5,431.91,0.2139,0.4115,0.1944,1,0,0,22,0
TXN004093,1071.72,37,84,3,1103.43,0.1355,0.3671,0.1354,0,0,1,17,0
TXN004094,719.2,41,653,4,1203.98,0.3517,0.1293,0.2412,0,1,0,1,0
TXN004095,814.06,67,1603,4,1430.85,0.4355,0.1542,0.1997,1,0,0,10,0
TXN004096,552.14,46,11,5,806.2,0.4647,0.0499,0.1388,0,0,0,12,0
TXN004097,1251.08,45,535,4,2088.29,0.426,0.3197,0.1979,0,0,0,16,0
TXN004098,386.94,25,452,3,599.88,0.054,0.1792,0.2301,0,0,0,4,0
TXN004099,4332.93,59,42,0,1700.45,0.127,0.1703,0.4061,0,0,0,8,0
TXN004100,1562.44,35,387,21,1273.96,0.0807,0.1651,0.1887,0,0,1,23,1
TXN004101,5116.67,22,173,17,1669.79,0.4342,0.0833,0.1545,0,0,0,0,1
TXN004102,2839.99,69,794,4,2508.4,0.148,0.0594,0.1505,0,0,0,16,0
TXN004103,1096.48,27,681,3,797.33,0.2753,0.0406,0.1026,0,0,0,8,0
TXN004104,425.33,18,1696,1,690.38,0.0728,0.37,0.0574,0,0,0,6,0
TXN004105,306.65,22,378,2,336.34,0.252,0.1737,0.1463,0,0,0,10,0
TXN004106,255.13,41,23,4,266.85,0.1146,0.1164,0.3295,0,0,0,8,0
TXN004107,1363.58,23,21,1,969.54,0.213,0.2156,0.3794,0,0,0,0,1
TXN004108,989.81,61,42,2,1017.12,0.0221,0.1129,0.0723,1,0,0,4,0
TXN004109,622.02,44,210,15,512.73,0.1047,0.2195,0.2476,0,0,0,6,0
TXN004110,708.94,34,869,1,595.99,0.1232,0.1198,0.0628,0,0,0,10,0
TXN004111,2696.87,18,237,2,3185.67,0.0765,0.0731,0.3635,0,0,0,7,0
TXN004112,1619.64,42,27,2,2024.52,0.1869,0.0479,0.377,0,0,1,9,0
TXN004113,313.85,25,896,2,453.45,0.4496,0.2293,0.4389,0,0,0,5,1
TXN004114,1459.17,68,963,2,804.61,0.1569,0.1323,0.1043,0,0,0,5,0
TXN004115,1233.81,33,38,2,1457.1,0.5416,0.1387,0.5024,0,0,0,17,0
TXN004116,847.57,42,355,0,707.32,0.2529,0.1609,0.2223,0,0,0,23,0
TXN004117,571.24,18,203,6,622.61,0.1546,0.1484,0.0393,0,0,1,19,0
TXN004118,1552.57,24,438,4,865.43,0.2415,0.3058,0.0927,0,0,0,22,0
TXN004119,788.41,28,1232,21,2353.04,0.1661,0.1022,0.0982,0,0,0,11,1
TXN004120,2961.98,20,142,6,2507.35,0.1148,0.1415,0.1098,0,0,0,12,0
TXN004121,328.65,55,1106,9,655.36,0.3358,0.2391,0.1232,0,0,0,4,0
TXN004122,1876.7,67,389,4,1513.81,0.2348,0.0536,0.0321,0,0,0,7,0
TXN004123,1007.18,69,409,5,1091.72,0.2325,0.328,0.3238,0,0,0,13,0
TXN004124,240.12,31,379,1,541.44,0.1562,0.2376,0.3047,0,1,0,10,1
TXN004125,1072.5,59,420,3,890.74,0.1405,0.2595,0.134,0,0,0,9,0
TXN004126,512.01,44,136,2,452.61,0.197,0.4955,0.3239,0,0,0,12,1
TXN004127,2179.75,20,218,2,2475.35,0.118,0.2347,0.6328,0,0,0,21,0
TXN004128,3069.34,22,916,1,3251.04,0.1581,0.1647,0.1261,0,0,0,4,0
TXN004129,899.13,46,161,4,822.71,0.2385,0.1484,0.1771,0,0,0,3,0
TXN004130,1330.97,40,1331,4,696.21,0.2001,0.1218,0.0983,0,0,0,6,0
TXN004131,1930.12,18,203,4,2294.38,0.2188,0.3193,0.4078,0,0,0,13,0
TXN004132,4484.9,66,368,4,2569.08,0.148,0.1581,0.0796,0,0,0,11,0
TXN004133,492.41,55,622,2,502.66,0.1193,0.3309,0.2512,0,0,0,17,0
TXN004134,2016.31,44,1303,3,988.68,0.3891,0.1889,0.2061,0,0,0,1,0
TXN004135,924.65,69,42,6,1052.31,0.1117,0.7436,0.2324,0,1,0,23,1
TXN004136,443.18,68,866,4,639.35,0.384,0.0552,0.0837,0,0,0,7,0
TXN004137,785.61,68,478,2,1436.82,0.2404,0.09,0.3163,0,0,0,11,0
TXN004138,659.47,31,280,0,671.85,0.2639,0.4609,0.173,0,0,1,5,0
TXN004139,485.69,63,303,4,751.31,0.0657,0.1098,0.4151,1,0,1,6,1
TXN004140,2211.73,44,58,3,1021.53,0.2612,0.1672,0.1826,0,0,0,3,0
TXN004141,239.48,55,111,3,386.7,0.0197,0.1348,0.3732,0,0,0,4,1
TXN004142,177.86,62,100,4,259.95,0.122,0.1231,0.1968,1,0,0,5,0
TXN004143,2870.92,26,164,2,2085.56,0.3309,0.0955,0.3063,0,0,0,3,0
TXN004144,1253.83,41,512,6,653.13,0.126,0.3567,0.0951,0,0,0,20,0
TXN004145,7306.21,24,539,5,4887.35,0.1595,0.1373,0.1234,0,0,0,7,0
TXN004146,7805.34,32,680,2,4360.26,0.1572,0.0293,0.2601,0,0,0,7,0
TXN004147,736.09,39,852,5,769.29,0.3637,0.0517,0.1804,0,0,0,10,0
TXN004148,5436.92,62,262,2,5638.3,0.1282,0.0359,0.0751,0,0,0,7,0
TXN004149,6391.79,62,1524,4,2113.93,0.2969,0.1105,0.0865,0,0,0,11,0
TXN004150,1768.57,38,2,3,698.04,0.2377,0.1874,0.1035,0,0,0,4,0
TXN004151,266.54,35,569,4,179.96,0.1071,0.211,0.0495,0,0,0,7,0
TXN004152,3262.8,45,449,1,1775.27,0.0424,0.0759,0.5268,0,0,0,5,0
TXN004153,1797.41,65,53,3,1120.92,0.0455,0.1687,0.0545,0,0,0,16,0
TXN004154,764.08,68,999,26,1483.19,0.2625,0.2453,0.123,0,0,0,5,1
TXN004155,914.16,29,829,0,934.32,0.3346,0.1929,0.3064,1,0,0,13,0
TXN004156,1121.62,27,1241,4,492.4,0.178,0.3326,0.0974,0,0,0,19,0
TXN004157,1208.66,54,83,2,813.28,0.3397,0.1467,0.2206,0,0,0,23,0
TXN004158,1736.58,33,98,4,1798.39,0.0936,0.2803,0.1173,1,0,0,23,0
TXN004159,1962.07,28,277,23,855.71,0.2049,0.1296,0.0588,0,0,0,12,1
TXN004160,1044.01,19,56,0,852.1,0.1146,0.2303,0.0619,0,0,0,10,0
TXN004161,573.64,38,269,6,378.58,0.2831,0.1028,0.224,0,0,0,4,0
TXN004162,1436.31,38,551,3,1168.93,0.6068,0.1799,0.29,0,0,0,10,0
TXN004163,678.09,47,159,5,503.53,0.2387,0.0878,0.2698,0,0,0,0,0
TXN004164,2921.75,28,548,1,2085.93,0.397,0.1903,0.1729,0,0,0,8,0
TXN004165,1340.7,55,136,2,655.98,0.0931,0.3684,0.1263,1,0,1,3,0
TXN004166,1957.62,53,164,5,891.59,0.0217,0.3084,0.175,1,0,0,9,0
TXN004167,3892.04,42,1406,2,4987.99,0.1595,0.3413,0.1931,0,0,0,15,0
TXN004168,1075.92,27,2,2,884.83,0.2877,0.0813,0.1657,0,0,0,8,0
TXN004169,1620.76,44,638,2,805.61,0.2742,0.0843,0.2204,0,0,0,7,0
TXN004170,1536.98,53,340,2,1652.32,0.1233,0.0566,0.196,0,0,0,18,0
TXN004171,153.0,37,301,3,314.29,0.4084,0.3156,0.1175,1,0,0,4,0
TXN004172,1596.88,31,128,4,2632.18,0.1422,0.0663,0.1565,0,0,0,20,0
TXN004173,1385.74,44,447,6,2199.0,0.1462,0.053,0.1559,0,0,0,3,0
TXN004174,1230.43,36,186,2,1583.06,0.2262,0.1792,0.2339,0,0,0,12,0
TXN004175,68.42,38,164,5,103.13,0.2421,0.3341,0.1407,0,1,0,19,0
TXN004176,1610.69,36,166,4,914.53,0.1827,0.1003,0.2166,0,0,0,21,0
TXN004177,386.35,33,143,1,449.89,0.1168,0.1611,0.1371,0,0,0,15,0
TXN004178,4819.77,55,22,5,2408.78,0.1051,0.4375,0.0789,0,0,0,9,0
TXN004179,1230.45,41,1835,2,2291.11,0.3566,0.1273,0.092,0,0,0,10,0
TXN004180,1184.74,42,165,5,1438.86,0.0378,0.2169,0.133,0,0,0,9,0
TXN004181,500.28,51,342,1,472.4,0.1114,0.1773,0.0925,0,0,0,14,0
TXN004182,4874.97,36,418,3,3121.3,0.5003,0.0181,0.3137,0,1,0,13,0
TXN004183,1711.99,23,41,1,912.71,0.1019,0.1535,0.2105,0,1,0,10,0
TXN004184,2886.17,62,1467,1,3880.66,0.2162,0.0467,0.127,0,0,0,23,0
TXN004185,2280.5,20,215,1,1320.51,0.6456,0.1682,0.079,0,0,0,17,0
TXN004186,620.0,47,88,4,1563.63,0.1914,0.1841,0.0644,0,0,0,20,0
TXN004187,1283.08,31,93,3,794.56,0.2605,0.2478,0.1624,0,0,1,20,0
TXN004188,1404.28,29,218,4,2936.19,0.1934,0.3159,0.1342,0,0,0,8,0
TXN004189,2146.42,20,285,2,1678.92,0.3079,0.1863,0.3019,0,0,0,11,0
TXN004190,5603.11,64,194,1,3010.99,0.2028,0.2103,0.3841,0,0,0,13,0
TXN004191,2022.84,40,52,3,1241.75,0.0797,0.2871,0.0926,0,0,0,22,0
TXN004192,430.75,35,20,5,1061.11,0.3068,0.3963,0.1224,0,0,0,18,1
TXN004193,1300.64,56,647,8,1663.35,0.0577,0.4682,0.3193,0,0,0,12,0
TXN004194,4465.3,20,748,1,3010.25,0.1125,0.0771,0.3225,0,1,0,4,0
TXN004195,3262.59,47,60,4,2234.37,0.0546,0.1253,0.1626,0,0,0,12,0
TXN004196,1406.02,43,447,5,1208.04,0.1132,0.1866,0.0689,0,0,0,6,0
TXN004197,89.04,46,604,5,298.85,0.3285,0.1512,0.0569,0,0,0,13,0
TXN004198,3737.59,24,909,2,1933.85,0.2707,0.1341,0.1998,0,0,0,4,0
TXN004199,853.93,67,994,3,400.58,0.111,0.0557,0.2489,0,0,0,3,0
TXN004200,1229.74,30,288,2,1123.84,0.0571,0.1824,0.1394,0,0,0,20,0
TXN004201,1146.74,53,260,5,1011.27,0.1817,0.1498,0.3868,0,0,0,16,0
TXN004202,536.06,56,623,2,406.49,0.2609,0.2253,0.3034,0,0,0,0,0
TXN004203,3177.96,35,390,1,1423.33,0.2553,0.3414,0.0758,0,0,0,8,0
TXN004204,5686.37,24,100,5,4954.36,0.3683,0.1599,0.3068,0,0,0,21,0
TXN004205,793.16,33,4,1,881.1,0.0699,0.3947,0.4157,0,1,0,14,0
TXN004206,2312.19,59,1045,1,1874.53,0.1333,0.2112,0.2874,0,0,1,5,0
TXN004207,5669.59,65,169,5,5704.34,0.0452,0.2064,0.414,0,0,0,7,1
TXN004208,2006.14,66,148,1,2005.86,0.0458,0.2361,0.2169,0,0,0,12,0
TXN004209,264.38,29,1091,3,698.27,0.0585,0.2288,0.1486,1,0,0,8,0
TXN004210,1725.84,49,289,14,1294.54,0.1329,0.0604,0.2966,1,1,0,5,1
TXN004211,2924.41,25,71,28,1535.4,0.1222,0.3571,0.4272,0,0,0,3,1
TXN004212,5244.18,54,763,1,2991.92,0.2619,0.4298,0.097,1,0,0,11,0
TXN004213,4328.09,39,39,5,2565.31,0.1318,0.2332,0.2608,0,0,0,11,0
TXN004214,153.23,55,1689,2,157.76,0.2588,0.1144,0.1831,0,0,0,5,0
TXN004215,652.48,53,350,4,602.24,0.2096,0.0837,0.2192,0,0,0,5,0
TXN004216,2010.73,69,646,3,1044.17,0.0662,0.2509,0.1123,0,1,0,19,0
TXN004217,868.13,43,522,1,538.78,0.4788,0.1685,0.1056,0,0,0,13,0
TXN004218,226.48,35,316,3,100.0,0.2215,0.2175,0.0349,0,0,0,16,0
TXN004219,455.81,45,276,1,659.89,0.4203,0.053,0.2528,0,0,0,12,0
TXN004220,752.99,26,382,12,1093.86,0.2725,0.1792,0.2877,0,0,0,19,1
TXN004221,632.32,23,137,5,759.23,0.2018,0.0919,0.085,0,1,0,23,0
TXN004222,324.89,44,494,3,545.74,0.3748,0.0847,0.2492,0,0,0,0,0
TXN004223,545.78,60,89,7,1128.93,0.2814,0.086,0.2314,0,0,0,10,0
TXN004224,1804.27,45,103,5,1394.32,0.067,0.2306,0.3624,0,0,1,9,1
TXN004225,984.65,58,481,4,789.96,0.188,0.1717,0.1203,0,0,0,19,0
TXN004226,3280.15,27,906,4,2864.71,0.0779,0.27,0.4153,1,0,0,15,0
TXN004227,1387.09,41,797,5,1141.84,0.1258,0.4442,0.3641,0,0,0,17,0
TXN004228,266.37,49,65,4,595.82,0.2846,0.3473,0.1451,1,0,0,3,0
TXN004229,383.29,36,180,5,499.11,0.2211,0.2056,0.2408,0,0,0,18,0
TXN004230,803.93,18,1496,3,944.75,0.1934,0.3674,0.1353,0,0,0,7,0
TXN004231,2455.47,21,627,23,2390.83,0.2081,0.2224,0.4798,0,0,0,16,0
TXN004232,276.04,66,925,3,616.11,0.1401,0.0853,0.3792,0,1,0,14,1
TXN004233,999.08,49,362,4,1664.23,0.1632,0.0302,0.1294,0,0,0,1,0
TXN004234,921.61,31,1129,7,1171.68,0.2477,0.1851,0.0695,0,0,1,1,1
TXN004235,7921.37,31,77,4,4426.05,0.0817,0.0331,0.1382,0,0,0,1,0
TXN004236,1664.37,20,212,3,1441.12,0.0273,0.1973,0.5053,0,0,0,23,1
TXN004237,1179.8,67,837,4,672.66,0.4162,0.2098,0.2417,0,0,0,14,0
TXN004238,1716.64,23,183,2,1836.21,0.3658,0.0443,0.3369,0,0,0,7,0
TXN004239,1881.0,57,298,5,1879.98,0.2882,0.0826,0.0709,0,0,0,17,0
TXN004240,1092.89,30,188,2,830.55,0.2445,0.3247,0.1433,0,0,0,3,0
TXN004241,440.42,35,139,1,485.51,0.5396,0.1281,0.0465,0,0,0,23,0
TXN004242,1131.87,32,853,4,1595.95,0.2343,0.1607,0.0686,0,0,1,1,0
TXN004243,505.26,60,258,0,1146.49,0.0775,0.0548,0.2844,0,0,0,4,1
TXN004244,273.02,19,397,2,379.33,0.1102,0.4434,0.2201,1,0,0,4,0
TXN004245,2075.73,36,508,5,1310.5,0.1814,0.1604,0.0819,0,0,0,3,0
TXN004246,1404.55,32,155,5,702.12,0.2616,0.0653,0.0723,0,0,1,20,0
TXN004247,248.1,32,161,0,379.59,0.2378,0.1672,0.1069,0,0,0,13,0
TXN004248,330.29,28,800,0,857.07,0.4443,0.3613,0.0458,0,0,0,2,0
TXN004249,4481.35,65,497,4,2692.01,0.01,0.3203,0.2347,0,0,0,1,0
TXN004250,2653.83,37,376,4,2554.58,0.1689,0.2462,0.4771,0,0,0,7,0
TXN004251,1014.2,39,19,4,2127.55,0.0417,0.2153,0.1609,0,0,0,20,0
TXN004252,239.25,38,428,2,1324.07,0.085,0.2846,0.0118,1,0,0,10,0
TXN004253,979.64,68,146,4,1664.13,0.0959,0.2711,0.0145,0,0,1,2,0
TXN004254,910.9,35,940,2,1175.03,0.2856,0.4834,0.1823,0,0,0,6,0
TXN004255,268.56,35,104,14,505.96,0.2426,0.373,0.088,0,0,0,14,0
TXN004256,851.24,35,817,3,581.81,0.1897,0.0385,0.3183,0,0,0,0,0
TXN004257,458.55,35,689,0,716.93,0.2765,0.0293,0.0668,0,0,0,16,0
TXN004258,2944.73,22,835,2,2924.71,0.1655,0.1665,0.1124,0,0,0,11,0
TXN004259,8596.43,49,1229,4,2330.14,0.149,0.0238,0.0269,0,0,0,10,0
TXN004260,549.32,19,327,4,514.96,0.1677,0.3613,0.0321,0,0,0,1,0
TXN004261,1068.32,29,789,3,1138.39,0.1127,0.1684,0.3664,0,1,0,10,1
TXN004262,786.08,28,955,1,827.31,0.192,0.1076,0.1663,0,1,0,2,0
TXN004263,1421.39,33,752,28,983.81,0.2802,0.0566,0.1285,0,0,0,2,1
TXN004264,1016.95,57,173,2,753.53,0.1273,0.0384,0.0978,0,0,0,7,0
TXN004265,1689.23,49,220,1,2933.6,0.1244,0.1712,0.439,0,0,1,7,0
TXN004266,863.19,69,1192,2,1082.22,0.1764,0.3031,0.1151,0,0,0,13,0
TXN004267,883.84,36,438,3,1275.78,0.123,0.1344,0.131,0,0,0,21,0
TXN004268,1098.31,66,940,2,1283.03,0.1049,0.1431,0.0771,0,0,0,10,0
TXN004269,1458.56,20,97,3,534.09,0.4158,0.3771,0.2944,0,0,0,13,0
TXN004270,1661.68,44,296,1,1183.21,0.1159,0.2075,0.2405,0,1,0,9,1
TXN004271,2207.8,59,443,0,2306.81,0.1892,0.4533,0.1353,0,1,0,6,0
TXN004272,6095.93,45,778,1,3074.46,0.2572,0.0314,0.3822,0,0,0,9,1
TXN004273,544.67,66,314,1,491.04,0.1236,0.4988,0.2702,0,0,0,1,0
TXN004274,153.86,34,375,1,378.79,0.1772,0.4279,0.381,0,0,0,14,0
TXN004275,2860.28,19,411,12,1145.38,0.3016,0.174,0.2558,0,0,0,11,0
TXN004276,2187.28,58,275,1,2383.75,0.1798,0.2342,0.3211,0,1,0,4,1
TXN004277,407.85,21,399,5,1410.53,0.2522,0.2174,0.24,0,0,0,5,0
TXN004278,732.46,57,189,3,1765.53,0.271,0.4404,0.1175,0,0,0,15,0
TXN004279,786.86,56,455,2,423.19,0.3674,0.2563,0.2085,0,0,0,12,1
TXN004280,307.58,61,551,1,734.81,0.1359,0.2029,0.3186,0,1,0,11,1
TXN004281,495.12,42,539,4,235.74,0.083,0.2511,0.2119,0,0,0,16,1
TXN004282,1037.78,64,34,3,992.53,0.2365,0.363,0.1064,0,0,0,19,0
TXN004283,356.98,26,10,2,241.06,0.3934,0.3623,0.2151,0,0,0,15,0
TXN004284,2420.23,40,621,6,2787.4,0.1854,0.3804,0.0714,0,0,0,14,0
TXN004285,4342.59,24,294,6,3256.39,0.0906,0.1259,0.0989,0,0,0,13,0
TXN004286,1440.24,57,161,2,1210.09,0.2843,0.0566,0.1215,0,0,0,11,0
TXN004287,372.41,55,1699,2,380.39,0.06,0.0575,0.4692,0,0,0,1,0
TXN004288,793.94,59,80,3,1426.53,0.1844,0.1882,0.2848,1,0,0,23,0
TXN004289,4907.81,57,279,5,4029.48,0.1897,0.4019,0.1843,0,0,0,4,0
TXN004290,563.21,34,128,2,1529.99,0.3717,0.1318,0.1772,0,0,0,0,0
TXN004291,4195.7,21,726,5,2513.64,0.0334,0.0768,0.1594,0,0,0,21,0
TXN004292,870.21,66,968,3,780.85,0.2832,0.0518,0.1649,0,0,0,22,0
TXN004293,769.28,43,194,1,595.95,0.2872,0.2649,0.2401,1,0,0,7,0
TXN004294,247.42,22,227,2,1043.56,0.2514,0.0551,0.2936,0,0,0,18,0
TXN004295,153.26,66,101,2,284.66,0.1255,0.1528,0.1161,0,0,0,1,0
TXN004296,4050.88,69,344,12,5350.05,0.1752,0.1537,0.228,0,0,0,17,0
TXN004297,1751.59,41,346,21,1209.25,0.4825,0.0982,0.252,0,0,0,12,1
TXN004298,1197.74,58,190,5,2011.71,0.4436,0.1959,0.1455,0,0,0,13,0
TXN004299,3223.9,19,743,7,793.89,0.3221,0.3664,0.3934,0,0,0,12,1
TXN004300,322.15,22,431,1,372.35,0.2991,0.1959,0.39,0,0,0,2,0
TXN004301,1701.51,32,452,1,2975.21,0.2174,0.0817,0.199,0,0,0,7,0
TXN004302,450.5,52,150,3,499.26,0.1441,0.41,0.086,0,0,0,11,0
TXN004303,829.78,24,977,2,1399.94,0.1464,0.1658,0.1967,0,0,0,7,0
TXN004304,779.59,19,1604,3,1495.42,0.248,0.2682,0.0042,0,0,0,12,0
TXN004305,2013.85,52,339,4,1154.9,0.1328,0.2327,0.0528,0,0,0,9,0
TXN004306,839.72,58,480,18,633.2,0.2237,0.2544,0.2327,0,0,0,20,1
TXN004307,1311.78,56,100,2,987.58,0.228,0.4211,0.115,0,1,0,21,1
TXN004308,1138.17,59,719,4,563.95,0.2694,0.1245,0.1192,0,0,0,7,0
TXN004309,2525.25,59,398,5,1932.22,0.2269,0.0509,0.0882,0,0,0,9,0
TXN004310,909.6,49,220,2,1636.12,0.0838,0.078,0.1103,0,0,0,14,0
TXN004311,1595.23,45,414,3,1080.33,0.1357,0.5008,0.2714,0,1,0,0,0
TXN004312,396.44,62,420,6,736.68,0.2484,0.0899,0.1127,0,0,0,4,0
TXN004313,3685.65,36,36,5,4794.01,0.1115,0.0998,0.1881,0,0,0,5,0
TXN004314,429.84,23,1184,5,440.78,0.1795,0.1327,0.04,0,0,0,10,0
TXN004315,343.03,57,365,1,371.95,0.2246,0.1424,0.2546,0,0,0,1,0
TXN004316,386.62,32,315,4,1035.45,0.0489,0.0444,0.3983,0,0,0,14,0
TXN004317,537.64,68,118,5,915.41,0.1087,0.1437,0.164,1,0,0,15,0
TXN004318,2335.38,39,370,2,2364.47,0.4098,0.0818,0.3568,0,0,0,14,0
TXN004319,1232.01,62,87,3,1723.79,0.1779,0.1199,0.1485,0,0,1,20,0
TXN004320,2079.97,20,245,8,1119.53,0.05,0.2292,0.1374,0,0,0,21,0
TXN004321,3177.51,52,444,2,1556.56,0.3188,0.2025,0.0835,1,0,0,0,0
TXN004322,829.9,41,903,26,1536.89,0.1772,0.2195,0.1061,0,0,0,17,1
TXN004323,4941.16,42,10,4,4781.4,0.4422,0.1546,0.2993,0,0,0,13,0
TXN004324,3127.06,31,173,4,1309.44,0.1665,0.1501,0.4497,0,0,0,2,1
TXN004325,632.34,68,92,6,680.78,0.2148,0.0517,0.2851,0,0,0,12,0
TXN004326,1007.38,38,1363,2,1260.11,0.1344,0.3189,0.2207,1,0,0,18,0
TXN004327,281.48,62,136,20,175.37,0.0392,0.1522,0.2746,0,0,0,10,1
TXN004328,921.81,40,179,3,1071.86,0.2648,0.2211,0.2405,0,1,0,3,1
TXN004329,4741.3,20,365,1,2356.87,0.4183,0.3068,0.2797,0,0,0,6,0
TXN004330,1205.22,63,85,1,1671.59,0.1486,0.0851,0.1153,0,0,0,23,0
TXN004331,1041.03,27,282,4,1351.53,0.0965,0.2746,0.1183,0,0,0,14,0
TXN004332,2667.92,32,1954,3,1727.56,0.2163,0.0307,0.3313,0,0,0,15,0
TXN004333,2508.85,62,64,4,2373.88,0.1055,0.2525,0.4124,0,0,0,16,0
TXN004334,3156.71,64,18,1,2974.0,0.0554,0.2013,0.3273,1,0,0,3,0
TXN004335,524.84,65,39,1,1500.0,0.1083,0.0674,0.2203,0,0,0,3,0
TXN004336,723.68,40,399,2,878.94,0.1391,0.2107,0.0402,0,0,0,6,0
TXN004337,349.24,57,961,1,217.14,0.4028,0.0139,0.2779,0,0,0,19,0
TXN004338,1413.3,35,273,0,2174.86,0.0424,0.1671,0.045,0,0,0,1,0
TXN004339,2312.33,56,351,7,1572.85,0.113,0.2213,0.2386,0,0,0,9,0
TXN004340,1414.11,44,181,2,1220.31,0.3422,0.2529,0.2182,0,0,0,18,0
TXN004341,607.0,20,269,5,677.47,0.1272,0.2741,0.1092,0,0,0,16,0
TXN004342,4547.68,39,911,3,2155.13,0.3362,0.4727,0.4082,0,0,0,18,0
TXN004343,759.77,42,394,5,915.93,0.4398,0.0573,0.0441,1,1,0,2,1
TXN004344,922.72,31,1338,1,1070.53,0.0564,0.2341,0.1012,1,0,0,7,0
TXN004345,938.88,37,642,5,1054.49,0.3855,0.0389,0.3843,0,0,0,4,1
TXN004346,1570.56,44,615,4,1502.52,0.226,0.1848,0.0427,0,0,0,21,0
TXN004347,748.29,20,589,2,490.76,0.1282,0.2419,0.2123,0,0,0,8,0
TXN004348,723.34,25,610,3,1625.85,0.0553,0.0835,0.2873,0,0,0,17,0
TXN004349,1067.21,57,793,3,662.07,0.295,0.0641,0.3014,1,1,0,19,0
TXN004350,704.43,36,148,2,678.54,0.0851,0.2584,0.0778,0,0,0,6,0
TXN004351,2763.87,49,200,28,2037.89,0.2103,0.1114,0.2704,0,0,0,12,1
TXN004352,2036.52,47,640,1,546.47,0.2525,0.084,0.0712,0,1,0,9,0
TXN004353,1536.09,46,1116,18,2035.32,0.3882,0.3748,0.298,1,0,0,15,1
TXN004354,600.28,39,239,2,1177.27,0.2364,0.2076,0.1385,0,0,0,17,0
TXN004355,384.83,43,153,1,345.92,0.3678,0.1121,0.1297,0,0,0,0,0
TXN004356,3459.31,60,54,1,2850.17,0.3118,0.1744,0.241,0,0,0,23,1
TXN004357,2200.77,68,37,3,1362.64,0.234,0.0565,0.1715,0,0,0,5,1
TXN004358,1074.68,31,392,4,1445.03,0.0778,0.1437,0.2343,0,0,1,13,0
TXN004359,1406.01,52,123,16,2219.57,0.0958,0.2694,0.1211,0,0,0,7,1
TXN004360,1347.92,68,1073,2,3132.09,0.1172,0.1649,0.186,0,1,0,8,0
TXN004361,595.02,18,72,2,1262.34,0.23,0.0246,0.2493,0,0,1,10,0
TXN004362,1343.89,58,272,2,1689.35,0.3298,0.1543,0.0383,0,0,0,15,0
TXN004363,1333.69,43,603,3,1422.01,0.0597,0.2836,0.1645,0,0,0,17,1
TXN004364,2686.02,68,182,6,862.64,0.1239,0.246,0.1536,0,0,0,9,0
TXN004365,142.69,48,225,3,361.98,0.0366,0.2234,0.1189,0,0,0,9,0
TXN004366,1532.9,61,1784,1,1274.67,0.1926,0.0405,0.3408,0,0,0,17,0
TXN004367,1931.38,26,54,6,2879.17,0.3362,0.1123,0.2213,0,0,0,12,0
TXN004368,1864.8,25,393,4,1649.67,0.3558,0.3408,0.0698,0,1,0,3,0
TXN004369,383.19,66,190,2,519.47,0.2335,0.0503,0.2251,0,0,0,17,1
TXN004370,4178.58,45,83,3,2364.37,0.1801,0.1491,0.1848,0,0,0,6,0
TXN004371,1555.3,47,1242,1,883.04,0.3498,0.4837,0.1865,0,0,0,19,0
TXN004372,238.26,26,448,1,253.56,0.0852,0.0543,0.3796,0,0,0,21,0
TXN004373,4934.69,29,121,4,2236.2,0.217,0.3636,0.0736,0,1,1,2,0
TXN004374,859.45,60,304,4,565.8,0.0663,0.1089,0.2476,0,0,0,13,0
TXN004375,8204.33,33,636,2,3814.29,0.3649,0.0838,0.1487,0,0,0,8,0
TXN004376,2391.6,48,236,3,2449.02,0.0562,0.1669,0.0097,0,0,0,14,0
TXN004377,1578.18,34,228,2,934.99,0.4857,0.5202,0.1575,0,0,0,19,0
TXN004378,991.29,31,347,4,1512.55,0.1308,0.1961,0.1066,1,0,0,14,0
TXN004379,3708.68,26,140,1,5983.39,0.1267,0.2182,0.2521,0,0,0,22,0
TXN004380,7323.98,66,8,1,2208.36,0.4655,0.2056,0.0219,0,0,0,4,0
TXN004381,713.02,66,1088,2,1295.61,0.1372,0.0944,0.272,1,0,1,17,0
TXN004382,6519.48,23,23,2,8286.71,0.235,0.3289,0.0406,0,0,0,4,0
TXN004383,419.22,36,412,2,1190.71,0.0609,0.2391,0.1852,0,0,0,9,0
TXN004384,1034.89,47,53,0,1647.92,0.1029,0.2555,0.252,0,0,0,10,0
TXN004385,329.58,37,52,3,569.44,0.1628,0.45,0.0382,0,1,0,20,0
TXN004386,234.87,55,309,1,339.58,0.2824,0.1149,0.1325,0,0,0,17,0
TXN004387,1057.3,31,107,1,896.54,0.075,0.1183,0.4674,0,0,0,0,0
TXN004388,1516.95,21,825,2,1126.52,0.5167,0.3434,0.1613,0,0,0,1,0
TXN004389,793.73,35,119,2,1380.89,0.3884,0.1547,0.1359,0,1,0,7,0
TXN004390,262.92,49,934,2,405.92,0.1689,0.5417,0.1403,0,1,1,14,0
TXN004391,3160.24,27,810,0,1741.45,0.2568,0.1416,0.3191,0,0,0,5,0
TXN004392,1566.57,60,1330,7,613.22,0.0447,0.0339,0.3977,0,0,0,19,0
TXN004393,3350.51,18,422,30,1679.27,0.228,0.1945,0.2814,1,0,0,18,1
TXN004394,853.18,21,1080,5,2110.01,0.3411,0.2697,0.2553,0,0,1,21,1
TXN004395,1599.29,44,92,1,831.43,0.2219,0.5194,0.2173,0,0,0,3,0
TXN004396,1548.21,44,810,1,558.54,0.1014,0.472,0.1971,0,0,0,10,0
TXN004397,1271.28,33,147,3,3231.02,0.1659,0.1429,0.1915,0,0,0,21,0
TXN004398,3664.78,31,910,17,2020.38,0.4001,0.0815,0.1623,0,0,0,17,0
TXN004399,1380.57,21,541,2,1219.73,0.172,0.2402,0.1948,0,0,0,4,0
TXN004400,2560.54,52,360,5,3065.3,0.1551,0.0964,0.1561,0,0,1,6,0
TXN004401,1232.36,37,459,2,1162.45,0.3941,0.2353,0.2576,0,1,0,0,0
TXN004402,906.36,24,432,3,710.27,0.1122,0.0902,0.2936,0,0,0,19,0
TXN004403,1028.11,38,121,3,543.92,0.0909,0.1845,0.1606,0,0,0,2,0
TXN004404,1868.42,66,437,2,1016.93,0.201,0.2833,0.2945,0,1,0,21,0
TXN004405,821.72,31,1341,2,1882.21,0.1429,0.1248,0.0799,0,0,0,14,0
TXN004406,2030.55,64,403,2,2901.06,0.3059,0.1541,0.3057,0,0,0,11,0
TXN004407,1173.7,31,61,0,1114.83,0.1674,0.3421,0.2979,0,0,0,21,0
TXN004408,6086.98,27,848,3,2563.65,0.0843,0.2019,0.353,0,0,0,17,0
TXN004409,210.59,31,131,25,943.89,0.2195,0.0665,0.2936,0,0,1,21,1
TXN004410,453.47,34,572,19,634.53,0.2888,0.1312,0.2984,0,0,0,12,1
TXN004411,189.66,24,31,4,439.47,0.6366,0.0708,0.3244,0,0,0,2,0
TXN004412,362.3,48,171,4,769.42,0.3173,0.0621,0.0686,0,0,0,6,0
TXN004413,775.95,35,10,5,451.21,0.2477,0.0509,0.174,0,0,0,23,0
TXN004414,3341.32,55,371,23,4476.77,0.4165,0.3104,0.2589,1,0,0,6,1
TXN004415,413.22,43,313,3,1491.46,0.3195,0.2187,0.252,0,0,0,2,0
TXN004416,940.05,41,330,0,1025.64,0.3643,0.1147,0.1739,0,0,0,2,0
TXN004417,11216.31,42,732,5,3660.67,0.1375,0.0821,0.2074,0,0,0,15,0
TXN004418,163.16,26,212,3,440.72,0.205,0.31,0.07,0,0,0,3,0
TXN004419,1335.57,55,144,3,996.25,0.1905,0.2251,0.1602,1,0,0,22,0
TXN004420,10530.26,23,20,5,4446.05,0.1451,0.1376,0.0762,0,0,1,22,0
TXN004421,964.87,55,352,5,991.45,0.167,0.1547,0.1521,1,0,0,11,0
TXN004422,17556.33,69,668,4,6080.06,0.0707,0.2645,0.1801,0,0,0,5,0
TXN004423,1322.17,57,1053,0,1900.6,0.2815,0.5355,0.2768,0,0,0,18,1
TXN004424,6059.7,41,45,2,2735.72,0.0795,0.17,0.1483,0,0,0,9,0
TXN004425,5431.07,34,60,3,2791.76,0.192,0.2668,0.4249,0,0,0,15,0
TXN004426,1078.39,63,125,13,1097.86,0.2071,0.3399,0.1465,0,0,0,23,0
TXN004427,343.88,31,983,3,779.19,0.1418,0.1467,0.2204,0,0,1,3,0
TXN004428,583.03,43,212,4,1011.5,0.1177,0.3834,0.142,0,0,1,18,1
TXN004429,151.39,58,452,2,549.58,0.1055,0.3625,0.2522,0,0,1,13,0
TXN004430,1451.87,65,122,6,1047.15,0.2151,0.2076,0.1452,0,0,0,16,0
TXN004431,1419.1,65,484,5,1093.26,0.2298,0.3351,0.2943,0,0,0,14,0
TXN004432,3736.98,22,4,6,3577.66,0.1621,0.3006,0.5784,0,0,0,3,0
TXN004433,1552.78,64,346,6,1661.2,0.0966,0.0638,0.3057,0,1,0,5,0
TXN004434,12094.52,23,57,1,5732.07,0.0725,0.1019,0.3,0,0,0,13,0
TXN004435,284.89,48,1254,3,241.85,0.1901,0.3481,0.0386,0,0,0,6,0
TXN004436,344.82,66,113,5,467.81,0.0571,0.1094,0.1793,0,0,0,17,0
TXN004437,927.26,52,45,11,855.13,0.099,0.0232,0.5817,0,0,0,15,0
TXN004438,9613.02,67,849,19,3117.37,0.1448,0.5062,0.0799,0,0,0,20,1
TXN004439,1430.08,35,47,3,1015.66,0.046,0.2412,0.37,0,0,0,14,0
TXN004440,316.74,34,175,1,392.49,0.2553,0.0688,0.3559,0,0,0,9,0
TXN004441,901.4,34,1256,2,923.72,0.0871,0.1589,0.2124,0,0,0,7,0
TXN004442,611.88,36,275,3,474.22,0.367,0.3395,0.2135,0,0,0,0,1
TXN004443,327.95,53,722,7,413.42,0.0539,0.3392,0.1268,0,0,1,12,1
TXN004444,3357.43,41,42,4,4443.42,0.1261,0.397,0.1678,0,0,0,11,0
TXN004445,852.05,56,152,4,857.37,0.128,0.0675,0.116,0,0,0,17,0
TXN004446,2854.66,39,808,1,1237.94,0.0501,0.3507,0.2639,0,0,0,5,0
TXN004447,1587.58,34,73,5,1027.55,0.2538,0.1639,0.2375,1,0,0,9,0
TXN004448,734.15,27,82,4,919.61,0.1393,0.0463,0.1003,0,0,0,7,0
TXN004449,981.9,46,73,3,608.83,0.0795,0.1859,0.2132,0,0,0,6,0
TXN004450,886.49,64,2328,5,882.32,0.3981,0.1076,0.2949,0,0,0,22,1
TXN004451,1678.39,62,437,2,1388.62,0.1298,0.3703,0.071,0,0,0,20,0
TXN004452,3403.43,31,110,23,2960.3,0.3492,0.3193,0.1944,0,0,0,16,1
TXN004453,666.85,42,586,3,2128.57,0.119,0.3522,0.1076,0,0,1,17,0
TXN004454,87.41,54,214,4,467.15,0.2794,0.1378,0.2781,0,0,0,21,0
TXN004455,2481.49,49,39,5,2190.69,0.2622,0.3364,0.0808,0,0,0,5,0
TXN004456,956.93,21,894,3,1529.67,0.2805,0.1159,0.2246,0,0,0,4,0
TXN004457,287.46,48,676,3,708.18,0.3075,0.0789,0.2343,1,0,0,16,0
TXN004458,792.64,20,640,1,1245.72,0.373,0.0888,0.1759,0,0,0,4,0
TXN004459,2722.09,24,99,3,1636.97,0.5223,0.118,0.1918,0,0,0,20,0
TXN004460,1379.87,51,571,5,1133.35,0.1086,0.3755,0.2704,0,1,0,13,0
TXN004461,2346.4,23,209,0,1534.82,0.3833,0.2384,0.0612,0,0,0,6,0
TXN004462,769.04,35,362,3,599.4,0.1385,0.1021,0.236,0,0,0,11,0
TXN004463,2669.44,48,1160,3,4424.81,0.2071,0.0136,0.1962,0,0,0,7,0
TXN004464,435.55,52,931,2,284.15,0.1342,0.1495,0.0502,1,0,0,4,0
TXN004465,2268.0,41,342,3,1643.36,0.3163,0.4153,0.0794,0,0,0,7,0
TXN004466,1328.92,22,257,2,1417.62,0.3963,0.297,0.2331,0,0,0,6,0
TXN004467,1776.54,59,494,3,1719.97,0.3135,0.4803,0.2251,0,0,0,20,0
TXN004468,1032.77,67,743,5,667.9,0.279,0.0397,0.2005,0,0,0,10,0
TXN004469,1646.23,64,567,6,2486.02,0.4189,0.1586,0.298,0,0,1,12,0
TXN004470,1849.65,56,219,1,1016.8,0.282,0.2542,0.3669,0,0,0,19,0
TXN004471,652.27,38,37,1,478.02,0.2283,0.2045,0.1155,0,0,1,8,0
TXN004472,510.24,63,286,25,509.6,0.0183,0.0382,0.135,0,0,0,7,1
TXN004473,2777.96,43,9,5,1196.66,0.0831,0.1053,0.1465,0,0,0,23,0
TXN004474,176.01,25,66,2,358.68,0.3788,0.0317,0.063,0,0,0,6,0
TXN004475,3002.66,62,599,5,3867.46,0.2383,0.2688,0.228,0,0,0,8,1
TXN004476,1570.28,34,337,3,2285.28,0.1402,0.197,0.1783,0,0,0,2,0
TXN004477,4796.98,66,338,2,3939.43,0.1742,0.1318,0.2032,0,0,0,15,1
TXN004478,7011.62,37,323,3,3659.19,0.3347,0.0525,0.2027,0,0,0,9,0
TXN004479,499.2,63,378,4,857.2,0.1311,0.132,0.3109,0,0,0,17,0
TXN004480,3675.68,45,517,1,596.73,0.1145,0.0268,0.201,0,0,0,13,1
TXN004481,116.87,42,767,21,168.27,0.2053,0.0654,0.3249,0,0,0,0,1
TXN004482,1006.28,33,827,10,825.21,0.2045,0.5086,0.3241,0,0,0,18,0
TXN004483,3779.83,61,198,1,3774.25,0.4009,0.0937,0.4331,0,0,0,18,0
TXN004484,630.11,21,131,3,614.31,0.0428,0.1752,0.1264,0,0,0,6,0
TXN004485,612.3,42,1038,5,946.77,0.1091,0.1622,0.3694,0,0,0,10,0
TXN004486,1338.03,37,106,0,743.82,0.278,0.2766,0.1193,1,0,0,20,0
TXN004487,891.44,46,1753,0,1425.81,0.0485,0.3628,0.5951,0,0,0,6,0
TXN004488,1019.79,31,1100,1,2697.98,0.0745,0.2248,0.1057,0,0,0,8,0
TXN004489,201.43,52,213,1,373.36,0.0272,0.1457,0.1828,0,0,0,21,0
TXN004490,945.28,38,685,6,426.9,0.2116,0.1036,0.2168,0,0,0,17,0
TXN004491,6175.79,27,1185,1,3104.58,0.0608,0.1584,0.4279,0,0,0,9,0
TXN004492,607.39,28,24,3,1831.97,0.3981,0.0441,0.2733,1,0,0,16,0
TXN004493,1430.79,54,429,6,914.55,0.2224,0.0566,0.2145,1,0,0,11,0
TXN004494,1217.91,31,735,5,3622.64,0.1403,0.1085,0.1154,0,0,0,18,0
TXN004495,415.51,33,756,1,421.78,0.3662,0.0601,0.2206,0,0,0,21,0
TXN004496,1083.1,50,40,3,2104.53,0.1076,0.2055,0.3571,0,0,0,20,0
TXN004497,1706.44,35,447,4,1045.48,0.3715,0.0601,0.0776,0,1,0,14,0
TXN004498,2274.79,38,55,8,1676.7,0.1705,0.2682,0.1642,0,0,0,3,0
TXN004499,353.46,30,585,3,206.23,0.1255,0.2818,0.1561,0,0,0,21,1
TXN004500,776.76,35,45,3,913.7,0.0611,0.264,0.1993,0,0,0,1,0
TXN004501,1653.3,54,280,0,1836.76,0.1714,0.0706,0.4877,1,0,0,18,0
TXN004502,459.93,45,270,0,1049.08,0.3626,0.1858,0.0507,0,0,0,7,0
TXN004503,1498.08,69,158,5,2640.46,0.2468,0.097,0.2271,0,0,0,21,0
TXN004504,4345.76,58,180,5,2579.27,0.3948,0.2093,0.0659,0,0,0,4,0
TXN004505,686.08,18,75,2,560.6,0.1668,0.0623,0.0049,1,0,0,19,0
TXN004506,2067.67,37,175,1,1952.36,0.143,0.1326,0.1953,0,0,0,18,0
TXN004507,1095.86,33,856,23,547.38,0.1507,0.0408,0.1287,0,0,0,2,1
TXN004508,557.09,48,2120,7,1138.89,0.1601,0.4531,0.1358,0,0,0,8,0
TXN004509,2579.55,31,104,5,1735.91,0.2826,0.1923,0.3038,0,0,1,2,0
TXN004510,319.5,68,2635,4,611.13,0.4065,0.1664,0.2819,0,0,0,8,0
TXN004511,4288.44,33,1645,21,1902.36,0.2758,0.1943,0.0398,0,1,0,6,1
TXN004512,1038.69,45,557,3,769.89,0.176,0.0093,0.2439,0,0,0,8,0
TXN004513,1241.39,24,606,2,730.34,0.2563,0.1071,0.3924,0,0,0,18,0
TXN004514,1222.62,65,18,0,1798.41,0.0796,0.2951,0.1294,0,0,0,14,0
TXN004515,2028.34,65,357,4,610.83,0.3897,0.3867,0.0492,0,0,0,1,0
TXN004516,1769.45,59,286,2,589.46,0.2958,0.2108,0.0155,0,0,0,0,0
TXN004517,2879.92,36,168,3,2272.89,0.2499,0.4156,0.064,0,0,0,5,0
TXN004518,2258.34,21,1206,2,1183.21,0.1998,0.1427,0.1186,0,0,0,17,0
TXN004519,335.65,54,448,3,396.28,0.1936,0.4639,0.0656,0,1,0,22,0
TXN004520,993.55,40,2059,1,1996.1,0.1057,0.1275,0.1543,0,0,0,22,0
TXN004521,1278.02,69,52,4,825.0,0.1303,0.1174,0.1403,0,0,0,0,0
TXN004522,247.71,54,480,2,410.71,0.1305,0.0741,0.1396,0,0,0,11,0
TXN004523,389.75,46,192,2,189.59,0.0582,0.2069,0.3841,0,0,0,19,0
TXN004524,3672.81,69,852,14,2063.98,0.0236,0.1637,0.2146,0,0,0,13,0
TXN004525,683.64,59,113,4,600.68,0.0836,0.4521,0.2892,0,0,0,6,0
TXN004526,506.7,41,974,4,459.12,0.5901,0.1029,0.1659,0,0,0,18,0
TXN004527,2956.29,18,1054,0,1715.71,0.0792,0.0602,0.0787,0,0,0,3,0
TXN004528,2241.87,22,753,2,1927.64,0.25,0.4409,0.0948,0,0,0,12,0
TXN004529,506.02,41,760,2,632.09,0.2852,0.171,0.3616,0,0,0,13,0
TXN004530,903.13,47,168,0,2077.35,0.0341,0.2264,0.1456,0,0,0,7,0
TXN004531,7830.8,19,306,5,4621.27,0.0494,0.1385,0.3503,0,0,0,15,0
TXN004532,3443.37,24,160,4,2814.85,0.1028,0.19,0.5308,0,0,0,12,0
TXN004533,11491.39,54,378,3,2524.35,0.2567,0.232,0.2547,1,0,0,13,0
TXN004534,1296.13,57,276,6,1366.34,0.2538,0.1725,0.1267,0,0,0,22,0
TXN004535,949.1,19,261,4,803.84,0.1893,0.5647,0.2829,0,0,0,4,0
TXN004536,1261.31,44,56,2,1054.56,0.3394,0.3491,0.4657,0,0,0,19,0
TXN004537,2135.46,22,1489,0,1492.96,0.2454,0.0379,0.271,0,0,0,19,0
TXN004538,267.19,55,40,2,454.75,0.0489,0.4839,0.3432,0,1,0,6,0
TXN004539,613.37,61,31,2,639.98,0.0212,0.1972,0.192,0,0,0,0,0
TXN004540,636.37,63,3,2,403.66,0.1277,0.507,0.4233,0,1,0,12,0
TXN004541,1076.65,49,465,6,1292.88,0.2555,0.2732,0.1161,0,0,0,16,0
TXN004542,1794.97,50,1740,4,1162.28,0.1779,0.0524,0.0409,1,0,1,20,0
TXN004543,732.38,66,53,1,694.44,0.1832,0.1178,0.1155,0,1,0,16,0
TXN004544,2429.35,49,44,2,1947.59,0.029,0.3786,0.3603,0,0,0,8,0
TXN004545,994.17,41,326,4,527.83,0.433,0.341,0.1511,0,0,0,17,0
TXN004546,597.09,57,374,2,676.62,0.4333,0.0669,0.1606,1,1,0,23,1
TXN004547,852.22,48,1635,4,1893.85,0.3519,0.2127,0.2484,0,0,1,6,0
TXN004548,1814.72,61,28,17,2101.0,0.3339,0.2325,0.3564,0,0,0,13,1
TXN004549,398.99,45,649,8,628.28,0.0725,0.295,0.1268,0,1,0,17,0
TXN004550,400.72,63,219,3,1290.04,0.1113,0.1194,0.1326,0,0,0,21,0
TXN004551,599.54,20,234,3,635.77,0.1716,0.1846,0.2631,0,1,0,20,0
TXN004552,1065.64,19,887,1,955.14,0.0582,0.2393,0.1187,0,0,0,0,0
TXN004553,2126.23,23,155,3,1212.8,0.0698,0.4784,0.1947,0,0,0,23,0
TXN004554,867.52,46,469,1,1623.36,0.2292,0.2412,0.178,0,0,0,22,0
TXN004555,1437.96,54,18,4,1369.62,0.2755,0.1333,0.4039,0,0,0,9,0
TXN004556,2469.24,29,29,3,1327.71,0.1294,0.4495,0.0492,0,0,0,13,0
TXN004557,375.78,26,762,2,515.46,0.3862,0.2554,0.1623,1,0,0,23,0
TXN004558,1932.78,62,86,4,1439.13,0.3971,0.1014,0.3302,0,0,0,17,0
TXN004559,3883.49,57,580,1,1612.83,0.0158,0.3839,0.2749,0,0,0,16,0
TXN004560,637.74,51,150,4,1776.24,0.3508,0.4118,0.0892,0,0,0,1,1
TXN004561,769.93,43,1212,1,662.71,0.1672,0.1395,0.1948,1,0,0,19,0
TXN004562,3946.16,39,571,2,2081.64,0.0934,0.1595,0.2658,0,1,0,6,0
TXN004563,359.62,19,406,2,436.13,0.1768,0.0887,0.1098,0,0,0,14,0
TXN004564,1739.14,27,612,4,811.13,0.2311,0.0486,0.0479,1,0,1,1,0
TXN004565,1281.72,64,1849,19,904.28,0.2258,0.2864,0.0864,0,0,0,6,1
TXN004566,1199.26,35,203,3,453.19,0.5181,0.0764,0.0575,0,0,0,10,0
TXN004567,1232.57,54,892,2,894.71,0.197,0.0228,0.4316,0,0,1,17,0
TXN004568,3547.27,54,422,4,1280.54,0.2106,0.2252,0.309,0,0,0,3,0
TXN004569,360.31,34,1,1,305.5,0.1017,0.11,0.0816,0,0,0,3,0
TXN004570,392.07,28,554,2,831.9,0.1402,0.1025,0.435,0,0,0,17,0
TXN004571,227.94,53,206,4,322.51,0.2935,0.2573,0.3298,0,1,0,18,0
TXN004572,8015.86,22,35,1,4578.27,0.0748,0.0733,0.2203,0,0,1,8,0
TXN004573,2203.99,43,72,3,1272.51,0.1255,0.4837,0.2433,0,0,0,3,0
TXN004574,1009.54,64,7,2,1197.61,0.4219,0.2375,0.0306,0,0,0,13,0
TXN004575,3480.1,54,1112,4,1290.07,0.1724,0.226,0.0485,0,0,0,21,0
TXN004576,1378.13,57,144,3,1674.32,0.1072,0.2061,0.3801,0,0,1,11,1
TXN004577,2803.98,22,1030,3,2174.84,0.0645,0.0154,0.1407,0,1,0,22,1
TXN004578,466.09,28,595,2,367.06,0.2842,0.115,0.2766,0,0,0,5,0
TXN004579,1319.97,32,52,1,2743.87,0.2327,0.2142,0.338,0,0,0,21,0
TXN004580,2468.35,33,173,5,2623.01,0.2082,0.1126,0.1617,0,0,0,21,1
TXN004581,3876.7,28,279,2,1046.87,0.1086,0.1755,0.1489,0,1,1,21,0
TXN004582,607.68,68,256,3,1009.18,0.0637,0.1805,0.2913,0,0,0,17,1
TXN004583,176.25,26,283,2,124.97,0.2239,0.1889,0.2957,0,0,0,2,0
TXN004584,243.3,54,438,3,459.07,0.1692,0.2834,0.6194,0,0,0,0,0
TXN004585,944.08,48,1294,1,1576.87,0.1067,0.2639,0.2958,0,0,0,9,0
TXN004586,1167.45,49,164,1,2541.3,0.3019,0.245,0.1156,0,0,0,9,0
TXN004587,3064.91,29,138,0,1826.55,0.1858,0.2153,0.0879,0,0,0,23,0
TXN004588,644.02,33,8,3,1040.02,0.3324,0.2443,0.1412,0,1,1,3,1
TXN004589,8478.02,49,314,1,4222.2,0.3874,0.217,0.3036,0,1,0,14,0
TXN004590,1654.74,33,460,2,2216.36,0.0808,0.0463,0.1595,0,0,1,21,0
TXN004591,893.12,54,158,2,832.41,0.3626,0.2554,0.3259,0,0,0,22,0
TXN004592,6334.31,20,66,24,5051.69,0.0728,0.1234,0.049,0,0,0,10,1
TXN004593,209.22,21,319,6,509.12,0.0926,0.2365,0.5733,0,0,0,0,0
TXN004594,437.78,55,160,4,391.39,0.159,0.2844,0.2525,0,0,0,22,0
TXN004595,989.97,50,375,2,816.66,0.2397,0.2753,0.1735,0,0,0,13,0
TXN004596,1207.08,20,1366,4,644.81,0.1479,0.3039,0.1072,0,0,0,13,0
TXN004597,501.11,64,1059,3,849.41,0.2617,0.1987,0.1144,1,0,0,12,0
TXN004598,1223.29,18,591,2,1917.28,0.2441,0.1553,0.1227,0,1,0,11,0
TXN004599,1539.12,67,589,4,1070.86,0.1717,0.0406,0.2472,0,0,0,20,0
TXN004600,2370.86,55,1120,0,1090.28,0.0454,0.5659,0.4673,0,0,0,8,0
TXN004601,824.93,69,135,3,1142.72,0.1706,0.0277,0.3058,0,0,0,15,0
TXN004602,110.17,67,572,2,217.32,0.0548,0.1376,0.4693,1,0,0,21,0
TXN004603,318.98,34,748,3,379.68,0.3301,0.0387,0.2001,0,0,0,19,0
TXN004604,479.6,57,376,3,837.38,0.1915,0.0106,0.1421,0,0,0,7,0
TXN004605,756.52,28,9,1,607.86,0.1305,0.0583,0.247,0,0,0,3,0
TXN004606,514.83,42,226,4,932.39,0.0636,0.3537,0.355,0,0,0,20,1
TXN004607,5003.97,30,1050,1,2930.39,0.0472,0.1644,0.3961,1,0,0,16,0
TXN004608,1170.08,43,851,0,1040.95,0.1502,0.1544,0.2096,0,0,0,16,0
TXN004609,755.01,63,528,6,434.62,0.1702,0.1319,0.017,1,0,0,5,0
TXN004610,166.0,40,44,3,629.44,0.0628,0.0293,0.1452,0,0,0,18,0
TXN004611,1380.8,22,345,5,3631.51,0.2488,0.1042,0.1072,1,0,0,12,0
TXN004612,6527.09,34,334,3,3205.89,0.1269,0.0761,0.1768,0,1,0,10,0
TXN004613,1120.33,58,20,10,1664.22,0.1982,0.2078,0.3573,1,0,0,22,0
TXN004614,163.98,45,185,5,367.33,0.1186,0.0899,0.1986,0,0,0,11,0
TXN004615,1215.95,47,380,3,1359.35,0.0629,0.042,0.3139,0,0,0,19,0
TXN004616,1639.06,40,462,26,1434.52,0.5134,0.4891,0.0882,0,0,1,1,1
TXN004617,1023.49,33,627,21,1116.42,0.0691,0.1002,0.2194,0,0,0,16,1
TXN004618,951.84,49,114,5,735.82,0.1039,0.1943,0.0581,0,0,0,18,0
TXN004619,1021.51,50,482,2,850.78,0.1192,0.2178,0.3159,0,0,0,0,0
TXN004620,817.53,64,207,2,700.78,0.1101,0.2202,0.329,0,0,0,16,0
TXN004621,1032.82,50,42,7,491.99,0.0681,0.1683,0.3288,0,0,0,20,0
TXN004622,2831.02,69,296,7,2853.19,0.0266,0.2547,0.152,0,0,0,10,0
TXN004623,1985.55,60,506,3,2033.72,0.2854,0.1477,0.2654,1,0,0,22,0
TXN004624,1397.02,22,219,5,898.34,0.0677,0.3111,0.1235,0,1,0,6,0
TXN004625,1901.67,38,561,3,1403.22,0.2276,0.0583,0.3052,1,0,0,19,0
TXN004626,876.75,38,445,1,1440.56,0.1731,0.2723,0.0416,1,0,0,13,0
TXN004627,5374.15,18,143,2,5653.43,0.1268,0.2561,0.4767,0,0,0,7,0
TXN004628,2570.42,27,30,2,2019.89,0.217,0.4017,0.0679,0,0,0,1,0
TXN004629,1424.51,57,450,1,1967.15,0.123,0.1646,0.4076,0,0,0,23,0
TXN004630,837.18,36,414,1,1126.18,0.1189,0.1759,0.5684,0,0,0,22,0
TXN004631,376.38,25,92,2,809.08,0.3488,0.1222,0.1954,0,0,0,2,0
TXN004632,591.33,32,62,5,2886.78,0.19,0.2418,0.5558,0,0,1,18,0
TXN004633,1409.3,32,157,6,1731.24,0.2977,0.2288,0.4342,0,0,0,8,0
TXN004634,658.08,27,432,2,613.59,0.106,0.2617,0.3234,0,0,1,18,0
TXN004635,824.87,23,94,3,1506.74,0.3118,0.0126,0.1126,0,0,0,5,0
TXN004636,4204.88,57,651,2,1970.75,0.3645,0.2717,0.4321,0,0,0,23,0
TXN004637,142.2,60,693,5,252.88,0.0628,0.1081,0.3371,0,0,0,21,0
TXN004638,949.77,43,112,12,574.98,0.063,0.029,0.1273,0,0,0,22,0
TXN004639,1779.71,50,49,6,1413.66,0.403,0.1247,0.1681,0,0,0,15,0
TXN004640,943.75,65,78,3,285.11,0.1969,0.2969,0.2885,0,0,0,4,0
TXN004641,428.64,61,1636,6,318.53,0.0819,0.0995,0.0635,0,0,0,8,0
TXN004642,409.62,19,95,1,907.48,0.3191,0.2561,0.1293,0,0,0,23,0
TXN004643,2762.75,67,76,4,1547.01,0.0514,0.0611,0.5281,1,0,0,11,1
TXN004644,4064.8,21,53,2,1597.9,0.1864,0.2592,0.0835,0,0,0,20,0
TXN004645,1252.58,19,26,7,3319.87,0.0983,0.0821,0.0708,0,0,1,19,0
TXN004646,1650.95,38,37,2,1161.64,0.1614,0.1168,0.0365,0,1,0,6,0
TXN004647,1356.03,56,1550,1,844.84,0.13,0.0639,0.2181,0,0,0,19,0
TXN004648,390.64,22,6,2,439.15,0.5984,0.3413,0.1943,0,1,0,5,1
TXN004649,221.12,33,308,2,837.78,0.1725,0.0972,0.0589,0,0,0,23,0
TXN004650,1529.19,31,52,2,1799.51,0.1221,0.1793,0.0421,0,0,0,6,0
TXN004651,1349.27,38,378,1,1857.35,0.3685,0.2869,0.0719,0,0,0,1,0
TXN004652,3061.35,69,68,2,1319.8,0.1013,0.3917,0.0971,0,0,0,9,0
TXN004653,1531.89,35,873,3,1608.38,0.1698,0.2204,0.0987,0,0,0,4,0
TXN004654,2136.02,28,1143,4,2679.72,0.2169,0.2685,0.0402,0,0,1,1,0
TXN004655,837.24,24,618,3,1155.96,0.4197,0.0337,0.0788,0,0,0,15,0
TXN004656,3416.2,28,418,6,2855.85,0.14,0.2308,0.3459,0,0,0,4,0
TXN004657,680.36,24,541,3,659.41,0.093,0.2258,0.3818,1,0,0,2,0
TXN004658,674.67,47,341,2,1041.79,0.1349,0.2018,0.0765,0,0,0,23,0
TXN004659,905.63,39,196,2,783.22,0.2304,0.262,0.0779,0,1,0,15,1
TXN004660,1405.86,43,46,15,1910.07,0.2517,0.0979,0.1194,0,0,0,15,1
TXN004661,129.56,61,585,2,539.08,0.1696,0.1092,0.4294,0,1,0,22,0
TXN004662,1264.18,48,473,3,875.47,0.0993,0.1299,0.5013,1,0,0,10,0
TXN004663,408.9,26,118,3,298.34,0.0974,0.2721,0.0867,1,0,0,4,0
TXN004664,1855.52,37,314,2,1662.48,0.0338,0.2882,0.022,1,0,0,12,0
TXN004665,2057.81,34,6,5,2624.78,0.2017,0.1133,0.0389,0,0,0,6,0
TXN004666,1993.93,60,284,5,2074.54,0.0762,0.3247,0.1605,0,0,0,19,0
TXN004667,3039.49,33,192,6,1936.89,0.3221,0.3298,0.0916,0,0,0,18,0
TXN004668,1394.21,25,24,2,1973.53,0.3387,0.1264,0.3288,1,1,0,17,0
TXN004669,2871.5,56,3,4,1789.67,0.3136,0.2718,0.0902,0,0,0,5,0
TXN004670,749.13,40,155,4,1685.94,0.3373,0.2701,0.0333,0,0,1,3,0
TXN004671,1934.74,22,891,5,1763.82,0.055,0.3476,0.2918,0,0,0,11,0
TXN004672,702.88,53,1302,8,692.99,0.2582,0.1892,0.2204,0,0,0,6,0
TXN004673,1654.64,28,1808,11,953.24,0.1488,0.3849,0.2648,0,0,0,0,0
TXN004674,694.89,63,583,3,1151.9,0.0359,0.0845,0.2772,0,0,0,11,0
TXN004675,555.36,61,534,2,866.97,0.2644,0.2297,0.1317,0,0,0,19,0
TXN004676,170.14,37,105,4,366.35,0.1279,0.2503,0.2363,0,0,0,19,0
TXN004677,338.25,46,24,17,461.97,0.349,0.1371,0.1609,0,0,0,20,1
TXN004678,1482.47,47,858,21,1288.18,0.0459,0.3934,0.2648,0,0,0,17,0
TXN004679,769.11,51,1941,4,2067.39,0.3031,0.1749,0.0208,0,0,0,3,0
TXN004680,865.18,21,256,1,1103.83,0.5012,0.5054,0.2218,0,0,0,19,0
TXN004681,10628.67,34,230,3,7595.99,0.0371,0.2908,0.0721,1,0,0,12,0
TXN004682,544.34,26,204,1,576.03,0.0769,0.4817,0.4642,0,1,0,22,0
TXN004683,1560.6,54,101,5,1497.36,0.368,0.4411,0.2555,0,0,0,22,0
TXN004684,1182.62,21,361,4,2707.66,0.1035,0.1785,0.4729,0,0,1,9,0
TXN004685,2188.45,44,967,1,2312.24,0.2757,0.2457,0.3703,0,0,0,0,1
TXN004686,1762.21,55,184,4,1734.63,0.384,0.4388,0.1218,0,0,0,13,0
TXN004687,2119.9,67,10,5,2319.66,0.1022,0.0685,0.2832,0,1,0,2,1
TXN004688,1239.94,32,590,3,1139.99,0.1519,0.1331,0.1623,0,0,0,7,0
TXN004689,2963.12,18,588,4,3512.27,0.3278,0.1469,0.2953,0,0,0,22,0
TXN004690,2095.17,55,1080,4,2692.46,0.1772,0.1841,0.0399,0,0,0,20,0
TXN004691,340.89,18,1455,5,603.92,0.368,0.1218,0.3123,1,0,0,1,0
TXN004692,2347.37,21,839,4,1373.47,0.3953,0.1442,0.235,1,0,0,23,0
TXN004693,189.09,69,198,3,371.26,0.2969,0.2702,0.1485,0,0,0,19,0
TXN004694,3470.74,62,150,5,3181.96,0.0466,0.1791,0.5117,0,0,0,2,0
TXN004695,3478.03,54,139,3,1283.01,0.0421,0.267,0.306,0,0,0,10,0
TXN004696,5166.39,61,81,0,2819.01,0.5015,0.3706,0.2308,0,0,0,0,0
TXN004697,1344.26,21,241,3,1015.82,0.352,0.1652,0.1383,1,1,0,15,0
TXN004698,343.08,22,810,3,299.05,0.1938,0.0755,0.0721,0,0,0,19,0
TXN004699,6476.16,33,339,6,6947.64,0.2563,0.3928,0.2043,1,0,0,17,0
TXN004700,732.18,19,82,3,1202.02,0.0965,0.1731,0.1506,1,0,0,11,1
TXN004701,473.54,64,6,5,544.49,0.1041,0.0584,0.1336,0,0,0,7,0
TXN004702,3355.03,20,107,2,2445.57,0.1128,0.0494,0.0648,0,0,0,20,0
TXN004703,5650.18,46,594,20,4560.1,0.1433,0.4314,0.253,0,1,0,9,1
TXN004704,1468.64,62,268,4,951.74,0.0544,0.3144,0.1357,0,0,0,10,0
TXN004705,2000.89,56,120,2,1023.04,0.1086,0.1986,0.3024,0,0,1,13,0
TXN004706,1187.35,30,51,25,1295.47,0.0772,0.2772,0.087,0,0,0,10,1
TXN004707,559.95,42,23,3,503.87,0.4797,0.2306,0.1147,0,0,0,6,0
TXN004708,237.95,46,1036,4,676.23,0.5706,0.0913,0.2377,0,1,0,10,0
TXN004709,13203.76,57,125,5,3817.49,0.1417,0.2304,0.2184,0,0,0,11,0
TXN004710,796.19,40,59,26,999.7,0.2106,0.0459,0.0564,0,0,0,7,0
TXN004711,873.18,32,646,17,610.15,0.2246,0.2223,0.1302,0,0,0,17,0
TXN004712,636.24,59,235,3,799.17,0.0507,0.2346,0.0456,0,0,0,20,0
TXN004713,1826.61,64,831,2,2323.84,0.2685,0.1572,0.096,0,0,0,7,0
TXN004714,241.42,43,64,7,275.03,0.059,0.2202,0.5044,0,0,0,10,0
TXN004715,660.79,19,953,2,1310.62,0.1362,0.4461,0.2087,0,0,0,15,0
TXN004716,1570.95,44,42,2,6145.98,0.0777,0.2243,0.0474,0,0,0,0,0
TXN004717,8600.48,64,61,3,4544.82,0.2513,0.1228,0.0848,1,0,0,14,0
TXN004718,2211.39,69,1,2,1638.02,0.0281,0.2458,0.1237,1,0,0,23,0
TXN004719,1665.35,38,498,1,2755.93,0.1269,0.1235,0.0672,1,0,0,11,0
TXN004720,3509.85,25,96,3,2737.44,0.1923,0.1177,0.2908,0,0,0,22,1
TXN004721,1579.82,47,1776,2,1004.16,0.2604,0.0573,0.2755,0,0,0,23,0
TXN004722,1431.09,61,47,2,2095.1,0.1717,0.1829,0.1564,0,0,0,2,0
TXN004723,4810.35,67,366,4,3835.32,0.0948,0.0674,0.2548,0,1,0,20,0
TXN004724,787.69,20,1054,3,452.76,0.0646,0.243,0.1945,0,0,0,13,0
TXN004725,744.39,33,77,2,1641.98,0.5074,0.2361,0.2125,0,0,0,20,0
TXN004726,1893.93,42,147,3,1412.38,0.1667,0.3399,0.2952,0,1,0,22,0
TXN004727,1440.33,23,709,4,1178.76,0.0733,0.0989,0.114,0,0,0,4,0
TXN004728,3116.58,64,1137,1,1107.92,0.2548,0.0814,0.2989,0,0,0,14,0
TXN004729,1752.04,23,301,8,1289.71,0.0253,0.1829,0.1441,0,0,0,1,0
TXN004730,1091.07,52,234,4,1367.72,0.4153,0.2676,0.0861,0,0,0,14,0
TXN004731,2039.94,65,522,1,2399.54,0.1513,0.2065,0.1741,0,0,0,2,0
TXN004732,4658.4,53,341,2,1530.82,0.0419,0.284,0.3355,0,1,0,16,1
TXN004733,796.57,57,92,3,968.25,0.1188,0.2347,0.3063,0,0,0,14,0
TXN004734,840.87,31,879,5,609.14,0.2767,0.005,0.1473,0,0,0,19,0
TXN004735,691.03,61,29,4,787.84,0.2605,0.4029,0.3149,0,0,0,4,0
TXN004736,2386.33,39,100,4,1316.61,0.1626,0.0334,0.2762,0,0,0,23,0
TXN004737,1245.91,21,487,3,668.98,0.0708,0.1289,0.465,1,0,0,22,0
TXN004738,2099.9,37,301,3,2126.25,0.101,0.4801,0.0989,0,0,0,8,0
TXN004739,1184.79,36,315,3,1481.84,0.1419,0.156,0.1959,0,0,0,10,0
TXN004740,1926.84,45,62,2,2441.75,0.1796,0.2707,0.2776,0,0,0,15,0
TXN004741,271.19,31,915,6,701.22,0.1197,0.0586,0.3305,0,0,1,13,0
TXN004742,647.79,42,128,5,612.93,0.235,0.3009,0.1735,1,0,0,7,0
TXN004743,2538.83,40,519,4,2429.01,0.1746,0.2074,0.3124,0,0,0,21,0
TXN004744,766.7,34,8,3,1201.07,0.2176,0.29,0.0546,0,0,0,11,0
TXN004745,346.92,54,309,2,951.69,0.1534,0.155,0.2159,0,1,0,2,0
TXN004746,2003.24,33,358,1,1788.37,0.0588,0.3228,0.126,0,0,0,2,0
TXN004747,2092.17,57,1420,1,1742.39,0.3606,0.1891,0.1226,0,0,0,23,0
TXN004748,565.68,31,846,3,455.3,0.1404,0.1093,0.3801,0,0,0,22,0
TXN004749,1677.04,62,1908,3,2890.69,0.0588,0.0833,0.0283,0,0,0,0,0
TXN004750,1023.46,36,133,4,822.8,0.0585,0.3938,0.2765,0,0,1,2,1
TXN004751,3267.54,20,802,2,3604.77,0.1313,0.5068,0.2521,0,0,0,6,0
TXN004752,693.66,25,185,4,431.18,0.3861,0.2918,0.2209,0,0,0,5,1
TXN004753,801.13,59,75,1,1369.47,0.109,0.0309,0.0925,0,0,0,21,0
TXN004754,1812.89,63,835,2,963.01,0.2468,0.0682,0.2657,0,0,0,2,0
TXN004755,631.33,29,476,3,275.16,0.101,0.2271,0.1932,0,0,0,11,0
TXN004756,1853.05,49,962,2,1738.44,0.0434,0.1371,0.0865,0,0,0,5,0
TXN004757,356.12,47,149,4,285.22,0.3145,0.1737,0.0316,0,0,0,3,0
TXN004758,1376.05,24,358,4,894.11,0.3072,0.0578,0.1757,0,0,0,3,0
TXN004759,1351.35,41,385,1,2375.57,0.451,0.0146,0.1361,0,0,0,22,0
TXN004760,579.13,54,154,5,756.71,0.1764,0.3995,0.3985,0,0,0,14,0
TXN004761,644.65,68,918,2,582.53,0.4112,0.2965,0.1498,0,1,0,1,1
TXN004762,5854.94,62,91,1,1920.32,0.0679,0.2142,0.1466,0,0,0,6,0
TXN004763,476.98,23,737,2,920.89,0.1087,0.0238,0.2481,0,0,0,12,0
TXN004764,2032.88,30,1495,8,825.89,0.2052,0.1757,0.069,0,0,0,10,0
TXN004765,2407.2,40,117,3,2677.11,0.1944,0.1498,0.1269,0,1,0,1,0
TXN004766,475.31,25,172,3,484.4,0.1878,0.1292,0.0787,1,0,0,23,0
TXN004767,1553.4,47,334,0,794.95,0.2398,0.1283,0.2651,0,1,0,12,0
TXN004768,6113.84,18,1954,5,2011.25,0.1237,0.1989,0.174,0,0,0,23,0
TXN004769,584.18,23,43,4,462.96,0.126,0.0681,0.107,0,0,0,14,0
TXN004770,7210.93,20,125,1,3799.95,0.2861,0.1378,0.4847,0,0,0,3,1
TXN004771,567.95,33,359,4,942.19,0.1706,0.0993,0.148,0,0,0,4,0
TXN004772,1511.66,57,42,3,2022.66,0.2482,0.1743,0.448,0,1,0,19,1
TXN004773,959.93,27,805,6,2019.7,0.1206,0.0463,0.2544,0,0,0,19,0
TXN004774,742.35,69,91,3,985.75,0.0944,0.26,0.1839,0,0,0,22,0
TXN004775,1070.17,32,21,18,784.22,0.0368,0.0926,0.1015,0,0,0,11,0
TXN004776,1195.84,20,153,2,1064.14,0.2342,0.2877,0.0506,0,0,0,19,0
TXN004777,4669.4,35,943,2,1806.02,0.2388,0.0776,0.2751,1,0,0,19,0
TXN004778,1702.06,56,86,3,549.77,0.1014,0.0237,0.0265,0,0,0,9,0
TXN004779,438.19,23,36,2,472.35,0.0774,0.0444,0.148,0,0,0,11,0
TXN004780,2132.64,21,204,1,3099.33,0.3209,0.1207,0.3104,0,0,0,11,0
TXN004781,1240.94,62,875,15,655.63,0.1921,0.6592,0.0908,0,0,0,14,0
TXN004782,2816.31,48,119,14,1405.09,0.3709,0.2418,0.1421,0,0,0,12,1
TXN004783,1213.35,35,691,6,951.9,0.313,0.1516,0.1947,0,0,0,10,0
TXN004784,1447.44,57,673,3,981.9,0.385,0.3656,0.054,0,0,0,8,0
TXN004785,4037.2,61,159,13,2984.75,0.2164,0.1525,0.1523,0,0,0,4,0
TXN004786,599.78,36,302,10,1033.16,0.0366,0.3531,0.3404,0,0,0,10,1
TXN004787,437.03,47,148,2,854.25,0.3977,0.0448,0.0669,0,1,0,21,1
TXN004788,882.89,18,128,0,907.96,0.1671,0.2195,0.1455,1,0,0,4,0
TXN004789,690.27,33,403,6,770.92,0.1098,0.0311,0.2914,1,0,0,22,0
TXN004790,798.92,48,1521,2,686.04,0.1042,0.1252,0.2874,0,0,0,14,0
TXN004791,719.25,28,215,6,773.08,0.1289,0.0838,0.2068,1,0,0,20,1
TXN004792,1376.71,69,1790,3,3513.08,0.145,0.3221,0.2628,1,0,0,18,0
TXN004793,564.72,68,258,3,1804.51,0.2132,0.0673,0.0511,0,0,0,10,0
TXN004794,1292.0,31,450,13,861.23,0.1078,0.4598,0.4007,1,0,0,7,1
TXN004795,1514.17,38,225,2,2180.17,0.3117,0.1228,0.2551,0,0,0,1,0
TXN004796,317.76,27,82,3,361.03,0.2345,0.216,0.2271,0,0,0,16,0
TXN004797,2113.47,44,19,3,2872.61,0.354,0.2315,0.1182,1,0,0,10,0
TXN004798,1643.25,24,1124,0,2715.17,0.0644,0.263,0.2957,0,1,1,15,0
TXN004799,3129.15,38,167,2,5247.12,0.2269,0.1208,0.4466,0,0,0,11,0
TXN004800,3901.03,46,1346,5,2226.28,0.1428,0.0582,0.2288,0,0,0,22,0
TXN004801,1305.75,49,258,2,1489.3,0.0936,0.0578,0.0518,0,0,0,9,0
TXN004802,3838.81,49,2,2,2707.55,0.2098,0.3438,0.1295,0,0,0,8,0
TXN004803,1080.23,29,352,3,707.64,0.1234,0.1764,0.0397,1,0,0,10,1
TXN004804,989.62,59,987,3,831.48,0.1912,0.2428,0.1796,0,1,0,10,0
TXN004805,1629.7,53,459,2,1048.41,0.437,0.2183,0.0666,0,0,1,15,0
TXN004806,2881.56,57,826,3,2858.97,0.3063,0.2638,0.0597,0,0,0,5,0
TXN004807,1275.36,42,331,4,602.38,0.3057,0.0221,0.2571,0,1,0,13,0
TXN004808,879.57,64,102,4,559.23,0.0883,0.3282,0.0956,0,1,0,19,0
TXN004809,2189.92,38,231,3,1294.11,0.3148,0.1566,0.1645,0,0,0,20,0
TXN004810,1081.48,59,433,2,1812.15,0.0907,0.2618,0.4083,0,0,0,3,0
TXN004811,774.82,28,865,1,670.38,0.1652,0.4748,0.1325,0,0,0,17,0
TXN004812,639.08,30,61,2,1753.37,0.1107,0.3186,0.1264,1,0,1,2,0
TXN004813,6176.1,45,1036,4,2858.01,0.5907,0.2986,0.2476,0,0,0,6,0
TXN004814,1803.52,46,18,6,2541.03,0.2025,0.1181,0.324,0,1,0,3,0
TXN004815,1075.69,56,3,1,1404.32,0.2833,0.1916,0.1212,0,0,0,8,0
TXN004816,485.19,33,128,4,1029.25,0.3556,0.264,0.1708,0,0,0,3,0
TXN004817,3622.74,63,581,2,3695.74,0.2083,0.2794,0.2986,0,0,0,12,0
TXN004818,956.46,35,55,1,1108.52,0.3713,0.1403,0.0896,0,0,0,7,0
TXN004819,5771.76,45,1184,1,2118.04,0.1905,0.0834,0.039,0,0,1,6,1
TXN004820,6928.35,66,585,4,4319.08,0.3344,0.1234,0.0385,0,0,0,3,1
TXN004821,1482.71,46,86,5,1967.83,0.2006,0.1386,0.1922,0,0,0,14,0
TXN004822,218.24,53,111,2,545.68,0.0163,0.1525,0.1881,0,1,0,7,0
TXN004823,131.19,65,78,1,460.67,0.1296,0.5061,0.0699,0,0,0,17,0
TXN004824,506.35,68,344,2,890.39,0.0277,0.5355,0.2866,0,0,1,7,0
TXN004825,866.52,43,603,1,1801.99,0.1394,0.4504,0.0128,0,0,1,0,0
TXN004826,1813.63,39,103,3,1497.2,0.1101,0.1119,0.1086,0,1,0,8,0
TXN004827,4746.85,28,119,13,5140.77,0.2935,0.5159,0.1914,1,0,0,1,0
TXN004828,1501.27,45,244,4,1487.03,0.2888,0.1345,0.1211,0,0,0,17,0
TXN004829,517.44,65,14,3,872.0,0.1687,0.2232,0.2122,0,0,0,14,0
TXN004830,539.3,43,1403,2,496.04,0.1508,0.1483,0.2973,0,0,1,2,0
TXN004831,1147.2,36,51,5,2505.66,0.0517,0.1601,0.1741,0,0,0,14,0
TXN004832,1040.22,23,268,1,1091.99,0.1406,0.1473,0.1912,1,0,1,17,0
TXN004833,603.25,38,358,14,382.11,0.3335,0.3163,0.3907,1,0,0,5,1
TXN004834,911.05,30,209,3,1113.86,0.1415,0.1316,0.2817,0,0,0,8,0
TXN004835,697.14,68,870,2,546.2,0.1593,0.0895,0.1165,0,0,0,9,0
TXN004836,274.45,45,191,1,814.08,0.2411,0.187,0.1343,0,1,0,9,0
TXN004837,355.29,25,193,6,1101.4,0.2015,0.2007,0.2372,1,0,0,13,0
TXN004838,696.71,21,404,1,581.94,0.0656,0.366,0.132,1,1,0,20,0
TXN004839,1386.48,62,284,4,779.51,0.1952,0.1854,0.4579,0,0,0,14,0
TXN004840,571.4,66,443,2,651.39,0.1468,0.1672,0.0648,0,0,0,21,0
TXN004841,2159.78,57,93,5,663.74,0.0329,0.0994,0.1638,0,0,1,12,0
TXN004842,244.82,24,290,0,541.52,0.1796,0.0511,0.2954,0,1,0,23,0
TXN004843,538.12,23,227,12,782.16,0.1913,0.0352,0.0197,0,0,0,1,0
TXN004844,633.18,28,227,1,586.23,0.2382,0.2886,0.3889,0,1,0,23,0
TXN004845,2134.56,57,162,4,1653.43,0.7375,0.1306,0.2516,1,0,1,21,0
TXN004846,915.45,57,274,2,1262.14,0.0716,0.2207,0.1112,0,0,0,12,0
TXN004847,1413.33,61,207,0,2530.83,0.3297,0.0435,0.3244,0,0,0,17,0
TXN004848,5778.14,23,1992,2,4108.0,0.2568,0.0758,0.0728,1,0,0,11,0
TXN004849,1895.83,25,994,2,1761.86,0.384,0.31,0.2878,0,1,0,7,0
TXN004850,1242.86,64,108,5,1502.24,0.0119,0.2595,0.2385,0,0,0,5,0
TXN004851,2422.57,66,24,3,1841.32,0.085,0.1251,0.0045,0,1,0,22,0
TXN004852,1410.39,55,39,5,1520.22,0.1128,0.2209,0.0944,0,0,0,1,0
TXN004853,1051.82,23,153,4,1135.85,0.0998,0.429,0.2371,0,1,0,10,0
TXN004854,974.92,21,329,3,1074.35,0.1587,0.1596,0.3626,0,0,0,11,0
TXN004855,341.47,20,327,2,536.37,0.4288,0.3482,0.2311,0,0,0,8,0
TXN004856,1187.65,53,244,2,1972.87,0.1739,0.2111,0.1442,0,0,0,2,0
TXN004857,803.48,61,1104,4,1072.87,0.1154,0.0751,0.0831,0,0,1,4,0
TXN004858,3078.82,50,843,18,3024.99,0.3773,0.2369,0.323,0,0,0,17,1
TXN004859,743.52,31,1064,2,2080.98,0.0808,0.1454,0.167,0,0,0,2,0
TXN004860,1189.68,57,72,4,707.57,0.2569,0.3054,0.318,0,0,0,6,0
TXN004861,2651.36,21,73,1,2624.6,0.2335,0.2399,0.0709,1,1,0,0,0
TXN004862,101.66,61,602,2,182.63,0.204,0.0637,0.1929,0,0,0,0,0
TXN004863,10303.98,64,57,3,4235.08,0.1977,0.2839,0.0771,0,0,0,5,0
TXN004864,439.69,55,565,5,429.7,0.1045,0.0792,0.1187,0,0,0,2,0
TXN004865,744.15,63,37,20,1550.88,0.2708,0.4666,0.2002,0,0,0,19,1
TXN004866,3510.94,48,344,4,1479.1,0.1613,0.1787,0.3836,0,0,0,11,0
TXN004867,5073.46,42,30,5,2408.12,0.2814,0.2919,0.1867,0,0,0,8,0
TXN004868,528.52,34,145,3,871.24,0.5,0.1208,0.0361,0,0,0,0,0
TXN004869,204.49,65,155,1,244.24,0.0642,0.2434,0.1654,0,0,0,18,0
TXN004870,678.05,54,688,5,872.1,0.2748,0.0961,0.187,0,0,0,9,0
TXN004871,332.75,27,51,2,940.66,0.0822,0.0571,0.1461,0,0,0,22,0
TXN004872,312.36,67,544,3,261.27,0.2753,0.1635,0.1679,0,0,0,1,0
TXN004873,1801.89,21,144,3,1132.02,0.3727,0.1051,0.0794,0,0,0,7,0
TXN004874,741.14,48,380,0,516.41,0.3331,0.0969,0.3195,0,0,0,21,0
TXN004875,1758.78,27,1033,2,1727.38,0.1441,0.5043,0.1485,0,0,0,2,0
TXN004876,1549.88,52,655,1,923.11,0.099,0.1434,0.0716,0,0,0,13,0
TXN004877,2317.69,39,746,5,4327.59,0.2138,0.4581,0.3688,0,0,0,8,0
TXN004878,2491.72,40,1517,5,916.6,0.1504,0.142,0.2788,0,0,0,5,0
TXN004879,969.35,52,47,1,1482.19,0.1431,0.2191,0.1513,0,0,0,9,0
TXN004880,656.74,57,1326,3,944.68,0.2469,0.3398,0.2796,1,0,1,13,1
TXN004881,256.56,37,1233,2,352.03,0.0013,0.126,0.0744,1,0,0,13,0
TXN004882,665.29,69,372,4,950.23,0.172,0.0958,0.1649,0,1,0,2,0
TXN004883,1671.36,43,861,3,1858.25,0.2744,0.106,0.2752,0,1,1,6,0
TXN004884,1471.59,26,7,4,1671.36,0.1938,0.2097,0.2734,0,0,0,1,0
TXN004885,959.12,18,337,3,893.11,0.1515,0.1595,0.1459,0,0,0,18,0
TXN004886,252.14,28,272,15,395.55,0.0445,0.1758,0.1865,0,0,0,3,1
TXN004887,1887.02,53,1821,6,1721.79,0.1859,0.0682,0.1347,1,0,0,22,1
TXN004888,807.47,46,133,3,1470.92,0.0445,0.3145,0.0558,0,0,0,4,0
TXN004889,2960.9,35,338,2,1979.08,0.064,0.0925,0.1683,1,0,0,10,1
TXN004890,1345.01,43,88,2,905.17,0.1379,0.1224,0.4076,0,0,1,20,0
TXN004891,336.22,61,349,6,337.29,0.3631,0.2503,0.1285,0,0,0,23,0
TXN004892,1114.65,47,734,4,1593.41,0.3564,0.24,0.3039,0,0,1,0,0
TXN004893,1293.0,21,550,3,1089.64,0.0201,0.3714,0.1387,0,0,0,11,0
TXN004894,1782.86,20,1,3,2904.97,0.2407,0.3558,0.178,0,1,0,11,0
TXN004895,1140.37,43,24,3,1118.91,0.0281,0.1525,0.193,0,0,1,13,0
TXN004896,977.18,39,488,2,1062.28,0.2073,0.5759,0.3667,0,0,1,3,0
TXN004897,6238.7,62,434,2,1468.62,0.4647,0.3543,0.1971,0,0,0,20,0
TXN004898,367.7,48,314,25,722.09,0.1294,0.2438,0.3831,0,0,1,22,1
TXN004899,161.0,57,124,5,698.13,0.2459,0.0649,0.2781,0,0,0,22,1
TXN004900,721.12,48,6,4,1024.0,0.2522,0.0599,0.3514,0,0,0,16,1
TXN004901,224.12,35,694,3,575.77,0.1615,0.2048,0.0703,1,0,0,9,0
TXN004902,626.38,52,425,0,934.15,0.2615,0.2083,0.077,0,0,0,10,1
TXN004903,2088.1,50,661,7,4262.85,0.1495,0.3005,0.2155,0,0,0,7,0
TXN004904,1383.5,55,606,3,2275.25,0.1989,0.125,0.149,0,0,0,18,0
TXN004905,757.43,27,324,4,1360.53,0.1344,0.0077,0.1103,0,0,0,12,0
TXN004906,5518.15,51,230,3,3249.23,0.1315,0.1461,0.1357,0,0,1,5,0
TXN004907,599.37,32,41,2,615.58,0.0233,0.0968,0.0971,0,0,0,12,0
TXN004908,11325.44,59,283,2,6268.6,0.2105,0.3047,0.3385,0,0,0,15,1
TXN004909,812.34,59,286,2,794.45,0.0439,0.1055,0.1636,1,1,0,20,0
TXN004910,7430.8,50,122,16,4458.93,0.1622,0.0746,0.0968,1,0,0,11,1
TXN004911,3764.62,67,925,9,4445.21,0.0419,0.0498,0.3095,0,0,0,16,0
TXN004912,772.59,45,490,3,321.42,0.1505,0.5469,0.2516,0,0,0,18,0
TXN004913,3967.92,19,63,3,3062.43,0.0756,0.1001,0.027,1,0,0,9,0
TXN004914,585.44,49,1193,3,898.98,0.2389,0.1926,0.3922,0,0,0,11,0
TXN004915,1035.83,58,387,4,736.88,0.0885,0.0564,0.2173,0,0,0,7,0
TXN004916,1607.04,23,145,4,1583.27,0.2356,0.1324,0.2057,0,0,0,11,0
TXN004917,484.48,23,1313,6,541.56,0.0304,0.3588,0.0563,0,0,0,19,0
TXN004918,1642.89,32,281,3,1558.37,0.1588,0.0717,0.0708,0,0,0,17,0
TXN004919,858.02,61,821,2,567.62,0.143,0.1501,0.2551,0,0,0,1,0
TXN004920,387.35,45,447,2,1241.35,0.2178,0.0351,0.1547,0,0,1,0,0
TXN004921,2302.47,68,119,4,2792.67,0.3613,0.3079,0.2957,0,0,0,10,0
TXN004922,2092.33,63,564,25,1437.36,0.1994,0.1433,0.1506,0,1,0,18,1
TXN004923,977.18,46,146,7,852.48,0.4448,0.3765,0.2767,0,0,1,19,0
TXN004924,862.19,53,177,18,1601.97,0.0923,0.0977,0.1403,0,0,0,1,0
TXN004925,111.41,35,232,3,409.72,0.1554,0.3639,0.1824,0,1,0,7,0
TXN004926,1553.56,22,214,5,609.6,0.0548,0.0627,0.1127,0,0,0,7,0
TXN004927,732.1,38,413,5,811.44,0.2982,0.1821,0.2473,0,0,0,1,0
TXN004928,4374.39,48,675,5,1902.25,0.345,0.0215,0.1387,0,0,1,3,0
TXN004929,2255.86,27,254,3,1456.89,0.5506,0.3296,0.2362,0,0,0,22,0
TXN004930,1030.84,29,318,2,1594.98,0.0633,0.1071,0.4176,0,0,0,19,0
TXN004931,271.79,18,51,2,1075.81,0.2188,0.0732,0.1279,0,0,0,8,0
TXN004932,489.87,56,335,4,631.65,0.3687,0.1704,0.3122,0,0,0,1,1
TXN004933,3044.82,64,97,8,3107.84,0.2811,0.0875,0.1621,0,0,0,4,0
TXN004934,862.13,61,177,0,672.86,0.3321,0.1484,0.0684,0,0,1,17,0
TXN004935,798.19,37,192,3,1470.46,0.341,0.1081,0.1685,0,0,0,7,0
TXN004936,1118.15,48,347,3,1013.87,0.0871,0.4177,0.1314,0,0,0,6,0
TXN004937,1793.27,67,609,3,1626.35,0.1375,0.0931,0.1787,0,0,0,9,0
TXN004938,1234.51,48,282,1,717.78,0.4197,0.183,0.0242,0,0,0,22,0
TXN004939,1935.52,33,31,2,2291.3,0.049,0.0494,0.0486,0,0,0,0,0
TXN004940,3671.34,35,1212,3,2877.84,0.3736,0.16,0.2378,0,0,0,11,0
TXN004941,2572.33,55,109,4,2194.98,0.2457,0.1807,0.2465,0,1,0,23,0
TXN004942,1982.1,41,270,18,1224.56,0.2362,0.3604,0.1689,1,1,0,4,0
TXN004943,515.15,61,1362,2,808.69,0.5233,0.4419,0.0449,1,0,0,14,0
TXN004944,1460.46,62,1199,5,7906.8,0.087,0.1281,0.3014,0,0,0,14,0
TXN004945,480.87,19,382,6,547.77,0.3149,0.3654,0.1168,0,0,0,1,0
TXN004946,1789.75,55,548,2,2032.17,0.1973,0.0253,0.2031,0,0,0,5,0
TXN004947,732.39,37,835,4,1384.3,0.0536,0.1437,0.106,0,0,0,21,0
TXN004948,457.96,45,160,1,1049.66,0.4322,0.2255,0.0852,1,0,0,13,0
TXN004949,910.08,31,549,2,1248.4,0.0491,0.1067,0.2823,0,0,1,3,0
TXN004950,720.3,37,151,1,767.28,0.0476,0.2404,0.1845,1,0,0,7,0
TXN004951,1558.41,35,608,6,1478.73,0.1554,0.1654,0.2246,1,0,0,1,0
TXN004952,389.5,20,225,4,1368.92,0.2078,0.3426,0.1746,0,0,0,22,0
TXN004953,2724.15,58,145,4,7146.35,0.1324,0.272,0.115,0,0,0,11,0
TXN004954,4319.22,25,787,1,2320.59,0.1571,0.3071,0.2008,1,0,0,0,0
TXN004955,1417.76,37,80,3,1573.59,0.1879,0.4246,0.2041,0,0,0,2,0
TXN004956,1638.53,28,480,5,1640.72,0.0328,0.1015,0.1668,0,0,0,3,0
TXN004957,1909.1,26,6,2,3974.59,0.2913,0.0418,0.0867,0,0,0,12,0
TXN004958,554.62,37,278,1,555.96,0.1197,0.2074,0.1903,0,0,0,20,0
TXN004959,784.83,65,896,2,964.96,0.0983,0.1151,0.1022,0,0,0,3,0
TXN004960,205.37,67,731,4,288.59,0.1033,0.3148,0.1756,0,0,0,10,0
TXN004961,725.7,37,331,3,1621.56,0.1585,0.0886,0.1475,0,0,0,13,0
TXN004962,1231.58,44,194,3,1985.69,0.0947,0.2463,0.4128,0,0,0,17,0
TXN004963,1615.97,69,114,4,546.25,0.0417,0.3328,0.1125,0,0,0,10,0
TXN004964,2470.92,30,72,2,2994.57,0.0683,0.2749,0.0492,0,0,0,13,0
TXN004965,1023.59,67,27,2,663.01,0.5989,0.0368,0.1643,0,0,0,13,0
TXN004966,774.53,23,160,4,862.88,0.1498,0.1088,0.1987,0,0,0,14,0
TXN004967,1004.29,29,73,5,1192.37,0.2377,0.2132,0.3566,0,0,1,12,0
TXN004968,2359.34,35,598,1,3347.39,0.2743,0.1366,0.3929,0,1,0,20,1
TXN004969,1260.62,19,1,2,601.4,0.2032,0.2101,0.1883,0,0,0,17,0
TXN004970,1650.88,60,746,2,1344.63,0.1,0.0616,0.2815,0,0,0,10,0
TXN004971,1221.83,62,110,4,1886.33,0.2081,0.1737,0.1043,0,0,0,23,0
TXN004972,1314.44,37,871,4,1632.6,0.2458,0.0199,0.3015,0,0,0,10,0
TXN004973,3027.61,61,548,5,1675.36,0.2626,0.1209,0.0962,0,0,0,17,0
TXN004974,392.23,58,92,1,1868.8,0.0421,0.0199,0.1895,0,0,0,13,0
TXN004975,882.25,59,466,2,743.74,0.1153,0.0262,0.3526,1,0,0,14,0
TXN004976,4803.63,59,1800,0,3574.02,0.3372,0.1629,0.2083,0,0,0,14,0
TXN004977,671.72,47,240,7,1014.54,0.0508,0.2311,0.1473,0,0,0,0,0
TXN004978,1006.6,23,177,3,924.55,0.2089,0.0568,0.4681,0,0,0,1,1
TXN004979,3713.05,66,552,1,2816.75,0.1334,0.3686,0.2038,0,0,0,2,0
TXN004980,358.34,49,647,4,705.29,0.1334,0.2771,0.1687,0,0,0,18,0
TXN004981,2180.39,64,341,1,1372.23,0.3833,0.1521,0.4367,0,0,0,19,0
TXN004982,778.64,67,26,1,661.17,0.176,0.3096,0.3021,1,1,0,21,0
TXN004983,5880.1,27,7,0,6396.24,0.1441,0.1339,0.4149,0,0,0,17,0
TXN004984,5847.5,38,1232,1,5519.59,0.2042,0.3611,0.1841,0,0,1,0,0
TXN004985,1497.85,28,368,1,1015.19,0.227,0.3775,0.0447,0,0,0,6,0
TXN004986,5640.7,20,161,1,1577.98,0.2474,0.1934,0.3891,1,0,1,10,0
TXN004987,1539.34,68,381,4,1100.63,0.236,0.2315,0.1467,0,0,0,17,0
TXN004988,1341.84,66,349,25,859.18,0.3228,0.188,0.484,1,1,0,13,1
TXN004989,1326.34,66,13,5,1192.42,0.0829,0.1471,0.3192,0,0,1,19,0
TXN004990,3033.55,63,44,2,1065.9,0.3912,0.4464,0.1248,0,0,0,3,0
TXN004991,168.89,51,200,6,378.24,0.1251,0.1329,0.2617,0,0,0,14,0
TXN004992,507.02,45,1868,19,1318.32,0.2985,0.1604,0.1158,0,0,0,7,0
TXN004993,1158.13,69,185,2,1064.64,0.2518,0.1243,0.2554,1,0,0,2,0
TXN004994,1961.8,46,444,2,1364.5,0.3622,0.363,0.1523,0,0,0,16,0
TXN004995,252.07,51,28,0,1038.71,0.2536,0.2002,0.2066,0,0,0,13,0
TXN004996,850.54,29,193,2,852.15,0.4581,0.2779,0.3291,1,0,0,10,0
TXN004997,1832.01,56,196,2,2023.2,0.1806,0.0822,0.0544,0,0,0,7,0
TXN004998,2398.22,60,540,5,1592.71,0.0659,0.0507,0.0859,0,0,0,16,0
TXN004999,3688.73,53,148,1,2913.86,0.2517,0.2697,0.02,0,0,0,21,0
TXN005000,573.52,43,1125,13,1550.47,0.1129,0.0735,0.205,0,0,0,8,1
TXN005001,527.23,28,57,3,954.97,0.1163,0.1964,0.2344,0,0,0,16,0
TXN005002,1083.56,19,922,20,1688.74,0.4085,0.0418,0.2201,0,0,0,18,1
TXN005003,411.57,50,56,9,274.12,0.1338,0.222,0.1581,0,0,1,1,0
TXN005004,5876.0,53,881,5,4781.82,0.3612,0.0521,0.139,1,0,0,13,0
TXN005005,944.51,58,286,4,1328.85,0.133,0.3058,0.1918,0,0,0,18,0
TXN005006,5478.68,67,2110,2,5059.99,0.061,0.2101,0.1757,0,1,0,1,1
TXN005007,333.47,43,39,4,596.73,0.2597,0.0749,0.1231,0,0,0,0,0
TXN005008,1548.36,61,435,7,501.52,0.2732,0.1139,0.0998,0,0,0,8,0
TXN005009,1942.98,55,1599,1,1416.7,0.0593,0.2485,0.3356,0,0,0,1,0
TXN005010,2178.02,32,365,4,1413.43,0.0926,0.0873,0.0454,1,1,0,19,1
TXN005011,2963.18,61,1259,1,1389.6,0.057,0.2927,0.2715,0,0,0,11,0
TXN005012,2184.22,20,67,3,1248.97,0.1957,0.0653,0.0435,1,0,1,18,0
TXN005013,718.85,49,176,5,706.5,0.1341,0.2497,0.0722,0,0,0,6,0
TXN005014,350.21,66,157,4,387.71,0.1882,0.0642,0.2026,1,0,0,1,0
TXN005015,2715.58,52,340,3,1337.03,0.1209,0.0187,0.1452,0,0,0,18,0
TXN005016,453.4,66,225,0,446.83,0.2668,0.36,0.0756,1,0,0,10,0
TXN005017,277.03,20,13,0,418.26,0.1975,0.352,0.0397,0,0,0,21,0
TXN005018,2478.0,45,460,3,840.13,0.2911,0.0553,0.1822,0,0,0,2,0
TXN005019,885.99,58,197,7,1482.46,0.3924,0.0485,0.0852,0,0,0,1,0
TXN005020,1698.23,51,1327,4,4409.12,0.2291,0.2841,0.1806,0,0,0,15,0
TXN005021,3757.5,63,144,3,2176.52,0.1761,0.1626,0.2146,0,0,0,16,0
TXN005022,2000.33,42,628,5,2990.67,0.2107,0.2328,0.0552,0,0,1,17,0
TXN005023,2201.44,53,343,4,1732.92,0.2204,0.4126,0.1967,0,0,0,8,0
TXN005024,3851.68,39,989,3,1417.71,0.2825,0.1836,0.277,0,1,0,22,1
TXN005025,2974.67,63,109,4,6336.32,0.2593,0.1678,0.4172,0,0,0,6,0
TXN005026,424.75,24,49,1,434.42,0.1382,0.2439,0.1948,0,0,0,9,0
TXN005027,1856.81,31,72,1,821.18,0.3775,0.1359,0.2243,0,0,0,11,0
TXN005028,1261.95,23,43,3,867.29,0.1624,0.0462,0.394,0,0,0,10,0
TXN005029,1856.76,54,469,26,2049.78,0.1977,0.1035,0.2831,0,1,0,14,1
TXN005030,2057.02,30,167,3,552.72,0.3092,0.0933,0.0548,0,0,0,15,0
TXN005031,1775.75,34,759,19,1871.32,0.2094,0.1736,0.1779,0,0,0,14,1
TXN005032,2046.81,61,337,4,1645.43,0.421,0.1748,0.2782,0,0,0,7,0
TXN005033,4800.56,36,1215,3,1937.87,0.0683,0.0812,0.1818,0,0,0,4,0
TXN005034,3281.75,25,186,4,1913.44,0.2682,0.191,0.1731,0,0,0,23,0
TXN005035,6659.3,19,112,3,3218.99,0.2807,0.1777,0.0844,0,0,0,13,0
TXN005036,646.0,29,548,2,1059.5,0.4907,0.5169,0.164,0,0,0,0,0
TXN005037,3123.18,65,1,4,1589.4,0.1021,0.1691,0.187,0,1,0,0,0
TXN005038,718.88,46,1547,1,654.86,0.0614,0.0653,0.2145,0,0,0,22,0
TXN005039,370.36,69,7,2,558.16,0.0564,0.3249,0.3235,0,0,0,18,0
TXN005040,4261.81,29,380,2,3772.07,0.1595,0.015,0.1049,0,0,0,19,0
TXN005041,689.63,36,465,2,621.12,0.106,0.1991,0.1334,0,0,0,1,0
TXN005042,4799.98,26,774,1,1718.0,0.2133,0.071,0.0732,0,0,0,18,0
TXN005043,1961.46,38,160,5,1590.38,0.2849,0.3753,0.2457,0,0,0,14,0
TXN005044,1624.64,47,276,1,2496.1,0.1243,0.1561,0.3006,0,0,0,21,0
TXN005045,196.95,60,123,3,343.52,0.1656,0.063,0.3261,0,0,0,5,0
TXN005046,1993.76,37,55,3,2046.42,0.0339,0.0887,0.1635,0,0,0,16,0
TXN005047,502.14,58,629,5,1052.98,0.282,0.1932,0.323,0,0,1,13,0
TXN005048,486.2,50,505,2,720.59,0.2915,0.1028,0.3739,0,0,0,15,0
TXN005049,804.42,33,1136,5,920.05,0.3073,0.1535,0.2657,0,0,1,11,0
TXN005050,1796.69,65,153,1,2265.93,0.2962,0.1757,0.0568,0,1,0,16,0
TXN005051,2728.94,40,104,1,1829.63,0.2628,0.3309,0.1617,0,0,0,1,1
TXN005052,668.24,25,103,0,1002.7,0.0985,0.1043,0.2972,0,0,0,6,0
TXN005053,126.99,68,10,6,494.04,0.0639,0.3166,0.13,0,0,0,6,0
TXN005054,205.38,65,470,0,519.06,0.2115,0.1257,0.1542,0,0,0,18,0
TXN005055,1839.63,20,1,1,1857.75,0.187,0.4495,0.0691,0,0,1,20,1
TXN005056,324.68,64,216,1,448.35,0.1452,0.4934,0.2739,0,0,0,0,0
TXN005057,511.38,67,273,4,1009.58,0.1811,0.3911,0.4029,0,0,0,8,0
TXN005058,21034.07,61,316,3,7163.48,0.3458,0.3774,0.067,0,0,1,4,0
TXN005059,2386.31,31,1508,2,1512.76,0.1451,0.3264,0.3224,0,0,0,4,0
TXN005060,1785.47,50,1,18,1843.78,0.3197,0.1286,0.3345,0,0,0,13,1
TXN005061,593.23,45,87,28,521.8,0.0652,0.1822,0.2438,0,1,0,22,1
TXN005062,401.44,50,590,2,464.47,0.2569,0.0456,0.4741,0,0,0,19,0
TXN005063,960.52,50,704,2,1914.24,0.3519,0.2403,0.0857,0,0,0,15,0
TXN005064,1586.44,51,868,1,899.96,0.1034,0.3388,0.1788,0,0,0,12,0
TXN005065,3982.9,44,607,1,2493.73,0.077,0.2012,0.3329,0,0,0,2,0
TXN005066,408.57,53,158,5,1212.2,0.1492,0.0311,0.1563,0,0,0,3,0
TXN005067,14972.82,45,555,5,13219.57,0.3275,0.1733,0.1588,0,0,0,23,1
TXN005068,948.26,18,842,6,787.9,0.1382,0.1118,0.0752,0,1,0,8,0
TXN005069,1206.45,19,706,4,1439.99,0.283,0.1284,0.3834,0,0,1,19,0
TXN005070,1993.39,67,59,1,628.98,0.2317,0.2382,0.3868,0,0,0,9,0
TXN005071,7231.96,65,116,4,2422.26,0.1824,0.1621,0.046,0,0,0,18,0
TXN005072,1300.79,48,74,14,1600.96,0.3177,0.0599,0.3816,0,0,0,2,1
TXN005073,530.92,27,856,2,600.14,0.2083,0.1627,0.2207,0,0,0,6,0
TXN005074,781.14,58,340,2,941.9,0.1914,0.3997,0.4198,0,0,0,4,0
TXN005075,2195.25,25,172,1,3072.62,0.0827,0.2487,0.0616,0,0,0,21,0
TXN005076,1702.37,37,80,2,2824.81,0.0288,0.1939,0.2676,0,0,0,2,0
TXN005077,577.49,35,36,4,437.0,0.2197,0.1038,0.1637,0,0,0,22,0
TXN005078,2496.42,18,563,3,848.8,0.5887,0.3072,0.1623,0,0,0,12,0
TXN005079,9872.64,59,40,2,4208.99,0.3711,0.2375,0.0925,0,0,1,18,0
TXN005080,1614.89,44,390,4,1046.26,0.1378,0.0608,0.2357,1,0,0,0,0
TXN005081,355.84,34,132,2,1337.28,0.1441,0.0284,0.1523,0,0,0,12,0
TXN005082,865.54,44,66,4,2413.55,0.1414,0.239,0.1025,0,0,0,23,0
TXN005083,831.12,18,1,3,462.89,0.1558,0.1606,0.0786,0,0,0,9,0
TXN005084,1484.55,40,202,4,609.24,0.1701,0.1672,0.2847,0,0,0,21,0
TXN005085,1271.52,45,242,19,937.68,0.1609,0.2847,0.1053,0,0,0,11,1
TXN005086,2310.38,35,1086,2,2733.22,0.2333,0.4082,0.1257,0,0,0,18,0
TXN005087,5052.31,61,201,1,2401.47,0.1226,0.3119,0.1996,0,0,0,5,0
TXN005088,2946.32,30,72,3,1946.59,0.1894,0.2659,0.1522,1,0,0,15,0
TXN005089,1994.57,25,425,4,1066.98,0.2957,0.1991,0.0043,0,0,0,13,0
TXN005090,934.1,45,18,5,2593.33,0.2658,0.1403,0.1121,0,0,0,8,0
TXN005091,1276.64,64,1312,3,1056.96,0.0893,0.2914,0.2591,1,1,1,1,0
TXN005092,4677.84,37,933,3,1762.66,0.3468,0.1855,0.2059,0,0,0,20,0
TXN005093,2976.56,20,592,3,2227.04,0.1968,0.1487,0.2243,0,0,0,13,0
TXN005094,6498.38,68,1119,4,3857.5,0.2728,0.076,0.1991,1,0,0,6,0
TXN005095,1153.53,41,273,10,1130.68,0.1524,0.1411,0.1292,0,0,0,10,0
TXN005096,967.31,26,798,2,912.49,0.0674,0.1007,0.1825,0,0,0,12,0
TXN005097,6297.72,50,291,3,2911.88,0.1972,0.193,0.4518,0,0,0,5,0
TXN005098,2125.82,34,2351,4,3072.65,0.2728,0.1458,0.1703,0,0,0,2,0
TXN005099,527.12,66,342,2,804.03,0.0829,0.2204,0.3144,0,0,0,8,0
TXN005100,417.16,33,384,0,542.66,0.2296,0.0743,0.1906,0,0,0,10,0
TXN005101,2796.77,46,333,3,2760.93,0.057,0.3665,0.0756,0,1,0,23,1
TXN005102,153.74,46,438,5,372.71,0.1554,0.241,0.1538,0,0,0,18,0
TXN005103,537.6,30,1624,3,359.62,0.144,0.1324,0.2433,0,1,0,22,0
TXN005104,890.57,43,63,13,974.76,0.119,0.1277,0.1722,1,0,0,4,0
TXN005105,1884.16,23,87,3,1178.16,0.2852,0.0206,0.1405,0,0,0,3,0
TXN005106,162.8,51,329,3,522.19,0.2403,0.3487,0.4601,0,1,0,13,0
TXN005107,2052.76,57,346,2,1280.88,0.1859,0.4398,0.2858,0,0,0,12,0
TXN005108,2756.79,67,202,3,1321.51,0.1049,0.2301,0.6204,0,0,0,12,0
TXN005109,997.18,34,58,4,783.47,0.2442,0.0523,0.1181,0,0,0,16,0
TXN005110,4628.26,32,683,5,4552.47,0.1552,0.1461,0.3439,0,0,0,3,0
TXN005111,2384.38,46,126,3,1481.53,0.3552,0.0252,0.2557,0,1,0,11,0
TXN005112,4862.11,54,717,18,2416.18,0.1693,0.2801,0.3117,0,0,0,1,1
TXN005113,527.56,69,1986,3,395.7,0.1579,0.0155,0.2159,0,0,0,22,0
TXN005114,546.38,19,1125,0,393.31,0.0476,0.0946,0.1859,0,0,0,23,1
TXN005115,3764.47,30,102,4,1513.29,0.1103,0.0729,0.1765,0,0,0,21,0
TXN005116,6106.06,31,130,4,4017.44,0.167,0.2229,0.238,0,0,0,4,0
TXN005117,348.24,31,176,1,540.8,0.265,0.1598,0.2633,0,0,0,3,0
TXN005118,2433.33,42,606,3,1212.41,0.3581,0.3724,0.2406,0,0,0,19,1
TXN005119,431.55,63,700,3,461.94,0.1584,0.1142,0.1229,0,0,0,13,0
TXN005120,675.38,19,22,3,663.13,0.1669,0.1839,0.2675,0,0,0,19,0
TXN005121,1331.37,60,242,3,1255.36,0.1014,0.0269,0.3569,0,0,0,10,0
TXN005122,1323.52,50,966,19,776.79,0.1057,0.0133,0.4464,0,1,0,11,1
TXN005123,1150.56,49,392,2,439.72,0.2894,0.1328,0.2192,0,0,0,2,1
TXN005124,438.73,53,399,3,432.88,0.2468,0.0702,0.3925,0,0,0,14,0
TXN005125,758.99,24,127,2,292.89,0.4115,0.2541,0.0371,0,0,0,16,0
TXN005126,1675.94,56,237,2,1530.9,0.122,0.1363,0.2748,0,0,0,16,0
TXN005127,3602.92,30,536,1,1666.21,0.3675,0.0976,0.4145,0,0,0,21,0
TXN005128,1851.82,44,583,5,1660.36,0.1745,0.4064,0.1439,0,1,0,22,1
TXN005129,442.63,53,904,3,580.32,0.1137,0.2216,0.2634,0,0,0,18,0
TXN005130,6382.53,49,45,5,2217.57,0.2049,0.2582,0.2308,1,0,1,15,0
TXN005131,1301.68,34,465,3,1798.57,0.065,0.1394,0.207,0,0,0,20,0
TXN005132,768.9,38,374,3,1102.25,0.217,0.0261,0.0326,0,0,0,17,0
TXN005133,492.45,42,66,8,982.62,0.0784,0.3848,0.1221,0,0,0,16,0
TXN005134,1397.75,20,313,2,696.19,0.099,0.0175,0.5286,0,0,0,22,0
TXN005135,2868.11,55,316,3,1254.53,0.1174,0.0281,0.1221,0,0,0,5,0
TXN005136,4176.78,23,58,3,3401.85,0.0733,0.2595,0.1824,0,0,0,22,0
TXN005137,1415.69,41,183,1,2432.07,0.0514,0.2539,0.1216,0,0,0,3,0
TXN005138,913.17,52,1157,3,916.58,0.1197,0.3834,0.1219,0,0,0,6,0
TXN005139,1353.7,22,958,0,1598.84,0.2281,0.0745,0.1984,0,0,0,1,0
TXN005140,287.79,69,666,2,507.25,0.2693,0.1536,0.1578,0,0,0,7,0
TXN005141,1397.1,37,182,3,1828.13,0.1765,0.5102,0.1356,0,1,1,11,1
TXN005142,809.61,18,285,2,613.02,0.2725,0.0777,0.0559,0,0,0,20,0
TXN005143,1274.53,52,1460,3,1777.88,0.3652,0.0641,0.1446,1,0,0,23,0
TXN005144,10288.73,46,1096,2,8763.5,0.2426,0.131,0.0783,0,0,0,17,0
TXN005145,277.0,51,789,1,735.82,0.2983,0.2901,0.0124,0,0,0,8,0
TXN005146,21365.05,57,191,2,8484.21,0.3307,0.361,0.2971,0,1,0,2,1
TXN005147,1246.59,42,86,4,1546.03,0.2976,0.0605,0.2771,0,0,0,3,0
TXN005148,1047.22,60,74,0,648.89,0.0998,0.1758,0.2238,0,0,0,21,0
TXN005149,697.12,37,13,3,628.4,0.0492,0.2699,0.0649,0,0,0,16,0
TXN005150,7164.14,46,340,4,5741.46,0.3958,0.1928,0.0883,0,0,0,16,0
TXN005151,830.89,26,398,15,1548.58,0.1476,0.2516,0.0181,0,0,1,5,0
TXN005152,485.6,50,1242,3,737.81,0.0976,0.1588,0.19,0,0,0,9,0
TXN005153,633.82,31,422,11,951.06,0.2851,0.132,0.106,0,0,0,23,0
TXN005154,1503.4,54,107,1,1482.59,0.3125,0.1395,0.339,0,0,0,12,0
TXN005155,2260.36,59,683,8,1089.96,0.059,0.0167,0.0198,0,0,1,1,0
TXN005156,1772.98,62,116,3,1397.07,0.2723,0.2652,0.1513,0,0,0,16,0
TXN005157,2313.09,66,976,17,3795.33,0.261,0.1062,0.3264,0,0,0,20,1
TXN005158,522.41,24,24,3,497.91,0.17,0.1921,0.1196,0,0,0,10,0
TXN005159,1647.3,25,132,3,1722.0,0.1934,0.1334,0.095,0,0,0,18,0
TXN005160,859.19,66,1812,2,1042.08,0.2762,0.0313,0.0892,0,0,0,12,0
TXN005161,766.77,37,191,4,773.3,0.0752,0.3144,0.0983,0,0,0,21,0
TXN005162,3535.34,19,1,3,2322.78,0.1785,0.223,0.2837,1,0,0,17,0
TXN005163,265.35,32,165,2,394.26,0.2496,0.243,0.1109,0,1,0,3,0
TXN005164,172.99,61,209,2,209.24,0.2852,0.3761,0.2647,0,0,1,5,0
TXN005165,2202.48,36,122,2,1283.28,0.2033,0.3189,0.1353,0,0,1,17,0
TXN005166,1288.46,21,563,1,995.53,0.4053,0.1299,0.0397,0,0,0,6,0
TXN005167,859.64,55,345,1,425.39,0.081,0.2251,0.2191,0,0,0,20,0
TXN005168,729.48,28,501,2,331.16,0.0944,0.1449,0.186,0,0,0,4,0
TXN005169,2004.49,36,480,4,4236.29,0.131,0.2359,0.4684,0,0,0,2,0
TXN005170,1776.99,18,6,5,1516.42,0.3452,0.2605,0.2794,0,0,1,5,0
TXN005171,840.82,49,102,2,1111.82,0.3974,0.1372,0.1474,0,0,0,0,0
TXN005172,2636.94,41,904,3,5098.35,0.1367,0.2988,0.115,0,0,0,5,0
TXN005173,1453.0,63,970,1,2242.72,0.1787,0.26,0.0384,0,0,0,23,0
TXN005174,3206.94,35,301,4,3783.84,0.1995,0.0283,0.3246,0,0,0,7,0
TXN005175,408.32,28,214,1,480.12,0.1402,0.1951,0.0354,0,0,0,1,0
TXN005176,334.97,26,239,1,467.7,0.4872,0.3258,0.032,0,1,0,5,0
TXN005177,1676.48,28,242,5,1689.1,0.1126,0.1376,0.4206,0,0,0,6,0
TXN005178,5629.66,41,1117,3,1465.79,0.293,0.0974,0.134,0,0,0,21,0
TXN005179,1018.3,22,9,3,2630.06,0.1393,0.1401,0.3619,1,0,0,7,0
TXN005180,654.52,38,402,4,350.18,0.1707,0.0508,0.0704,0,1,0,0,0
TXN005181,1776.52,62,186,4,1794.57,0.1759,0.1819,0.063,0,0,0,20,1
TXN005182,1722.71,57,937,1,2191.82,0.3056,0.1171,0.2796,0,0,1,0,0
TXN005183,695.97,51,544,2,2111.85,0.3788,0.156,0.2155,0,0,0,0,0
TXN005184,1254.93,64,265,23,824.94,0.2981,0.0242,0.2911,0,0,0,19,1
TXN005185,713.73,58,564,2,1576.61,0.085,0.3129,0.2275,1,0,0,8,0
TXN005186,1004.64,51,1765,2,637.17,0.2566,0.59,0.2415,0,0,0,1,0
TXN005187,2327.78,62,170,2,893.31,0.5592,0.2731,0.3972,0,0,0,15,0
TXN005188,260.97,24,478,6,528.45,0.3301,0.2049,0.1704,0,0,0,9,0
TXN005189,1226.02,60,1218,1,644.8,0.2722,0.1379,0.2269,0,0,0,4,0
TXN005190,939.47,33,721,4,926.42,0.1507,0.221,0.0121,0,0,0,11,0
TXN005191,245.8,56,49,4,777.7,0.0368,0.1372,0.2832,0,1,0,0,0
TXN005192,332.35,65,685,6,644.74,0.0988,0.1082,0.3126,1,0,0,6,0
TXN005193,487.02,43,451,4,441.55,0.097,0.2331,0.2824,0,0,0,15,0
TXN005194,5396.02,22,905,3,4327.59,0.1912,0.0597,0.2367,0,0,0,21,0
TXN005195,323.83,37,278,1,772.48,0.1175,0.2065,0.4021,0,0,0,13,1
TXN005196,1405.87,39,303,5,1381.57,0.2461,0.2317,0.1585,0,0,0,4,0
TXN005197,503.55,66,711,2,320.13,0.0781,0.4057,0.2351,0,0,0,10,0
TXN005198,4912.66,67,167,4,2836.58,0.2345,0.1858,0.2092,0,1,0,1,1
TXN005199,982.35,47,376,2,1232.76,0.3115,0.0526,0.4178,0,0,0,16,0
TXN005200,1022.95,67,986,2,803.75,0.1337,0.1562,0.0588,0,0,0,3,0
TXN005201,1458.61,40,31,1,808.68,0.1498,0.3222,0.3209,0,0,0,6,0
TXN005202,3220.97,39,476,4,2015.43,0.0917,0.2908,0.1934,1,0,0,9,1
TXN005203,226.59,61,1687,4,138.77,0.1608,0.1806,0.088,0,0,0,23,0
TXN005204,655.56,52,360,3,615.89,0.3058,0.0405,0.2658,0,0,0,12,0
TXN005205,957.82,45,654,2,1008.93,0.0527,0.124,0.1729,0,0,0,20,0
TXN005206,1162.39,41,1367,2,1000.82,0.1165,0.1215,0.1852,0,0,0,20,0
TXN005207,4161.56,54,178,3,6334.2,0.0739,0.0927,0.0319,0,0,0,19,0
TXN005208,1596.13,57,18,2,865.83,0.4882,0.2913,0.1682,0,0,0,2,1
TXN005209,945.24,43,8,3,2193.29,0.2813,0.12,0.2561,0,1,0,7,0
TXN005210,2953.63,19,153,4,3897.77,0.3052,0.2071,0.0708,0,0,0,0,0
TXN005211,1719.0,23,1921,1,1753.61,0.1001,0.2001,0.2009,0,0,0,17,0
TXN005212,885.94,25,177,3,684.25,0.177,0.1291,0.088,0,0,0,6,0
TXN005213,640.66,42,1286,5,446.24,0.2564,0.0726,0.1841,1,0,0,22,0
TXN005214,4191.18,49,170,2,1847.88,0.0431,0.3218,0.0563,1,0,0,21,0
TXN005215,3620.19,59,641,6,3468.64,0.1165,0.1179,0.3163,0,0,0,7,0
TXN005216,1082.77,30,13,2,1607.08,0.0738,0.3256,0.0526,0,0,0,4,0
TXN005217,2401.01,58,370,1,2600.38,0.2218,0.2876,0.1125,1,0,0,20,0
TXN005218,5645.95,52,277,1,6730.22,0.0159,0.1982,0.13,0,0,0,8,0
TXN005219,2623.13,20,28,2,1970.74,0.4622,0.1688,0.3305,0,0,0,5,0
TXN005220,282.23,36,799,4,507.53,0.3172,0.3417,0.1221,0,0,1,16,1
TXN005221,1032.0,33,348,9,1136.54,0.0903,0.25,0.0508,0,0,0,15,0
TXN005222,6985.66,64,100,1,2861.64,0.4933,0.1055,0.1434,0,0,0,3,0
TXN005223,1017.16,65,459,1,921.36,0.2282,0.3459,0.0718,0,0,0,7,0
TXN005224,1763.19,60,567,2,3146.34,0.1197,0.0984,0.2498,0,1,0,2,0
TXN005225,868.06,45,115,6,1046.43,0.1143,0.0863,0.3638,1,1,1,12,0
TXN005226,405.82,43,86,0,1385.81,0.0731,0.0997,0.1293,0,0,1,18,0
TXN005227,830.57,34,450,4,857.89,0.0747,0.1418,0.1612,0,0,0,15,0
TXN005228,3034.8,58,843,0,1226.2,0.2532,0.0845,0.0583,0,0,1,9,0
TXN005229,662.54,22,757,4,1272.47,0.187,0.0828,0.1451,0,0,0,9,0
TXN005230,159.68,32,278,1,355.68,0.1541,0.0753,0.0236,0,0,0,4,0
TXN005231,562.05,25,307,3,805.03,0.3954,0.192,0.1561,0,0,1,1,0
TXN005232,767.76,43,392,3,462.55,0.095,0.2888,0.1745,0,0,0,14,0
TXN005233,2106.06,33,13,2,824.7,0.3081,0.4067,0.0494,0,0,1,11,1
TXN005234,804.24,28,559,7,628.53,0.2137,0.2671,0.4028,0,0,0,17,0
TXN005235,1097.76,37,529,4,2226.7,0.2085,0.0311,0.1062,0,0,0,4,0
TXN005236,2217.55,62,1202,4,2244.82,0.1457,0.3162,0.1374,0,0,0,21,0
TXN005237,4343.3,47,2288,2,1623.28,0.0642,0.2322,0.1128,0,0,0,7,0
TXN005238,380.56,60,183,6,451.53,0.0983,0.0914,0.1306,0,0,0,13,0
TXN005239,1106.07,65,156,3,1023.83,0.1663,0.203,0.1505,0,0,0,9,0
TXN005240,487.49,64,241,2,427.08,0.3348,0.1677,0.4589,0,0,0,12,0
TXN005241,422.7,36,99,2,989.2,0.1442,0.3087,0.0479,0,0,0,12,0
TXN005242,2987.12,63,85,5,1725.37,0.2888,0.2172,0.1456,0,0,0,18,0
TXN005243,3512.35,65,296,24,2196.18,0.0779,0.2601,0.0935,1,0,0,9,1
TXN005244,510.07,67,793,5,1526.89,0.0726,0.265,0.5162,0,0,0,0,0
TXN005245,1272.92,36,764,4,2646.33,0.1542,0.0839,0.0955,0,0,0,14,0
TXN005246,771.62,29,177,2,1315.31,0.0584,0.0653,0.1611,1,0,0,21,0
TXN005247,1405.43,48,23,5,931.23,0.2789,0.3537,0.1058,0,0,0,9,0
TXN005248,1337.36,66,51,2,2021.43,0.1265,0.3729,0.1548,0,0,0,6,0
TXN005249,2579.31,64,88,2,2068.41,0.1946,0.3981,0.1931,0,0,0,9,0
TXN005250,687.53,47,492,3,759.82,0.3432,0.2711,0.056,0,0,0,16,0
TXN005251,1486.88,25,188,4,1429.8,0.1409,0.1118,0.0831,0,0,0,1,0
TXN005252,1172.33,39,965,6,892.46,0.3343,0.0489,0.2232,0,0,0,23,0
TXN005253,312.24,55,390,4,268.8,0.1913,0.2435,0.3432,0,0,0,22,0
TXN005254,1476.81,47,62,2,1492.3,0.0737,0.1182,0.3398,0,0,0,10,0
TXN005255,530.45,35,18,1,443.12,0.1536,0.1441,0.0736,0,0,0,12,0
TXN005256,1554.78,35,426,1,1379.89,0.0729,0.2189,0.1463,0,1,0,19,0
TXN005257,333.61,21,19,4,374.39,0.3053,0.201,0.1551,0,0,0,6,0
TXN005258,522.72,33,223,1,662.64,0.2792,0.1302,0.3485,0,0,0,20,0
TXN005259,2277.25,52,137,8,809.55,0.0301,0.1856,0.0906,1,0,0,23,0
TXN005260,1993.64,30,260,1,2543.27,0.1155,0.3228,0.0696,0,0,0,16,0
TXN005261,1601.0,69,287,12,754.87,0.1672,0.0843,0.3934,1,0,0,22,0
TXN005262,354.5,22,587,4,516.73,0.1274,0.057,0.1739,0,0,0,12,0
TXN005263,2209.76,48,115,1,1415.22,0.1061,0.1914,0.1377,0,0,0,3,0
TXN005264,2512.88,43,1672,1,942.11,0.2235,0.0296,0.0768,1,0,0,22,0
TXN005265,1584.09,61,642,3,1907.2,0.1156,0.0711,0.1028,0,0,0,12,0
TXN005266,374.14,64,201,4,540.06,0.369,0.1004,0.3344,0,0,0,3,0
TXN005267,1003.77,46,2,1,1271.05,0.3471,0.1192,0.3153,0,0,0,12,0
TXN005268,6112.22,50,177,2,6177.67,0.7309,0.1422,0.1666,0,1,0,9,0
TXN005269,1107.14,54,551,3,927.51,0.1035,0.1093,0.2558,0,0,0,15,0
TXN005270,1222.57,45,127,4,1249.77,0.1464,0.3484,0.3243,0,1,0,0,1
TXN005271,272.13,27,90,18,342.84,0.1537,0.3905,0.1004,0,0,0,6,0
TXN005272,1768.55,40,748,4,603.6,0.0489,0.0635,0.2644,0,0,0,9,0
TXN005273,1355.01,30,670,0,1512.93,0.1663,0.1702,0.124,0,0,0,23,0
TXN005274,618.94,42,1271,6,870.5,0.0975,0.2876,0.2382,0,0,0,3,0
TXN005275,2662.14,49,101,3,1685.98,0.2706,0.0264,0.1785,0,0,0,7,0
TXN005276,2351.94,28,575,5,1476.54,0.0756,0.2527,0.3003,0,0,0,9,0
TXN005277,947.9,30,117,5,435.89,0.0846,0.2506,0.091,0,0,0,12,0
TXN005278,6444.87,60,982,4,2232.14,0.0536,0.2737,0.0404,1,0,1,17,1
TXN005279,555.89,37,1121,3,459.49,0.1821,0.3065,0.3302,0,0,0,16,0
TXN005280,547.86,28,510,3,641.98,0.125,0.0506,0.2442,1,0,0,0,0
TXN005281,452.33,55,25,4,1287.73,0.1458,0.1416,0.1058,0,0,0,1,0
TXN005282,1960.78,55,358,3,3284.32,0.1741,0.1686,0.2319,0,0,0,22,1
TXN005283,609.11,60,47,7,543.1,0.324,0.2455,0.3145,0,0,0,9,0
TXN005284,635.15,57,33,4,1216.07,0.3302,0.2113,0.0567,0,0,0,0,0
TXN005285,511.53,69,87,1,1223.19,0.2244,0.1262,0.0787,0,1,0,21,0
TXN005286,1801.47,47,710,3,1737.41,0.1107,0.1833,0.1008,0,0,0,5,0
TXN005287,3850.81,32,258,4,2511.97,0.0793,0.1055,0.3069,0,0,1,20,0
TXN005288,721.68,62,1297,5,826.46,0.0458,0.1408,0.0634,0,0,0,18,1
TXN005289,3646.52,31,487,6,2226.74,0.1465,0.2814,0.1525,0,0,0,7,0
TXN005290,3906.3,33,133,2,2782.83,0.3158,0.54,0.057,1,0,0,4,0
TXN005291,7192.9,61,752,2,3822.93,0.2173,0.0661,0.4165,0,0,0,14,0
TXN005292,5149.93,63,98,0,1558.29,0.5313,0.1494,0.2817,0,0,0,10,1
TXN005293,5156.02,35,77,0,1224.4,0.2758,0.1831,0.1669,1,0,0,2,1
TXN005294,1176.4,55,165,3,786.66,0.2308,0.221,0.1169,0,0,0,18,0
TXN005295,306.68,65,994,25,394.93,0.1198,0.1197,0.0559,0,0,1,19,1
TXN005296,933.97,59,2576,3,902.74,0.2132,0.1764,0.0718,0,0,0,14,0
TXN005297,2818.41,18,7,4,1186.35,0.1718,0.0965,0.4154,0,0,0,1,1
TXN005298,621.47,52,407,17,1015.72,0.3988,0.103,0.2782,0,1,0,13,0
TXN005299,3694.56,26,198,2,1666.37,0.125,0.0953,0.035,0,0,1,13,0
TXN005300,360.91,62,862,3,396.26,0.1208,0.2968,0.302,0,0,0,3,0
TXN005301,1093.94,21,637,8,965.47,0.2758,0.1063,0.149,0,1,0,15,0
TXN005302,2841.57,69,54,2,4430.81,0.0215,0.0925,0.0358,0,0,0,1,0
TXN005303,1063.02,27,202,2,2201.55,0.3707,0.1544,0.2855,0,0,0,8,0
TXN005304,1448.05,39,12,30,1688.06,0.3432,0.2865,0.0394,0,0,0,2,1
TXN005305,2951.69,30,78,6,1441.55,0.2378,0.0684,0.3237,1,0,0,2,1
TXN005306,577.16,60,424,1,849.12,0.1783,0.0845,0.0617,0,0,0,4,0
TXN005307,779.8,38,409,3,321.23,0.0952,0.2712,0.0593,0,0,0,16,0
TXN005308,1102.03,56,1247,12,1510.19,0.1465,0.1098,0.3009,0,0,0,13,0
TXN005309,109.79,21,298,4,197.57,0.3357,0.1303,0.368,0,0,0,1,0
TXN005310,1003.86,41,56,1,873.15,0.1763,0.214,0.502,1,0,0,13,0
TXN005311,1589.11,65,388,2,1093.83,0.2401,0.159,0.18,1,1,0,3,0
TXN005312,889.28,66,529,3,801.89,0.2647,0.4962,0.1487,0,0,0,17,0
TXN005313,5447.94,28,127,4,5013.89,0.284,0.151,0.0437,0,0,0,3,0
TXN005314,9496.4,38,109,6,3932.54,0.1153,0.2102,0.2569,0,0,0,0,0
TXN005315,2380.75,39,486,2,2259.66,0.155,0.1953,0.1637,0,1,0,21,0
TXN005316,442.99,47,24,2,573.79,0.1487,0.2609,0.0894,0,0,0,13,0
TXN005317,2257.15,45,1188,3,4209.04,0.2483,0.309,0.1893,0,0,0,17,0
TXN005318,3407.65,23,478,2,1691.34,0.4543,0.1535,0.1589,0,0,0,23,0
TXN005319,448.76,57,187,5,567.14,0.1626,0.0418,0.3733,0,0,0,22,0
TXN005320,936.78,29,215,2,1122.04,0.4124,0.0919,0.1919,1,0,0,21,0
TXN005321,3825.85,34,141,5,2145.23,0.0559,0.1892,0.1304,0,0,0,23,0
TXN005322,2231.81,61,15,3,721.11,0.0981,0.099,0.0845,0,0,0,9,1
TXN005323,1389.37,53,724,1,1210.0,0.3482,0.2131,0.0311,0,0,0,2,0
TXN005324,1269.25,38,107,23,1368.59,0.018,0.0943,0.3286,1,0,0,22,0
TXN005325,505.88,65,325,1,507.45,0.1355,0.1256,0.101,0,0,0,3,0
TXN005326,706.55,38,108,1,907.72,0.3558,0.0095,0.2228,0,0,0,16,0
TXN005327,439.86,47,612,4,534.95,0.0921,0.2447,0.1085,0,0,0,0,0
TXN005328,1661.21,30,183,8,2014.38,0.0922,0.1398,0.3518,0,0,0,3,0
TXN005329,958.4,27,166,3,580.77,0.1105,0.0346,0.187,0,0,0,18,0
TXN005330,1281.48,43,317,2,1345.15,0.1819,0.0539,0.166,0,0,0,16,0
TXN005331,875.25,47,320,14,414.42,0.2256,0.1584,0.3365,1,0,0,17,0
TXN005332,465.28,59,1344,4,496.01,0.0949,0.0221,0.4293,0,0,0,18,0
TXN005333,391.83,38,330,5,479.47,0.1199,0.3395,0.1476,0,0,0,17,0
TXN005334,1808.28,64,76,6,895.42,0.2451,0.3383,0.1403,0,0,0,17,0
TXN005335,1259.06,49,66,3,1244.22,0.0885,0.5034,0.1346,0,0,0,10,0
TXN005336,1320.53,21,1222,1,1415.63,0.1859,0.3491,0.1633,0,0,0,3,0
TXN005337,323.08,56,1231,4,317.17,0.5624,0.0975,0.2984,0,0,0,15,0
TXN005338,2183.34,47,237,3,974.53,0.0621,0.1359,0.3003,0,1,0,4,0
TXN005339,767.35,38,416,4,648.46,0.3928,0.2657,0.2465,0,0,0,1,0
TXN005340,3168.9,42,104,7,1593.88,0.349,0.2911,0.0369,0,0,0,1,0
TXN005341,799.2,33,6,3,909.28,0.0224,0.0881,0.0933,0,0,0,12,0
TXN005342,1886.71,49,174,4,1036.31,0.2809,0.0298,0.2067,0,0,0,10,0
TXN005343,741.94,47,709,3,651.02,0.0631,0.0531,0.1012,0,0,0,6,0
TXN005344,5959.07,41,315,2,3667.46,0.3321,0.3402,0.1236,0,0,0,16,0
TXN005345,759.87,32,145,21,446.52,0.1535,0.0673,0.1015,0,0,0,0,0
TXN005346,493.88,38,154,2,828.97,0.2402,0.1186,0.3891,0,0,0,12,0
TXN005347,1230.16,43,939,1,1182.42,0.1016,0.0215,0.2754,1,0,0,1,0
TXN005348,1556.99,42,112,1,919.7,0.1636,0.2147,0.0631,0,0,0,10,0
TXN005349,1187.15,34,56,3,642.42,0.0787,0.1601,0.0985,0,0,0,2,0
TXN005350,614.75,48,414,3,308.53,0.4723,0.2938,0.0741,0,1,0,15,1
TXN005351,715.9,29,118,3,675.83,0.227,0.0545,0.163,0,0,0,22,0
TXN005352,1307.07,44,1512,3,560.28,0.0242,0.2409,0.2679,0,1,0,4,1
TXN005353,2474.99,24,378,0,3552.68,0.262,0.383,0.1667,0,0,0,17,0
TXN005354,2352.34,42,2340,1,5352.33,0.2306,0.372,0.1635,1,0,0,7,0
TXN005355,908.47,58,12,11,1058.33,0.2672,0.2198,0.2963,0,0,0,18,1
TXN005356,791.86,60,631,4,410.21,0.2454,0.3142,0.1381,0,0,1,5,0
TXN005357,1011.53,54,2146,0,1838.36,0.0787,0.0681,0.1028,0,1,0,0,1
TXN005358,245.88,56,162,3,551.83,0.6288,0.2091,0.2233,0,0,1,9,0
TXN005359,289.83,21,580,4,746.64,0.1716,0.1707,0.2549,0,0,0,14,0
TXN005360,1058.46,35,247,2,706.13,0.1684,0.0685,0.2203,1,1,0,23,0
TXN005361,348.44,52,18,5,772.51,0.102,0.0363,0.2814,0,0,0,7,0
TXN005362,1157.09,59,459,2,855.51,0.1957,0.1546,0.1346,0,0,0,21,0
TXN005363,365.07,48,163,13,437.27,0.3193,0.2279,0.2952,0,0,0,19,0
TXN005364,439.12,62,29,27,670.88,0.2121,0.1929,0.3365,1,0,0,19,1
TXN005365,1292.93,32,200,3,2239.39,0.2916,0.3061,0.1274,0,0,0,0,1
TXN005366,1199.87,25,195,2,1071.17,0.1468,0.0654,0.1935,1,0,0,1,0
TXN005367,790.71,22,36,2,1197.17,0.1667,0.2227,0.1444,0,0,0,21,0
TXN005368,229.22,48,160,2,229.85,0.1105,0.2053,0.0419,0,0,0,17,1
TXN005369,2655.06,52,609,6,2129.09,0.1732,0.2738,0.2561,0,0,0,9,1
TXN005370,950.61,32,799,1,678.67,0.4846,0.1314,0.5306,0,1,0,11,0
TXN005371,4026.51,58,675,3,2408.54,0.0534,0.1591,0.3083,0,0,1,10,0
TXN005372,1337.55,56,427,3,1221.69,0.1555,0.2947,0.3747,0,0,0,13,0
TXN005373,415.3,36,1592,2,739.94,0.1321,0.1126,0.2293,0,0,0,6,0
TXN005374,437.77,30,160,2,338.85,0.16,0.1624,0.0854,0,0,0,5,0
TXN005375,7210.58,56,190,4,5026.06,0.0618,0.192,0.3385,0,0,1,0,0
TXN005376,1741.35,52,493,2,1924.21,0.0454,0.1857,0.582,0,0,0,11,1
TXN005377,1712.66,26,298,0,2006.51,0.073,0.0968,0.0082,1,0,0,7,0
TXN005378,15283.47,31,1188,4,3917.38,0.135,0.2721,0.3125,0,0,0,17,0
TXN005379,629.98,43,657,5,1282.88,0.1809,0.0459,0.0473,0,0,0,17,0
TXN005380,3707.83,44,639,2,2826.18,0.1633,0.1843,0.0143,0,0,0,23,0
TXN005381,1394.53,26,935,3,784.46,0.1441,0.1646,0.1124,0,0,0,0,0
TXN005382,1523.26,67,502,0,1837.76,0.2326,0.1798,0.2761,0,0,0,5,0
TXN005383,643.07,38,305,8,705.52,0.1213,0.1954,0.0383,0,0,0,8,0
TXN005384,618.0,37,352,2,770.7,0.2219,0.1653,0.3245,0,0,0,19,1
TXN005385,1173.82,21,1114,0,1173.68,0.2659,0.1023,0.2344,0,0,0,3,0
TXN005386,740.66,63,6,1,451.61,0.1221,0.1462,0.1441,0,0,0,18,0
TXN005387,1238.41,30,234,6,1381.05,0.508,0.1524,0.2566,0,0,0,11,0
TXN005388,4877.83,69,635,6,881.5,0.1477,0.1801,0.0576,0,0,0,0,0
TXN005389,212.66,43,431,2,272.79,0.0757,0.0959,0.0383,0,1,1,16,0
TXN005390,1698.11,63,38,0,796.03,0.0686,0.0671,0.0881,0,0,0,12,0
TXN005391,1161.68,27,935,1,861.32,0.153,0.1913,0.0304,0,0,0,18,0
TXN005392,2114.65,26,260,2,1992.18,0.077,0.0318,0.0358,0,0,0,11,0
TXN005393,3006.58,59,483,7,1338.95,0.4166,0.3376,0.2971,0,0,1,20,0
TXN005394,1252.87,60,11,2,3020.66,0.0575,0.0116,0.2562,0,0,0,19,1
TXN005395,1994.05,46,633,2,1578.26,0.2839,0.2168,0.0235,1,0,0,15,0
TXN005396,501.81,19,723,3,744.14,0.0962,0.4099,0.1377,0,0,0,0,0
TXN005397,828.28,67,95,2,1052.74,0.1953,0.4928,0.5051,1,0,0,17,0
TXN005398,658.99,38,165,2,859.51,0.1256,0.0564,0.1853,0,0,0,0,0
TXN005399,908.21,66,170,2,1543.15,0.1291,0.3793,0.1882,0,1,0,12,0
TXN005400,460.8,63,2583,8,1143.53,0.4587,0.1493,0.0653,0,0,0,19,0
TXN005401,874.66,62,136,19,706.28,0.1353,0.2311,0.1542,0,0,0,3,0
TXN005402,1064.0,53,1782,3,1103.26,0.1623,0.1997,0.0538,0,0,0,14,1
TXN005403,1283.7,53,162,1,1514.48,0.1002,0.2099,0.5728,0,0,1,18,0
TXN005404,823.08,45,241,0,542.13,0.0882,0.2229,0.2832,0,0,0,21,0
TXN005405,1755.43,19,408,3,1369.1,0.0831,0.2454,0.1414,1,0,0,13,0
TXN005406,313.61,38,898,3,363.19,0.132,0.2063,0.1411,0,0,0,19,0
TXN005407,12732.44,55,803,3,2377.73,0.2483,0.2487,0.3264,0,0,0,22,0
TXN005408,2776.43,60,383,5,1586.09,0.2455,0.0433,0.5028,0,0,0,23,0
TXN005409,13162.65,47,358,1,3430.63,0.1676,0.1198,0.316,0,0,0,17,1
TXN005410,399.48,54,25,2,501.89,0.1914,0.0729,0.1638,0,0,0,17,0
TXN005411,2781.51,19,328,4,2424.59,0.3377,0.1912,0.1427,0,0,0,10,0
TXN005412,1068.49,42,338,2,2111.27,0.1094,0.0267,0.4015,0,0,0,17,0
TXN005413,804.86,44,910,1,965.3,0.0361,0.0604,0.1311,1,0,0,2,0
TXN005414,611.05,64,175,6,842.48,0.5034,0.0665,0.1891,0,1,0,6,0
TXN005415,2664.91,34,230,14,513.06,0.3416,0.3447,0.0223,1,0,0,3,1
TXN005416,292.09,29,679,5,427.49,0.3777,0.2664,0.1288,0,0,0,14,0
TXN005417,569.88,36,125,26,648.16,0.302,0.0791,0.1678,0,1,0,11,1
TXN005418,204.68,26,666,3,455.3,0.4159,0.3683,0.2462,0,1,0,22,1
TXN005419,4494.25,47,49,4,3350.97,0.266,0.1208,0.2232,0,0,0,9,0
TXN005420,233.56,51,360,4,383.2,0.315,0.2718,0.1363,0,0,0,1,0
TXN005421,2017.12,59,23,1,1217.1,0.4199,0.1756,0.0628,0,0,0,9,0
TXN005422,556.36,68,1426,8,1487.71,0.0172,0.0714,0.3042,0,0,0,5,0
TXN005423,1317.32,21,902,2,1408.46,0.3405,0.2495,0.3673,0,0,0,17,0
TXN005424,542.68,30,518,3,1497.72,0.1412,0.2254,0.3462,0,0,0,7,0
TXN005425,1624.08,33,304,0,2127.03,0.2797,0.1454,0.1442,0,0,0,17,0
TXN005426,685.32,30,1421,2,802.6,0.1519,0.0538,0.2057,1,0,0,10,0
TXN005427,838.67,61,161,2,1165.94,0.0882,0.1141,0.3161,0,0,0,4,0
TXN005428,678.16,25,280,3,892.93,0.3577,0.2589,0.1657,0,0,0,23,0
TXN005429,4655.99,19,44,14,2729.21,0.209,0.1939,0.2379,0,0,0,9,1
TXN005430,15769.86,62,287,6,4769.07,0.0752,0.2938,0.3536,1,0,0,18,0
TXN005431,572.99,67,537,3,475.44,0.2901,0.4434,0.2075,0,0,0,22,1
TXN005432,164.88,29,473,26,264.6,0.1359,0.1235,0.269,0,0,0,20,1
TXN005433,1691.95,35,1102,4,1633.36,0.2302,0.1093,0.2924,0,1,0,23,0
TXN005434,1909.15,44,1454,4,2319.86,0.2156,0.138,0.1226,1,0,0,19,0
TXN005435,7037.8,45,658,3,4315.14,0.1478,0.1266,0.4465,0,0,0,0,1
TXN005436,2153.49,69,102,6,1838.17,0.4453,0.3855,0.191,1,0,0,5,1
TXN005437,1223.24,39,417,6,2913.31,0.2065,0.1879,0.1743,0,0,0,6,0
TXN005438,6411.88,18,1952,4,3505.34,0.1934,0.1198,0.2989,0,0,0,20,0
TXN005439,5203.6,39,1851,3,3057.47,0.2397,0.2759,0.11,0,0,0,3,1
TXN005440,4624.29,46,603,2,2032.07,0.2275,0.1952,0.1791,0,0,0,23,0
TXN005441,336.44,44,228,3,446.95,0.0398,0.378,0.035,0,0,0,21,0
TXN005442,1286.5,44,183,3,1090.23,0.3354,0.3036,0.1168,0,0,0,22,0
TXN005443,705.14,65,100,1,1352.93,0.0621,0.0258,0.2373,0,0,0,14,0
TXN005444,994.21,59,41,1,1022.63,0.2148,0.1485,0.0921,0,0,0,12,0
TXN005445,1328.32,31,535,5,1067.77,0.2884,0.367,0.0237,0,1,1,19,0
TXN005446,2315.15,36,621,23,3284.8,0.1261,0.1625,0.077,0,0,0,17,1
TXN005447,779.38,52,380,2,645.62,0.2606,0.2453,0.1114,0,0,0,0,0
TXN005448,2104.3,39,1473,0,1918.57,0.0203,0.1748,0.0918,0,0,0,23,0
TXN005449,1068.59,40,1090,4,1368.55,0.076,0.3668,0.2567,0,0,0,6,0
TXN005450,1297.68,26,926,12,601.68,0.0862,0.197,0.0882,1,0,0,16,0
TXN005451,453.7,31,756,3,516.14,0.1495,0.0711,0.3016,1,0,0,22,0
TXN005452,358.58,56,574,3,333.31,0.0836,0.2556,0.2241,0,0,0,11,0
TXN005453,687.53,61,95,2,1540.56,0.1399,0.0825,0.0091,0,0,0,6,0
TXN005454,1395.88,58,202,3,1049.14,0.0572,0.0142,0.1759,0,0,0,14,1
TXN005455,473.27,34,625,3,615.21,0.3376,0.2491,0.2153,1,0,0,23,0
TXN005456,499.29,25,505,3,294.93,0.4387,0.2811,0.093,0,0,0,7,0
TXN005457,721.81,26,259,4,1484.6,0.3694,0.0806,0.2126,0,0,0,0,0
TXN005458,1230.62,38,19,0,971.06,0.2279,0.3246,0.1579,0,0,0,9,0
TXN005459,200.39,44,205,6,665.42,0.091,0.0973,0.5048,1,0,0,21,0
TXN005460,783.6,64,925,25,558.45,0.0274,0.2741,0.2623,0,0,0,9,1
TXN005461,842.91,64,316,3,927.97,0.1112,0.0692,0.1112,0,0,0,11,0
TXN005462,1898.16,18,202,3,1523.85,0.1907,0.1626,0.3134,0,0,0,6,0
TXN005463,625.73,54,1091,4,870.45,0.2209,0.1576,0.0584,0,0,0,15,0
TXN005464,283.13,33,812,3,477.25,0.1547,0.3438,0.204,0,0,0,7,0
TXN005465,829.1,28,336,4,1052.91,0.2356,0.0247,0.1832,1,1,0,8,1
TXN005466,2533.84,46,59,4,2279.89,0.1529,0.2692,0.3372,0,1,0,14,1
TXN005467,1548.9,19,460,4,1127.98,0.2021,0.0342,0.0401,0,1,0,1,1
TXN005468,1359.69,35,933,7,1150.44,0.2121,0.0732,0.2956,0,1,0,7,1
TXN005469,521.55,46,271,2,873.08,0.4916,0.2803,0.4182,0,0,0,1,1
TXN005470,1616.4,32,105,0,588.3,0.3489,0.2656,0.3995,0,0,0,20,1
TXN005471,690.23,48,879,2,574.77,0.1262,0.0346,0.1397,1,0,0,5,0
TXN005472,243.33,41,498,1,342.65,0.0193,0.0418,0.0751,0,0,1,3,0
TXN005473,3165.86,59,669,4,2507.04,0.4396,0.1574,0.2008,1,0,0,14,0
TXN005474,1745.0,27,417,2,1515.83,0.227,0.1254,0.0859,0,0,0,22,0
TXN005475,1055.01,20,485,1,1161.82,0.2656,0.1393,0.3163,0,0,0,16,0
TXN005476,1148.11,45,49,1,1348.72,0.2509,0.1096,0.2239,0,0,1,15,0
TXN005477,2390.72,31,1021,1,1390.85,0.0404,0.3214,0.4513,0,1,0,7,0
TXN005478,1696.18,54,313,0,655.77,0.0896,0.0727,0.3853,0,0,0,13,0
TXN005479,285.01,22,190,2,873.33,0.1602,0.2409,0.3989,0,0,1,0,0
TXN005480,1548.2,47,156,5,786.86,0.1321,0.2538,0.2334,0,0,0,17,0
TXN005481,6431.47,69,693,6,6361.36,0.2853,0.1529,0.4855,0,0,0,13,0
TXN005482,2551.21,22,263,3,2239.8,0.3543,0.1106,0.1714,0,0,0,8,0
TXN005483,2593.91,33,459,6,1233.38,0.325,0.1406,0.0368,0,0,1,11,0
TXN005484,662.52,61,181,4,2853.18,0.0925,0.185,0.2366,0,1,0,16,0
TXN005485,4088.43,45,281,0,2611.77,0.0691,0.094,0.2874,0,0,0,18,0
TXN005486,844.72,27,145,2,417.23,0.1411,0.2059,0.2604,1,0,0,23,0
TXN005487,642.43,29,687,4,938.24,0.1034,0.3137,0.1142,0,0,0,3,0
TXN005488,503.66,57,1091,5,1084.17,0.2433,0.02,0.0931,0,0,0,5,0
TXN005489,4146.54,62,52,2,1682.56,0.3203,0.1403,0.2997,1,0,0,8,0
TXN005490,356.81,36,398,3,937.49,0.2551,0.0911,0.4972,1,0,0,17,0
TXN005491,1288.57,42,349,29,1023.55,0.0319,0.2772,0.1839,0,0,0,10,1
TXN005492,1393.77,58,289,1,793.98,0.0912,0.089,0.1622,0,0,0,18,0
TXN005493,2842.34,27,1102,5,2285.3,0.2618,0.1319,0.3409,0,0,0,20,0
TXN005494,544.69,28,819,2,399.28,0.2949,0.2519,0.294,1,0,0,23,0
TXN005495,702.81,58,267,3,813.1,0.1528,0.3316,0.4102,0,0,0,23,0
TXN005496,389.13,27,329,2,301.7,0.0926,0.0246,0.1874,1,0,0,13,0
TXN005497,361.26,58,55,5,533.39,0.0982,0.3624,0.3076,0,0,0,21,0
TXN005498,995.86,43,12,2,1369.26,0.0294,0.2646,0.1758,0,0,0,21,0
TXN005499,1414.96,69,524,2,1387.57,0.0752,0.1159,0.1184,0,0,0,12,0
TXN005500,377.61,19,134,2,880.74,0.221,0.1555,0.1771,0,0,0,5,1
TXN005501,3308.21,67,220,2,2408.57,0.2821,0.2246,0.1298,0,0,0,9,0
TXN005502,723.01,29,947,2,2829.43,0.1095,0.1624,0.1956,0,0,0,3,0
TXN005503,1275.49,19,210,1,1044.76,0.4454,0.0345,0.1962,0,0,0,18,0
TXN005504,1680.06,55,1130,26,1306.76,0.1014,0.2617,0.2031,0,0,1,3,1
TXN005505,516.06,45,437,4,798.89,0.3001,0.2276,0.3915,1,0,0,9,1
TXN005506,862.76,61,511,2,1700.74,0.0633,0.0448,0.1482,0,0,1,22,0
TXN005507,379.81,23,228,25,475.4,0.2296,0.3026,0.2559,0,0,0,16,0
TXN005508,5480.25,22,929,2,3854.84,0.3764,0.0822,0.0282,0,0,0,15,0
TXN005509,2945.77,47,13,4,2435.7,0.073,0.0763,0.0204,1,0,0,9,0
TXN005510,257.09,63,863,1,473.78,0.1714,0.1765,0.441,0,0,0,3,1
TXN005511,669.02,39,344,3,631.24,0.0539,0.3888,0.1183,0,0,0,6,0
TXN005512,1700.96,59,513,3,1472.73,0.2434,0.1611,0.2182,0,0,1,0,0
TXN005513,976.51,65,1641,0,865.43,0.4053,0.2782,0.01,0,0,0,17,0
TXN005514,933.18,63,507,1,1605.55,0.104,0.2206,0.21,0,0,0,2,0
TXN005515,928.95,44,471,6,852.71,0.2581,0.4043,0.2387,0,0,0,19,1
TXN005516,5282.36,54,201,2,3188.7,0.0475,0.552,0.2179,0,0,0,11,0
TXN005517,1481.99,45,79,3,1103.03,0.1108,0.0935,0.2381,0,0,0,19,0
TXN005518,7485.35,53,168,5,5969.32,0.3292,0.0487,0.1007,0,0,0,10,0
TXN005519,4127.17,47,1150,4,1672.16,0.1424,0.3641,0.0578,0,0,0,15,0
TXN005520,467.64,45,1922,6,426.42,0.0827,0.1764,0.2456,0,1,1,5,0
TXN005521,2973.51,40,287,2,4724.64,0.3719,0.1859,0.1578,0,0,0,11,0
TXN005522,1491.84,51,135,2,2366.28,0.0645,0.3123,0.3431,0,0,1,11,0
TXN005523,1576.43,57,282,3,1430.96,0.2875,0.314,0.2598,0,0,0,5,0
TXN005524,782.11,65,1353,0,1724.42,0.1841,0.1355,0.2991,0,0,0,12,0
TXN005525,402.07,49,31,1,477.07,0.2668,0.1474,0.2452,0,0,0,23,0
TXN005526,400.31,23,40,5,310.11,0.0594,0.3106,0.0706,0,0,0,6,0
TXN005527,2028.2,48,281,21,1065.05,0.2307,0.2193,0.2759,1,0,0,21,0
TXN005528,1231.43,34,846,3,2878.83,0.2003,0.312,0.1857,0,0,0,21,0
TXN005529,1527.65,19,1495,3,1446.64,0.2133,0.1732,0.2554,0,0,0,12,0
TXN005530,3494.31,21,700,6,3627.94,0.1887,0.1244,0.1595,0,0,0,0,1
TXN005531,2822.79,48,245,5,2765.16,0.1041,0.2494,0.0657,1,0,0,20,0
TXN005532,1202.66,67,155,1,1112.57,0.0734,0.1565,0.1962,0,0,0,16,0
TXN005533,2468.12,44,438,5,2511.49,0.0657,0.1,0.1884,0,0,0,8,0
TXN005534,6846.77,41,270,4,3183.76,0.3316,0.0866,0.48,1,0,0,15,0
TXN005535,2055.08,22,242,2,1036.78,0.1758,0.1837,0.204,0,0,0,13,0
TXN005536,3069.18,53,1288,6,944.22,0.0932,0.1935,0.1545,0,0,0,17,1
TXN005537,1202.91,20,144,3,1209.93,0.3034,0.3334,0.2564,0,0,0,12,0
TXN005538,161.71,61,1025,2,202.69,0.1931,0.4144,0.1256,0,0,0,12,0
TXN005539,783.71,60,425,1,1334.49,0.1444,0.2507,0.2106,0,0,0,14,0
TXN005540,1364.6,69,149,4,1815.85,0.2365,0.1104,0.133,1,0,0,0,0
TXN005541,1797.54,32,341,4,1213.37,0.3024,0.2344,0.1672,1,0,0,8,0
TXN005542,2250.62,26,282,24,1395.87,0.1355,0.156,0.2798,0,0,0,22,1
TXN005543,1542.41,33,77,3,1063.76,0.0968,0.1486,0.2214,0,0,0,11,0
TXN005544,188.03,59,37,0,270.99,0.1835,0.0709,0.2445,0,0,0,10,0
TXN005545,2443.84,29,227,4,3511.56,0.1744,0.0953,0.1886,0,0,0,9,0
TXN005546,2486.36,64,1041,16,847.69,0.3081,0.2534,0.1535,0,0,0,9,0
TXN005547,450.32,26,294,1,711.63,0.0658,0.0285,0.1345,0,0,0,8,0
TXN005548,6183.73,20,3,3,2837.24,0.1729,0.0612,0.3691,0,0,0,22,0
TXN005549,2717.88,29,257,2,2175.67,0.0451,0.3682,0.0538,0,1,0,6,1
TXN005550,887.33,57,45,1,1327.62,0.2973,0.3084,0.0985,0,0,0,0,0
TXN005551,979.55,49,370,2,1879.12,0.0207,0.0965,0.0156,0,0,0,20,0
TXN005552,334.49,36,23,3,488.58,0.1277,0.1803,0.1078,0,0,0,6,0
TXN005553,1303.84,52,167,5,1036.26,0.1217,0.0813,0.1784,1,0,0,18,1
TXN005554,1645.92,51,1195,5,2714.46,0.5123,0.2187,0.4845,0,0,0,14,0
TXN005555,1605.08,46,783,3,682.66,0.3753,0.2718,0.2316,0,0,0,14,0
TXN005556,486.31,44,633,3,545.21,0.2586,0.3488,0.0056,0,0,0,16,0
TXN005557,1703.21,23,1288,0,1158.66,0.1665,0.4635,0.2601,0,0,0,2,1
TXN005558,1656.2,31,310,5,1177.84,0.3107,0.0829,0.2166,0,0,1,5,0
TXN005559,4210.54,45,42,4,1725.55,0.3593,0.4307,0.013,0,0,0,20,0
TXN005560,328.46,25,464,1,417.92,0.3032,0.3965,0.1123,0,0,0,16,0
TXN005561,195.15,42,1456,5,184.09,0.3072,0.0051,0.061,0,0,0,12,0
TXN005562,966.9,24,224,2,2089.88,0.1864,0.2282,0.3868,0,0,0,0,0
TXN005563,543.83,58,647,3,513.84,0.1321,0.1715,0.0329,1,0,0,2,0
TXN005564,1339.45,23,182,5,715.52,0.1402,0.0325,0.3037,0,0,0,15,0
TXN005565,268.39,22,165,5,237.87,0.1575,0.0991,0.1998,0,0,0,20,0
TXN005566,8006.49,51,879,6,2244.05,0.0863,0.1621,0.0863,0,0,0,8,0
TXN005567,1865.11,29,533,3,1401.41,0.4621,0.139,0.3444,0,0,0,14,0
TXN005568,1012.23,36,2399,3,1362.58,0.0389,0.0941,0.3095,0,0,0,22,0
TXN005569,1742.52,34,215,4,1356.17,0.1364,0.1147,0.041,0,1,0,12,0
TXN005570,115.93,29,43,3,259.27,0.1095,0.1424,0.1059,0,0,0,11,0
TXN005571,354.58,57,1409,2,550.26,0.1109,0.2032,0.2919,0,0,0,20,0
TXN005572,409.29,53,530,3,799.34,0.0324,0.084,0.4168,0,0,0,11,0
TXN005573,655.07,30,962,3,649.29,0.1775,0.1981,0.1722,1,0,0,12,0
TXN005574,877.13,53,448,4,906.82,0.2825,0.0363,0.145,0,0,0,19,0
TXN005575,2527.91,55,987,1,1302.89,0.254,0.3882,0.1581,0,0,0,4,0
TXN005576,2100.69,46,343,3,2218.32,0.3265,0.0948,0.0625,1,0,0,12,0
TXN005577,224.18,48,96,7,389.11,0.3809,0.2448,0.208,0,0,0,10,0
TXN005578,2569.43,66,322,3,1089.87,0.1708,0.289,0.3875,0,0,1,20,0
TXN005579,357.28,41,106,1,1804.58,0.1972,0.1009,0.1265,0,0,0,2,0
TXN005580,586.57,38,340,16,574.29,0.1273,0.2302,0.2744,0,0,0,8,0
TXN005581,1079.98,46,33,2,958.16,0.1865,0.3314,0.1453,1,0,0,8,0
TXN005582,1511.61,61,840,6,1520.18,0.2104,0.0872,0.4144,0,0,0,13,0
TXN005583,1455.2,54,391,15,1105.27,0.1611,0.087,0.0555,0,0,0,4,0
TXN005584,1868.36,21,439,0,1758.01,0.359,0.499,0.2578,0,0,0,23,0
TXN005585,1542.41,41,218,3,1171.79,0.4117,0.0218,0.2064,0,0,0,7,0
TXN005586,633.0,56,297,1,881.56,0.2664,0.3697,0.2201,0,0,0,10,0
TXN005587,216.29,29,1400,4,482.56,0.1074,0.138,0.1867,0,1,0,0,1
TXN005588,1270.95,69,237,2,1303.77,0.1334,0.0782,0.0906,0,0,0,13,0
TXN005589,668.74,60,463,4,1176.13,0.4919,0.4996,0.1238,0,0,0,2,0
TXN005590,366.62,62,547,6,547.31,0.1725,0.1373,0.0568,1,0,0,23,0
TXN005591,3122.08,22,988,2,1648.2,0.1766,0.1536,0.2154,0,0,0,0,0
TXN005592,6275.73,48,280,2,2663.9,0.2893,0.163,0.1243,0,0,0,20,0
TXN005593,1295.2,45,367,1,690.86,0.3297,0.105,0.0904,0,0,0,7,0
TXN005594,1115.68,50,451,3,658.96,0.111,0.1207,0.1393,0,1,0,5,0
TXN005595,663.86,62,105,6,642.33,0.4595,0.4797,0.139,0,0,0,19,0
TXN005596,591.96,36,968,7,338.64,0.0275,0.4913,0.2432,0,1,0,0,0
TXN005597,5424.75,45,208,6,4461.04,0.052,0.1222,0.2721,0,0,0,22,0
TXN005598,2337.65,53,16,4,800.94,0.3644,0.2682,0.2177,0,0,0,0,0
TXN005599,362.9,57,124,4,601.29,0.4592,0.0819,0.3086,0,0,0,18,1
TXN005600,721.4,58,339,3,498.33,0.1733,0.1229,0.3502,0,1,0,2,0
TXN005601,416.99,35,267,7,835.83,0.1252,0.4934,0.2008,0,0,0,19,0
TXN005602,978.92,69,467,1,674.08,0.1886,0.2334,0.0706,1,0,0,1,0
TXN005603,1165.78,18,239,4,3000.85,0.1508,0.3207,0.2442,0,1,0,11,0
TXN005604,234.73,43,416,5,457.55,0.1184,0.3866,0.126,0,0,0,1,0
TXN005605,184.49,49,875,6,373.54,0.2961,0.2068,0.1242,0,0,0,8,0
TXN005606,1853.67,21,91,2,1613.64,0.1496,0.1814,0.2507,0,1,0,19,0
TXN005607,1236.38,41,787,5,1017.35,0.1697,0.4605,0.093,0,0,0,19,0
TXN005608,3610.86,48,261,5,938.18,0.328,0.241,0.1565,0,0,0,19,0
TXN005609,1543.08,49,1534,5,1622.54,0.1527,0.0612,0.0492,0,0,0,22,0
TXN005610,1845.67,24,372,5,1206.76,0.221,0.246,0.0844,0,0,0,21,0
TXN005611,1159.46,32,66,2,1061.28,0.2766,0.0565,0.0888,0,0,0,8,0
TXN005612,598.81,30,800,3,409.96,0.271,0.0527,0.3328,0,0,0,3,0
TXN005613,369.2,51,434,2,341.15,0.1318,0.1181,0.0792,0,0,0,17,0
TXN005614,1229.66,35,732,2,671.62,0.2105,0.1524,0.3834,0,0,0,23,0
TXN005615,287.72,47,48,1,513.34,0.4159,0.2257,0.114,0,0,0,7,0
TXN005616,344.58,56,32,5,1324.04,0.1909,0.2151,0.0921,0,0,0,21,0
TXN005617,391.69,59,63,3,311.34,0.3084,0.1873,0.3501,0,0,1,18,0
TXN005618,297.14,27,142,5,801.9,0.0859,0.084,0.2802,0,0,0,10,0
TXN005619,1998.8,64,423,2,971.51,0.1325,0.2349,0.0541,0,0,0,22,0
TXN005620,789.01,26,149,5,1066.61,0.102,0.1265,0.4352,0,0,1,8,1
TXN005621,819.13,19,640,6,1449.94,0.1667,0.3878,0.5312,0,0,0,20,0
TXN005622,3853.39,20,43,3,872.55,0.0751,0.1249,0.0254,0,0,0,15,0
TXN005623,680.35,28,55,3,687.29,0.0834,0.4311,0.1554,0,0,0,19,0
TXN005624,2334.56,63,2192,3,2620.54,0.1324,0.3672,0.3895,0,0,0,19,0
TXN005625,1322.61,28,901,2,876.54,0.3607,0.454,0.1035,0,0,0,7,0
TXN005626,4637.34,54,184,2,2961.32,0.4185,0.1299,0.0679,0,0,0,5,0
TXN005627,1634.24,39,68,1,873.42,0.285,0.0467,0.0596,0,0,0,11,0
TXN005628,520.86,20,404,25,1084.21,0.2631,0.1911,0.051,0,0,0,5,1
TXN005629,1336.4,41,48,3,995.13,0.1721,0.2704,0.3137,0,0,0,23,1
TXN005630,1097.29,19,25,15,1289.3,0.2556,0.2317,0.1343,0,0,0,1,1
TXN005631,492.52,42,275,7,817.38,0.3584,0.0951,0.0818,0,0,0,16,0
TXN005632,1204.42,47,507,1,1172.97,0.1522,0.1618,0.2268,0,0,0,13,0
TXN005633,1182.5,45,121,6,3202.12,0.1297,0.1659,0.1251,0,0,0,22,0
TXN005634,3796.4,32,182,3,2285.17,0.437,0.0129,0.0921,0,0,0,2,0
TXN005635,1956.96,57,1673,3,2296.21,0.3155,0.1219,0.3767,1,0,0,11,0
TXN005636,329.65,49,548,2,428.65,0.044,0.363,0.0784,0,1,0,2,0
TXN005637,445.05,31,1492,0,480.06,0.567,0.072,0.0691,0,0,0,8,0
TXN005638,1164.78,40,579,2,1277.2,0.0397,0.2838,0.1624,0,1,0,16,0
TXN005639,3522.38,23,357,22,1880.92,0.3327,0.1704,0.1066,0,0,0,14,0
TXN005640,417.37,66,99,3,762.5,0.2175,0.0747,0.1918,0,0,0,21,0
TXN005641,545.38,57,10,2,672.96,0.0805,0.1815,0.1813,0,0,0,2,0
TXN005642,2582.68,32,303,1,2909.36,0.021,0.2398,0.1084,0,0,0,0,0
TXN005643,986.61,53,1207,3,1772.44,0.236,0.3151,0.1824,1,0,0,19,0
TXN005644,2510.44,53,90,5,2299.83,0.1932,0.1147,0.071,0,0,0,16,0
TXN005645,540.69,49,79,3,805.11,0.1515,0.0942,0.3606,0,0,0,5,0
TXN005646,352.0,20,656,1,762.03,0.3456,0.2699,0.1445,0,0,0,15,0
TXN005647,2845.94,63,46,4,2130.74,0.4313,0.0892,0.2558,0,0,0,2,0
TXN005648,2136.86,67,101,1,912.41,0.3406,0.0951,0.2124,0,0,0,17,0
TXN005649,734.38,68,882,5,715.08,0.1328,0.1902,0.2196,0,1,0,6,1
TXN005650,546.73,68,95,3,578.69,0.2468,0.2783,0.2748,0,0,0,7,0
TXN005651,715.97,66,804,4,766.7,0.0306,0.0811,0.1903,0,0,0,9,0
TXN005652,1523.53,56,511,4,2023.45,0.0364,0.3389,0.1097,0,0,0,22,0
TXN005653,725.45,20,1298,1,381.17,0.0734,0.033,0.1271,0,1,0,9,0
TXN005654,1793.75,42,509,3,1703.32,0.228,0.0391,0.5364,0,0,0,12,0
TXN005655,201.54,30,49,5,667.97,0.1952,0.2307,0.2824,0,0,0,5,1
TXN005656,1830.26,29,1729,3,946.52,0.0881,0.0283,0.0417,0,0,0,1,0
TXN005657,1672.77,61,50,2,989.92,0.5909,0.3157,0.0048,0,0,0,7,0
TXN005658,1308.14,60,251,0,939.62,0.2334,0.0619,0.054,0,0,0,2,0
TXN005659,197.07,45,583,4,896.96,0.0744,0.0997,0.2827,0,0,0,13,0
TXN005660,802.18,56,198,4,803.48,0.1642,0.1759,0.2049,1,0,0,16,0
TXN005661,1201.57,24,122,6,735.1,0.3786,0.2967,0.1174,0,0,0,6,0
TXN005662,3403.52,29,491,13,2762.36,0.0788,0.1729,0.2191,0,0,0,0,0
TXN005663,1249.34,62,68,0,1116.03,0.1294,0.1211,0.2163,0,0,0,16,0
TXN005664,1643.15,41,35,1,1004.09,0.2099,0.1219,0.4891,0,0,0,15,0
TXN005665,753.98,46,235,3,698.37,0.2178,0.2767,0.1149,0,0,0,12,0
TXN005666,1597.88,42,1591,2,824.22,0.0361,0.1811,0.1647,1,0,0,2,0
TXN005667,765.21,28,488,3,700.07,0.155,0.0928,0.2926,0,0,0,4,0
TXN005668,1960.48,60,91,2,1873.83,0.2141,0.4449,0.2259,0,0,0,7,0
TXN005669,1057.12,57,1040,1,647.09,0.0826,0.2511,0.1734,0,0,0,19,0
TXN005670,182.8,53,42,1,227.61,0.1593,0.2593,0.0257,1,0,0,21,0
TXN005671,624.74,36,1394,4,1142.32,0.0894,0.2294,0.3428,0,0,1,20,0
TXN005672,903.72,51,436,7,901.83,0.0545,0.1963,0.2366,1,0,0,5,0
TXN005673,1006.92,67,37,3,727.74,0.1728,0.2266,0.0509,0,0,0,19,0
TXN005674,3453.14,51,614,4,2075.77,0.2371,0.1665,0.3063,0,0,0,9,0
TXN005675,270.03,43,377,3,161.83,0.1246,0.116,0.0952,0,0,0,21,0
TXN005676,3183.11,32,345,3,3305.59,0.0963,0.2533,0.0723,0,0,0,9,0
TXN005677,2088.12,45,360,6,2294.51,0.1631,0.2839,0.2458,0,0,0,3,0
TXN005678,510.15,37,291,4,706.53,0.0258,0.4565,0.1975,0,0,0,12,0
TXN005679,917.71,49,242,4,799.87,0.1605,0.0568,0.1729,1,0,0,14,0
TXN005680,632.99,20,1198,7,1560.98,0.352,0.1738,0.2535,0,1,0,18,0
TXN005681,1610.61,27,191,2,1590.58,0.0752,0.3901,0.1839,0,0,0,13,0
TXN005682,3373.17,58,722,2,703.65,0.2657,0.5224,0.2454,0,1,0,14,0
TXN005683,154.64,37,986,4,353.63,0.1669,0.3863,0.1138,0,0,0,18,1
TXN005684,5249.27,40,1049,3,4815.45,0.0534,0.022,0.2125,0,0,0,21,0
TXN005685,2636.21,46,413,3,2141.55,0.2001,0.1157,0.0816,0,0,0,0,0
TXN005686,1617.04,40,368,3,1223.9,0.1505,0.0378,0.33,1,1,0,21,0
TXN005687,728.79,57,236,1,1240.22,0.0336,0.036,0.2976,1,0,0,8,0
TXN005688,2249.57,30,83,5,1694.13,0.1479,0.4409,0.4331,0,0,0,19,0
TXN005689,1373.02,57,606,19,1842.25,0.2883,0.2469,0.1401,0,0,0,18,0
TXN005690,116.09,28,514,2,254.56,0.0691,0.1269,0.3251,0,0,0,17,0
TXN005691,1448.04,37,193,4,857.82,0.2751,0.1957,0.0568,1,0,0,14,0
TXN005692,1149.59,48,29,12,797.61,0.1816,0.2181,0.0826,0,0,0,16,1
TXN005693,575.58,64,44,2,979.45,0.2217,0.2289,0.298,0,0,0,5,0
TXN005694,1394.75,30,276,2,1880.99,0.4299,0.2398,0.2639,0,0,0,17,0
TXN005695,227.68,48,306,2,313.23,0.281,0.4253,0.2285,0,0,1,12,0
TXN005696,172.71,21,419,2,426.49,0.1102,0.1361,0.0601,0,0,0,6,0
TXN005697,1034.96,21,126,5,680.47,0.2379,0.1526,0.1625,0,0,0,1,0
TXN005698,1896.94,57,818,3,1221.75,0.119,0.1091,0.1613,0,0,0,2,0
TXN005699,1635.25,55,273,2,1963.51,0.1595,0.05,0.2752,0,0,0,19,1
TXN005700,3382.79,37,254,5,3435.53,0.0291,0.2692,0.3244,0,0,0,7,0
TXN005701,955.88,50,425,5,897.45,0.3071,0.1766,0.0942,0,0,0,15,0
TXN005702,2243.41,37,452,0,1961.25,0.5513,0.0829,0.1176,0,1,0,10,0
TXN005703,859.18,32,751,3,1802.83,0.1812,0.2521,0.0437,0,1,0,18,0
TXN005704,2096.06,40,35,3,1602.26,0.0761,0.0678,0.1061,0,0,0,18,0
TXN005705,564.8,34,499,3,1078.15,0.3129,0.1612,0.0968,0,0,0,5,0
TXN005706,1206.02,60,375,1,829.09,0.1844,0.3532,0.3339,1,0,0,1,0
TXN005707,289.61,39,1122,14,520.2,0.1207,0.1957,0.0372,0,0,0,6,0
TXN005708,242.94,34,234,4,496.65,0.2002,0.1486,0.0538,1,0,0,0,0
TXN005709,1376.83,45,489,3,1398.22,0.1024,0.1189,0.3103,0,0,0,18,0
TXN005710,1026.72,57,1000,3,1055.64,0.2952,0.203,0.3875,0,0,0,9,0
TXN005711,868.01,32,1028,4,819.87,0.1432,0.4511,0.1556,0,0,0,12,0
TXN005712,1068.87,66,292,3,1746.49,0.0651,0.1402,0.38,0,0,0,15,0
TXN005713,1065.51,42,40,6,953.04,0.2827,0.2258,0.273,0,0,0,3,0
TXN005714,681.38,52,350,1,578.69,0.1525,0.3306,0.0872,0,0,0,21,0
TXN005715,1727.78,67,354,3,910.01,0.3263,0.1983,0.0419,0,0,0,14,0
TXN005716,2156.43,40,1087,14,1947.77,0.0963,0.1841,0.3963,0,0,0,2,1
TXN005717,385.24,28,412,1,535.68,0.2114,0.2358,0.4192,0,0,0,4,0
TXN005718,605.23,56,295,2,1269.65,0.2219,0.3143,0.2729,0,0,0,22,0
TXN005719,454.66,18,837,4,1054.9,0.0827,0.1543,0.259,0,0,0,14,0
TXN005720,768.98,41,738,6,643.83,0.1314,0.2898,0.3259,0,0,0,18,0
TXN005721,1381.48,68,662,3,893.06,0.18,0.2357,0.1639,0,1,0,8,0
TXN005722,223.68,39,11,3,364.97,0.1671,0.0189,0.1325,0,0,0,20,0
TXN005723,1362.59,53,89,3,1184.11,0.1354,0.1121,0.0793,0,0,0,7,0
TXN005724,383.32,45,207,2,421.87,0.2032,0.0933,0.2268,0,0,0,8,0
TXN005725,3448.7,29,197,3,2323.21,0.303,0.0491,0.1831,0,0,0,0,0
TXN005726,1655.67,34,1577,3,1028.26,0.5143,0.0374,0.2924,0,0,0,9,0
TXN005727,211.31,45,1142,5,734.9,0.1182,0.3169,0.1184,0,0,0,2,0
TXN005728,4359.29,23,178,4,2471.03,0.195,0.0684,0.111,0,0,0,23,0
TXN005729,611.81,39,33,11,532.57,0.321,0.0929,0.0795,0,1,0,9,1
TXN005730,485.11,39,1152,3,649.77,0.2521,0.0983,0.2501,0,0,0,6,0
TXN005731,231.05,61,45,2,304.76,0.0959,0.3341,0.2046,0,0,0,5,0
TXN005732,2790.89,24,156,22,2742.58,0.0523,0.0818,0.3258,0,0,0,20,1
TXN005733,3083.88,61,243,5,4068.4,0.1868,0.3267,0.07,0,0,0,15,0
TXN005734,202.99,39,43,1,339.84,0.1036,0.1626,0.238,0,0,0,8,0
TXN005735,419.75,51,335,2,619.53,0.2098,0.3541,0.3485,0,0,0,1,0
TXN005736,649.88,46,584,3,1151.56,0.1739,0.1667,0.2445,0,0,0,11,0
TXN005737,1602.99,33,319,2,764.34,0.1622,0.3278,0.0226,1,0,0,4,0
TXN005738,1106.36,66,391,2,1072.86,0.1521,0.4718,0.3719,0,0,0,12,0
TXN005739,3486.82,29,729,1,1009.98,0.1407,0.1084,0.1466,0,0,1,18,0
TXN005740,1788.94,19,839,3,1458.68,0.334,0.327,0.0617,0,0,0,10,0
TXN005741,773.73,57,1,4,559.66,0.2408,0.3217,0.0052,0,1,0,2,1
TXN005742,699.93,50,632,6,1254.96,0.0644,0.0603,0.2272,0,0,0,15,0
TXN005743,445.28,64,253,4,502.06,0.1175,0.1835,0.1275,0,1,0,0,0
TXN005744,855.49,41,1115,3,821.97,0.2392,0.0983,0.1124,0,1,0,11,0
TXN005745,229.01,18,296,5,325.15,0.1148,0.244,0.032,0,0,0,14,0
TXN005746,639.81,19,110,0,826.18,0.1649,0.0402,0.0967,0,0,0,4,0
TXN005747,925.34,40,317,7,734.42,0.1222,0.1011,0.3364,0,0,0,11,0
TXN005748,2703.69,30,1742,3,2122.83,0.1224,0.1407,0.2384,0,0,0,16,0
TXN005749,504.31,65,495,3,1052.07,0.2125,0.2432,0.1489,0,0,0,16,0
TXN005750,1396.62,24,950,2,1194.82,0.0916,0.0554,0.0773,0,1,0,1,0
TXN005751,1463.29,63,143,1,1079.53,0.1712,0.1671,0.2263,0,0,1,11,0
TXN005752,178.57,29,219,7,247.06,0.0339,0.161,0.1799,0,0,0,11,0
TXN005753,185.23,24,386,16,271.01,0.0474,0.0738,0.1799,0,0,0,7,0
TXN005754,1118.49,32,944,3,877.37,0.305,0.1662,0.2881,0,0,0,9,0
TXN005755,323.69,25,184,2,1332.74,0.2209,0.3018,0.0514,0,0,0,10,0
TXN005756,931.45,38,290,5,930.38,0.2051,0.621,0.2928,0,0,0,13,0
TXN005757,1471.58,35,3,7,598.94,0.152,0.3953,0.219,0,1,1,12,1
TXN005758,222.25,45,141,7,926.84,0.299,0.1186,0.2975,0,1,0,12,0
TXN005759,1371.45,45,1475,1,872.22,0.1882,0.2046,0.1522,0,1,1,4,0
TXN005760,2552.26,18,499,4,1891.83,0.2189,0.0741,0.2614,0,0,0,3,0
TXN005761,824.81,24,1500,3,1819.13,0.2796,0.1204,0.0888,0,0,0,3,0
TXN005762,991.16,26,791,2,744.42,0.5103,0.4473,0.0409,0,0,0,3,0
TXN005763,1836.9,28,1054,1,1058.97,0.0496,0.2143,0.2565,0,0,0,2,0
TXN005764,696.59,22,126,2,1330.54,0.0584,0.4602,0.1766,0,0,0,10,0
TXN005765,1000.52,34,2591,2,1476.24,0.1606,0.1301,0.1091,1,1,0,13,0
TXN005766,3537.51,46,277,3,3487.08,0.1912,0.1809,0.1176,1,0,0,17,0
TXN005767,1840.91,34,508,1,1075.24,0.3494,0.0794,0.28,1,0,0,13,0
TXN005768,1845.5,35,825,4,2485.23,0.0808,0.1029,0.0522,0,0,0,23,0
TXN005769,475.7,42,587,6,486.84,0.2345,0.2709,0.262,0,0,0,8,0
TXN005770,486.84,46,49,4,701.79,0.1468,0.0185,0.0346,0,0,0,20,0
TXN005771,249.24,35,364,2,245.9,0.2421,0.0156,0.3212,0,0,0,13,0
TXN005772,2168.06,29,1387,0,1219.16,0.1184,0.1844,0.1108,0,0,0,6,0
TXN005773,1828.97,39,1365,3,1725.49,0.1415,0.3444,0.1431,0,0,0,1,0
TXN005774,150.6,19,546,0,183.32,0.0395,0.4611,0.3047,1,0,0,19,0
TXN005775,1228.79,43,293,3,1251.13,0.3389,0.2912,0.0715,0,0,0,8,0
TXN005776,1077.72,66,395,6,1673.96,0.2748,0.0855,0.0899,0,0,0,11,0
TXN005777,930.9,38,149,6,1608.51,0.0584,0.2174,0.0274,0,0,0,19,0
TXN005778,920.37,23,115,0,474.8,0.3792,0.2379,0.2186,0,0,0,20,0
TXN005779,4637.47,54,785,3,1884.06,0.1521,0.0117,0.2499,0,0,0,8,0
TXN005780,412.07,24,134,1,1103.8,0.1251,0.0793,0.3018,1,0,0,7,0
TXN005781,2284.49,28,443,4,1658.6,0.0861,0.351,0.0756,0,0,0,17,0
TXN005782,1610.52,25,1625,2,1004.15,0.2175,0.2659,0.1636,0,0,0,12,0
TXN005783,735.32,63,488,3,1431.86,0.1602,0.3096,0.4269,0,0,0,12,0
TXN005784,1839.04,69,550,2,2383.83,0.0713,0.1791,0.223,0,1,0,7,0
TXN005785,692.15,47,459,2,950.69,0.054,0.3829,0.1315,0,0,0,23,0
TXN005786,3806.23,50,1273,1,1337.92,0.1695,0.1891,0.0556,0,1,0,7,0
TXN005787,6526.89,51,473,3,2630.26,0.1835,0.136,0.1822,0,0,0,8,0
TXN005788,601.9,49,96,2,998.98,0.0589,0.0819,0.101,0,1,0,0,0
TXN005789,223.55,46,375,2,498.81,0.2021,0.1984,0.0923,0,0,0,15,0
TXN005790,2692.88,69,142,0,1760.28,0.1548,0.2836,0.1658,0,0,0,16,0
TXN005791,4038.33,56,367,3,2994.15,0.3418,0.0937,0.2131,0,0,0,16,0
TXN005792,5357.99,22,109,23,2703.08,0.2464,0.5287,0.0807,0,0,0,10,1
TXN005793,1010.3,38,456,3,1808.93,0.0428,0.3087,0.1357,0,0,1,11,0
TXN005794,316.41,68,202,6,212.53,0.2521,0.2288,0.1761,0,0,0,14,0
TXN005795,469.87,38,612,4,702.69,0.0434,0.1842,0.316,0,0,0,1,0
TXN005796,1026.1,28,318,3,728.35,0.0405,0.1036,0.1729,0,0,0,14,0
TXN005797,1108.75,63,117,4,1131.62,0.1098,0.3481,0.181,0,0,0,1,0
TXN005798,10169.27,50,246,2,3575.23,0.1843,0.1531,0.2358,0,0,0,0,0
TXN005799,658.32,47,476,6,514.72,0.1534,0.1725,0.0073,0,0,0,21,0
TXN005800,4433.06,39,145,3,5268.71,0.3602,0.0466,0.1458,0,0,0,17,0
TXN005801,905.27,24,47,6,839.13,0.3817,0.1126,0.0949,0,1,0,5,0
TXN005802,606.61,37,870,3,641.09,0.4297,0.0962,0.2564,0,0,0,18,0
TXN005803,1050.17,40,153,16,1981.57,0.119,0.1644,0.0911,0,0,0,20,0
TXN005804,6037.25,66,402,3,2094.38,0.0573,0.1488,0.3351,0,0,0,22,0
TXN005805,4164.11,33,215,7,1728.42,0.2303,0.1702,0.1307,0,0,0,10,0
TXN005806,580.8,25,135,4,639.94,0.1906,0.371,0.2011,0,0,0,11,0
TXN005807,2290.11,40,947,1,1558.41,0.3224,0.1657,0.4151,0,1,0,12,0
TXN005808,1643.85,69,2042,4,531.93,0.0604,0.3192,0.1875,0,0,0,21,0
TXN005809,1239.2,43,120,1,627.62,0.1386,0.1072,0.3844,0,0,0,8,0
TXN005810,866.56,37,540,2,1026.17,0.1248,0.2052,0.1776,1,0,0,15,0
TXN005811,588.54,52,319,3,617.71,0.4079,0.1142,0.0242,0,0,0,0,0
TXN005812,890.94,51,1145,14,2291.41,0.1981,0.0963,0.0988,0,0,0,1,0
TXN005813,1120.36,33,405,8,731.64,0.1477,0.2612,0.0391,0,0,1,5,0
TXN005814,1861.7,68,71,4,939.81,0.5719,0.12,0.15,0,0,0,18,0
TXN005815,1177.56,48,1126,4,592.21,0.0786,0.4357,0.1242,0,0,0,13,0
TXN005816,3333.9,20,1889,4,2267.26,0.1792,0.2582,0.1303,0,0,0,15,0
TXN005817,835.06,39,485,5,687.95,0.1877,0.0508,0.0773,0,0,0,7,0
TXN005818,1408.97,65,79,6,2439.16,0.1324,0.1631,0.4549,0,0,0,23,1
TXN005819,2762.31,38,1089,4,2316.89,0.1615,0.276,0.1232,0,0,0,20,0
TXN005820,567.04,47,242,7,802.59,0.0275,0.2434,0.5557,0,0,0,3,0
TXN005821,1494.6,49,139,4,1119.65,0.3461,0.0929,0.0617,0,0,0,10,0
TXN005822,517.12,54,533,4,787.14,0.0498,0.2153,0.0056,0,1,0,4,0
TXN005823,2137.42,63,1497,2,1606.81,0.1566,0.3008,0.133,0,0,0,6,0
TXN005824,1981.46,25,759,2,957.06,0.3265,0.1622,0.0238,0,0,0,17,0
TXN005825,1007.47,44,722,2,818.74,0.0245,0.193,0.0816,1,0,0,20,0
TXN005826,1356.93,45,67,15,1132.66,0.3791,0.0842,0.2125,0,0,0,19,1
TXN005827,598.61,25,800,3,362.29,0.3363,0.2894,0.2733,0,0,0,1,0
TXN005828,2753.4,53,619,16,1039.93,0.2583,0.0773,0.1605,0,0,0,2,0
TXN005829,1629.0,24,391,10,1728.01,0.0701,0.383,0.1969,0,0,0,13,1
TXN005830,1608.73,41,372,2,1207.9,0.211,0.3133,0.2125,0,0,0,16,0
TXN005831,4901.7,35,18,14,2134.87,0.2642,0.1457,0.1142,0,0,0,22,1
TXN005832,1216.82,26,42,4,842.09,0.3346,0.2299,0.1368,0,0,0,18,0
TXN005833,264.33,60,517,5,795.12,0.0539,0.4434,0.1196,0,0,0,13,0
TXN005834,338.42,30,1217,1,501.64,0.0649,0.1664,0.5259,0,0,0,12,0
TXN005835,1247.69,31,572,4,825.49,0.0925,0.0551,0.096,0,0,0,12,0
TXN005836,3484.33,62,432,0,4342.15,0.0665,0.24,0.0861,0,0,0,1,0
TXN005837,2936.8,63,110,1,1329.93,0.1057,0.126,0.2448,0,0,0,12,0
TXN005838,2022.28,19,558,2,727.87,0.1932,0.4636,0.4072,0,0,0,3,1
TXN005839,391.92,32,4,5,542.24,0.3226,0.3357,0.3193,0,0,0,23,0
TXN005840,202.99,54,1058,2,358.18,0.1268,0.1111,0.3398,0,0,0,15,0
TXN005841,502.74,58,376,21,613.22,0.3596,0.1912,0.1317,0,0,0,15,1
TXN005842,1481.83,69,245,3,1865.78,0.158,0.4118,0.2392,0,0,0,2,0
TXN005843,1893.02,46,761,2,813.28,0.1682,0.0547,0.3322,0,0,0,15,0
TXN005844,317.3,18,222,2,560.75,0.1527,0.1949,0.0837,0,0,0,19,0
TXN005845,911.06,63,782,2,605.63,0.2063,0.2422,0.0456,0,0,0,3,0
TXN005846,3706.89,26,293,1,1727.86,0.397,0.186,0.2604,0,1,0,20,0
TXN005847,1625.69,24,1297,2,1035.99,0.0516,0.0383,0.2762,0,0,0,5,0
TXN005848,898.75,53,336,0,706.95,0.1454,0.2445,0.208,0,0,1,17,0
TXN005849,808.28,49,170,4,883.71,0.3565,0.1183,0.0475,1,0,0,8,0
TXN005850,14200.82,21,444,5,5136.45,0.0961,0.0854,0.0884,1,0,0,11,0
TXN005851,2250.36,26,448,2,2575.34,0.3354,0.3497,0.4238,0,0,0,19,0
TXN005852,5164.66,48,1113,6,3065.72,0.2771,0.3586,0.552,0,0,0,13,0
TXN005853,294.78,31,167,2,321.67,0.1065,0.2083,0.2391,1,0,0,12,0
TXN005854,358.27,53,879,16,986.56,0.1814,0.2902,0.1652,0,0,0,10,1
TXN005855,602.05,39,298,3,698.3,0.2472,0.419,0.0691,0,1,0,22,1
TXN005856,1472.52,48,547,7,1604.69,0.0504,0.1452,0.2284,0,0,0,13,0
TXN005857,2128.13,42,781,4,2302.76,0.2428,0.349,0.1032,0,0,0,19,0
TXN005858,958.46,36,84,7,1378.15,0.3475,0.1375,0.2583,0,0,0,17,0
TXN005859,840.04,35,215,1,595.42,0.3234,0.2611,0.2779,0,0,0,12,0
TXN005860,1035.55,54,253,5,690.41,0.2034,0.3641,0.2237,0,0,0,12,0
TXN005861,1431.1,44,63,0,1693.24,0.2022,0.2295,0.4195,0,1,0,23,0
TXN005862,1527.26,48,168,0,1815.38,0.085,0.0967,0.0785,1,0,0,14,0
TXN005863,679.11,48,81,10,1210.35,0.2303,0.0752,0.3033,1,0,0,1,1
TXN005864,1381.26,28,898,17,1200.93,0.3566,0.2455,0.0529,1,0,0,17,0
TXN005865,2423.44,65,418,1,1135.79,0.1993,0.4244,0.0462,0,0,0,9,0
TXN005866,2825.97,47,215,3,1323.94,0.1761,0.1156,0.1602,0,0,1,13,0
TXN005867,1301.98,55,1321,1,1810.16,0.1542,0.1289,0.2302,0,0,0,1,0
TXN005868,5096.31,63,108,6,1704.65,0.2855,0.0559,0.4179,1,0,0,23,0
TXN005869,913.53,66,194,1,1114.89,0.067,0.1492,0.2368,0,0,0,7,0
TXN005870,606.01,52,943,5,1059.62,0.0506,0.1404,0.1432,0,0,0,17,0
TXN005871,487.79,58,48,0,1031.63,0.3469,0.25,0.4048,0,0,0,19,0
TXN005872,351.36,42,901,3,635.09,0.0906,0.301,0.2092,1,1,0,14,0
TXN005873,756.3,56,163,2,629.47,0.262,0.4857,0.1246,0,0,0,8,0
TXN005874,1392.93,34,151,4,1604.82,0.1825,0.2227,0.0648,0,0,0,15,0
TXN005875,470.31,55,173,2,665.8,0.1481,0.2092,0.0131,0,0,1,5,0
TXN005876,1216.44,22,129,1,1938.66,0.48,0.3685,0.0742,0,0,0,22,0
TXN005877,582.13,65,211,5,1057.92,0.1379,0.2194,0.1547,0,0,0,16,0
TXN005878,1193.07,30,401,3,1946.36,0.2538,0.0573,0.149,0,0,0,5,0
TXN005879,2993.92,52,186,2,1712.78,0.1225,0.2609,0.1221,0,0,0,5,0
TXN005880,5334.16,18,857,4,1978.41,0.1315,0.179,0.2394,0,0,0,8,0
TXN005881,2191.59,26,135,3,785.68,0.2434,0.4346,0.2639,0,0,0,18,0
TXN005882,2130.53,69,253,25,1460.06,0.1419,0.1634,0.368,0,0,0,12,1
TXN005883,1402.16,61,27,3,1838.16,0.078,0.2255,0.2383,0,0,0,5,0
TXN005884,256.41,29,539,3,370.21,0.1525,0.0112,0.1028,0,0,0,21,0
TXN005885,5470.16,24,347,3,3609.0,0.0899,0.3367,0.1602,0,0,0,0,0
TXN005886,4678.21,60,640,2,5357.04,0.1596,0.4533,0.1536,0,0,0,15,0
TXN005887,2669.53,69,70,3,2128.35,0.2411,0.4338,0.1554,1,0,0,4,0
TXN005888,5573.94,26,48,4,1927.76,0.2027,0.2585,0.1665,0,0,1,15,0
TXN005889,1865.69,52,713,5,1655.95,0.2051,0.1003,0.0913,0,0,0,6,1
TXN005890,3060.75,32,210,5,874.45,0.3862,0.1047,0.4406,0,0,0,15,1
TXN005891,546.26,56,1222,3,1015.24,0.4348,0.4013,0.062,0,0,0,10,0
TXN005892,2754.98,39,615,3,2154.0,0.162,0.1311,0.1781,0,0,0,12,0
TXN005893,659.38,24,72,4,554.88,0.1056,0.2546,0.1385,0,0,0,5,0
TXN005894,303.76,34,58,6,521.91,0.1035,0.0562,0.1916,0,0,0,15,0
TXN005895,1290.49,46,599,4,830.37,0.0445,0.1385,0.0553,0,0,0,4,0
TXN005896,4029.2,59,663,3,1736.07,0.0601,0.6106,0.0097,0,0,0,4,0
TXN005897,2008.84,19,569,1,598.15,0.0717,0.2435,0.0633,0,0,0,8,0
TXN005898,1174.29,67,544,21,936.56,0.1052,0.0918,0.1325,1,0,0,5,1
TXN005899,357.91,51,1098,3,1017.73,0.1653,0.1526,0.3035,0,0,0,7,0
TXN005900,702.07,63,963,7,540.07,0.0579,0.0545,0.2941,0,0,0,11,0
TXN005901,298.94,66,282,1,198.77,0.3142,0.1131,0.1009,0,0,0,0,0
TXN005902,469.7,25,649,2,534.56,0.6229,0.1071,0.2825,0,0,0,19,0
TXN005903,1481.69,22,358,2,1316.35,0.1043,0.1933,0.389,0,1,1,0,1
TXN005904,1181.35,58,63,2,1541.18,0.319,0.245,0.1867,0,0,0,19,0
TXN005905,1440.18,27,1120,7,1550.07,0.2132,0.0698,0.1871,1,0,0,10,0
TXN005906,2940.45,25,65,8,1680.25,0.2737,0.1317,0.1307,0,0,0,10,0
TXN005907,1518.51,42,746,3,707.35,0.494,0.4855,0.3962,0,0,0,13,0
TXN005908,302.68,65,57,13,608.85,0.1195,0.4751,0.2664,0,0,0,2,1
TXN005909,1076.33,59,118,3,1425.87,0.2651,0.1238,0.3261,1,0,0,18,0
TXN005910,394.7,44,742,1,945.56,0.1685,0.0607,0.2617,0,0,0,16,0
TXN005911,5687.54,28,166,3,2069.28,0.1353,0.2774,0.2932,1,0,0,17,0
TXN005912,2312.05,35,262,4,1432.19,0.4007,0.2676,0.2173,0,0,0,20,0
TXN005913,896.16,53,388,3,2693.71,0.3481,0.1922,0.2287,0,0,0,16,0
TXN005914,764.05,26,1749,3,791.65,0.0283,0.0827,0.1037,0,0,1,8,0
TXN005915,1981.03,45,76,4,2315.25,0.3445,0.2902,0.0407,0,0,0,0,0
TXN005916,3006.42,18,105,1,4556.33,0.1653,0.4241,0.2876,0,0,0,18,0
TXN005917,2013.38,34,336,2,1138.67,0.0929,0.0542,0.1537,0,0,0,8,0
TXN005918,2715.9,30,111,1,1555.44,0.2148,0.158,0.1617,0,0,0,5,0
TXN005919,663.04,53,184,2,571.71,0.1664,0.3876,0.3994,0,0,0,1,0
TXN005920,1440.77,65,36,27,2050.5,0.343,0.269,0.1424,0,0,0,7,1
TXN005921,1706.25,25,82,3,2417.14,0.1058,0.1786,0.1827,0,1,1,16,0
TXN005922,794.76,59,493,24,775.79,0.1784,0.0704,0.1986,1,0,0,20,0
TXN005923,1285.48,52,612,2,1652.94,0.2866,0.2426,0.0743,0,0,0,5,0
TXN005924,1330.26,68,205,4,1334.53,0.1379,0.1718,0.0776,1,0,0,3,0
TXN005925,1959.6,65,230,1,1441.66,0.18,0.0506,0.1238,0,0,0,8,0
TXN005926,832.95,23,20,3,1936.07,0.1389,0.0127,0.0531,0,0,0,21,0
TXN005927,1039.22,56,815,6,1576.92,0.0586,0.112,0.1104,0,0,0,19,0
TXN005928,976.7,48,687,4,994.97,0.1215,0.2103,0.3815,0,0,0,23,0
TXN005929,4648.25,23,1150,2,1965.12,0.0945,0.1688,0.1894,0,0,0,13,0
TXN005930,3801.81,31,633,2,2388.21,0.2502,0.1744,0.0462,0,0,0,21,0
TXN005931,742.55,66,72,3,744.02,0.1113,0.3196,0.189,0,0,0,1,0
TXN005932,1366.5,46,1044,4,1095.25,0.0879,0.049,0.373,0,0,0,7,0
TXN005933,300.69,35,425,4,317.96,0.2008,0.107,0.2078,0,0,0,8,0
TXN005934,2983.92,34,1227,3,1649.98,0.1438,0.1956,0.1042,0,0,0,14,0
TXN005935,3277.21,61,278,4,2581.65,0.1746,0.0576,0.1005,0,0,0,17,0
TXN005936,1850.54,32,62,3,915.89,0.5124,0.1827,0.0622,0,1,0,2,0
TXN005937,571.33,26,280,5,1204.0,0.0689,0.353,0.1548,0,1,0,19,1
TXN005938,603.33,47,461,0,939.98,0.1431,0.4046,0.2478,0,0,0,16,0
TXN005939,974.85,69,276,1,838.21,0.0533,0.061,0.5548,0,0,0,3,0
TXN005940,1692.48,27,263,16,1290.16,0.1084,0.172,0.2853,0,0,0,2,0
TXN005941,2371.35,31,705,2,633.35,0.2394,0.2789,0.2037,0,0,0,6,0
TXN005942,344.14,42,1523,4,930.11,0.1703,0.3173,0.0851,0,0,0,15,0
TXN005943,571.7,28,292,2,582.2,0.246,0.1752,0.2096,0,0,0,19,0
TXN005944,1586.83,51,1238,19,1656.32,0.0755,0.0381,0.489,0,0,0,20,1
TXN005945,1477.75,31,470,0,1296.56,0.3475,0.1332,0.1701,0,0,1,13,0
TXN005946,2103.64,24,500,2,810.89,0.1525,0.2966,0.2677,0,0,0,22,0
TXN005947,1822.39,31,108,4,1125.47,0.5873,0.1561,0.1869,0,1,1,19,1
TXN005948,388.89,66,303,5,939.64,0.1537,0.143,0.1647,0,0,0,10,0
TXN005949,5677.66,66,160,2,2442.38,0.0761,0.0236,0.2823,0,0,0,16,0
TXN005950,1843.67,44,229,2,805.36,0.5039,0.155,0.2752,0,0,0,7,0
TXN005951,1976.78,38,26,3,1710.48,0.6286,0.3422,0.0946,0,0,0,0,0
TXN005952,274.95,60,302,2,669.38,0.1433,0.1503,0.2608,0,1,0,10,0
TXN005953,1783.93,28,214,21,1939.08,0.3957,0.1473,0.0695,0,0,0,23,1
TXN005954,2933.39,52,263,4,2266.78,0.2796,0.0504,0.2275,0,0,0,7,0
TXN005955,4053.18,53,102,1,2342.92,0.2393,0.1746,0.183,0,1,0,2,0
TXN005956,1159.76,54,19,3,3070.86,0.2706,0.1646,0.1806,0,0,0,21,0
TXN005957,881.57,29,409,2,1345.76,0.026,0.2637,0.1188,0,0,0,10,0
TXN005958,4771.77,55,40,0,2608.58,0.1679,0.2188,0.2292,0,1,0,8,0
TXN005959,7807.94,49,65,4,3418.39,0.3242,0.0957,0.4001,0,0,0,8,0
TXN005960,633.56,63,214,22,499.98,0.4085,0.1866,0.0555,1,0,0,6,1
TXN005961,1352.1,27,357,5,718.91,0.2599,0.2326,0.0577,0,0,0,17,0
TXN005962,494.43,49,104,4,384.91,0.268,0.1881,0.1948,0,0,0,2,0
TXN005963,3914.71,61,40,4,2304.92,0.1441,0.2765,0.3551,0,0,0,16,0
TXN005964,413.16,32,275,2,381.47,0.1357,0.0716,0.6468,0,0,0,6,0
TXN005965,410.79,56,1141,2,315.48,0.0778,0.1295,0.316,0,0,0,12,0
TXN005966,259.78,23,379,0,508.68,0.335,0.2083,0.2344,0,0,0,20,0
TXN005967,483.16,55,288,5,324.79,0.1236,0.339,0.1204,0,0,1,14,0
TXN005968,666.28,49,97,3,1326.78,0.1234,0.039,0.1139,0,0,0,19,0
TXN005969,763.09,28,444,2,513.28,0.1589,0.173,0.0988,0,1,0,2,0
TXN005970,263.84,21,32,2,335.9,0.0213,0.3302,0.2854,0,0,0,0,0
TXN005971,1305.29,56,787,5,1064.96,0.1603,0.0567,0.4923,0,0,0,12,0
TXN005972,657.17,30,1565,4,1109.85,0.0606,0.5388,0.0414,0,0,0,8,0
TXN005973,224.57,43,815,2,296.23,0.0998,0.0939,0.2693,0,0,0,23,0
TXN005974,814.68,21,4,4,665.41,0.4439,0.1054,0.2447,0,0,0,23,0
TXN005975,1575.98,68,356,1,1040.81,0.1991,0.3021,0.3669,0,1,0,16,0
TXN005976,1559.01,46,853,6,854.25,0.1964,0.0607,0.1066,0,0,0,13,0
TXN005977,462.58,66,805,28,870.76,0.2952,0.0776,0.2588,0,0,0,4,1
TXN005978,1096.5,26,3,5,2503.64,0.2633,0.1046,0.1982,0,0,0,17,0
TXN005979,2881.78,28,402,1,4927.47,0.0988,0.3134,0.0657,0,0,0,12,0
TXN005980,490.1,49,1066,28,880.68,0.0695,0.4197,0.2318,0,0,0,2,1
TXN005981,1029.1,49,496,3,434.71,0.0029,0.08,0.115,0,0,0,13,0
TXN005982,1944.78,59,1290,5,930.56,0.1321,0.1138,0.163,0,0,0,19,0
TXN005983,726.23,66,572,1,1256.4,0.3057,0.317,0.0227,0,0,0,18,0
TXN005984,2706.4,60,683,5,1056.49,0.08,0.17,0.1263,0,0,0,10,0
TXN005985,3400.77,25,238,0,1681.57,0.0804,0.2122,0.1992,0,0,0,6,0
TXN005986,2104.97,34,1447,3,5158.17,0.0126,0.2388,0.366,0,0,0,22,1
TXN005987,187.58,65,467,1,330.57,0.2769,0.1842,0.2073,0,0,0,12,0
TXN005988,308.73,46,889,14,768.96,0.1413,0.2397,0.3898,0,0,0,4,1
TXN005989,3075.37,63,12,1,3225.36,0.3745,0.3462,0.2487,0,0,1,15,0
TXN005990,768.27,47,1092,7,760.95,0.216,0.3824,0.2599,0,0,0,16,0
TXN005991,1922.14,20,182,22,1905.78,0.0925,0.1848,0.1155,0,0,0,5,1
TXN005992,559.44,42,53,3,1705.53,0.0682,0.4364,0.4367,0,0,0,17,0
TXN005993,1188.96,60,212,5,2606.64,0.2846,0.1845,0.2551,0,0,0,11,0
TXN005994,4829.14,52,266,3,4185.32,0.1678,0.0435,0.021,0,0,0,14,0
TXN005995,1949.59,24,287,5,1384.58,0.1996,0.5357,0.1685,1,0,0,15,1
TXN005996,106.38,28,94,3,323.09,0.0802,0.4823,0.3766,0,0,0,18,0
TXN005997,331.99,62,66,5,671.63,0.073,0.1907,0.1164,0,0,0,17,0
TXN005998,8888.95,68,342,4,5065.65,0.3533,0.0658,0.1967,1,0,1,16,0
TXN005999,207.82,57,51,3,407.51,0.1526,0.1658,0.0925,0,0,0,13,0
TXN006000,1540.22,23,786,1,1552.72,0.0314,0.4384,0.1675,0,0,0,4,0
TXN006001,91.29,50,667,2,188.64,0.4343,0.1331,0.2153,0,0,0,1,0
TXN006002,672.81,61,486,4,425.87,0.2161,0.1165,0.1089,1,0,0,3,0
TXN006003,672.85,51,234,2,2040.31,0.3751,0.2259,0.2398,0,0,0,2,0
TXN006004,951.2,48,19,15,1124.59,0.1704,0.2186,0.1021,0,0,0,8,1
TXN006005,1413.27,42,111,4,842.6,0.0657,0.2133,0.0904,0,0,0,9,0
TXN006006,867.37,30,27,3,620.14,0.0494,0.11,0.1461,0,0,1,11,0
TXN006007,210.01,32,153,3,271.08,0.122,0.0388,0.1855,0,0,0,9,1
TXN006008,1213.31,56,848,6,1781.81,0.0995,0.1727,0.1196,0,0,0,8,0
TXN006009,791.32,21,67,22,899.46,0.0599,0.2009,0.2494,0,0,0,14,1
TXN006010,185.96,22,1109,2,377.92,0.1078,0.1445,0.2507,0,0,0,4,0
TXN006011,1060.11,38,221,5,1120.05,0.0577,0.1139,0.475,0,0,1,11,0
TXN006012,1573.87,58,40,1,1647.27,0.1007,0.1043,0.1474,0,1,1,17,1
TXN006013,757.22,52,42,5,952.92,0.3951,0.0748,0.2892,1,0,0,16,0
TXN006014,2061.91,48,385,26,1189.39,0.0872,0.1129,0.1645,0,0,1,6,1
TXN006015,625.11,45,376,4,1126.3,0.2463,0.3109,0.4236,0,0,0,13,0
TXN006016,261.87,23,217,4,668.64,0.1602,0.1123,0.1353,1,0,0,16,0
TXN006017,853.25,35,32,3,1139.09,0.2657,0.291,0.1848,0,0,0,7,0
TXN006018,1964.22,22,480,2,1834.73,0.138,0.2709,0.2678,0,0,0,13,0
TXN006019,2133.57,57,247,2,2262.56,0.0957,0.0213,0.1088,0,0,0,2,0
TXN006020,1755.26,57,75,2,1907.43,0.4007,0.0531,0.2519,0,0,0,7,0
TXN006021,367.94,31,69,1,683.64,0.156,0.1138,0.2202,0,0,0,13,0
TXN006022,997.2,33,184,1,1711.88,0.1586,0.2919,0.2101,0,0,0,13,0
TXN006023,1161.23,34,82,2,1519.03,0.195,0.1406,0.2095,0,0,0,23,0
TXN006024,488.45,64,666,3,667.28,0.162,0.1496,0.1146,0,0,0,9,0
TXN006025,1449.43,43,355,2,792.33,0.0602,0.201,0.0898,0,0,0,22,0
TXN006026,2040.48,57,638,2,1764.79,0.0049,0.3339,0.101,0,0,0,7,0
TXN006027,2145.07,41,577,1,2875.08,0.155,0.0509,0.344,0,0,0,20,0
TXN006028,563.45,54,1160,3,308.53,0.356,0.0482,0.252,0,1,0,20,0
TXN006029,4418.24,45,190,2,3456.61,0.1223,0.4228,0.3134,0,0,0,5,0
TXN006030,1174.11,32,195,3,2477.27,0.1362,0.1729,0.0798,1,0,0,6,1
TXN006031,211.97,63,256,4,1260.65,0.1093,0.1104,0.5582,1,0,0,19,0
TXN006032,446.78,54,144,1,926.58,0.0749,0.1674,0.4965,0,1,0,12,0
TXN006033,1999.23,58,310,1,1441.3,0.2355,0.1352,0.155,0,0,0,14,0
TXN006034,1143.58,67,487,8,700.37,0.063,0.3164,0.2718,0,0,0,8,0
TXN006035,388.58,30,236,4,968.37,0.1088,0.3811,0.4614,0,0,0,11,0
TXN006036,561.01,22,731,5,390.52,0.5227,0.2828,0.0428,0,0,0,19,0
TXN006037,455.93,48,162,3,324.06,0.0451,0.1061,0.2362,0,0,1,14,0
TXN006038,12087.02,34,20,2,5611.73,0.3461,0.4765,0.2332,0,0,0,15,1
TXN006039,1933.08,40,1165,2,1146.14,0.1661,0.1613,0.036,0,1,0,12,1
TXN006040,2660.1,30,762,4,1264.69,0.1101,0.1548,0.3308,0,0,0,2,0
TXN006041,1404.01,38,387,2,1073.29,0.301,0.1381,0.1745,0,1,1,18,0
TXN006042,789.0,38,90,13,614.35,0.0454,0.3863,0.126,0,0,0,5,0
TXN006043,734.76,36,105,4,884.53,0.2289,0.2826,0.0791,0,0,0,5,0
TXN006044,1835.32,56,590,2,1168.92,0.2477,0.4535,0.17,0,0,1,18,0
TXN006045,459.22,48,1886,7,955.61,0.3628,0.1772,0.1299,0,0,0,10,0
TXN006046,600.15,42,536,1,647.72,0.2041,0.2037,0.1813,0,1,0,5,0
TXN006047,2064.37,23,695,3,1534.01,0.133,0.1627,0.2657,0,1,0,10,0
TXN006048,2714.53,47,127,3,1251.2,0.0597,0.0911,0.2171,1,0,0,6,1
TXN006049,1110.06,27,600,4,1443.8,0.0269,0.2582,0.2127,0,0,1,20,0
TXN006050,3056.88,34,199,2,1796.38,0.0838,0.1694,0.0867,0,0,0,14,0
TXN006051,873.22,39,892,6,973.24,0.2184,0.3061,0.102,0,0,0,22,1
TXN006052,1676.83,25,484,5,974.36,0.1733,0.3059,0.185,0,0,1,8,0
TXN006053,1992.16,38,212,4,3095.54,0.0895,0.171,0.4057,0,1,0,10,0
TXN006054,844.27,31,439,0,566.34,0.2388,0.5471,0.2733,0,1,0,12,0
TXN006055,280.35,62,167,4,295.44,0.2523,0.0475,0.2395,0,0,0,11,0
TXN006056,843.09,62,69,4,1617.89,0.2635,0.466,0.3076,1,0,0,1,0
TXN006057,648.81,18,888,11,705.89,0.1296,0.0832,0.2631,0,1,0,14,0
TXN006058,1067.2,49,443,1,515.87,0.1398,0.2162,0.2155,0,0,0,10,0
TXN006059,1163.4,51,128,16,2037.88,0.0283,0.244,0.1373,0,0,0,4,0
TXN006060,438.03,37,82,20,990.95,0.0513,0.0233,0.1274,0,1,0,9,0
TXN006061,563.86,42,359,1,452.82,0.0099,0.0859,0.1876,0,0,0,18,0
TXN006062,1688.63,59,24,1,4249.1,0.3294,0.1108,0.1068,1,0,0,17,0
TXN006063,839.13,37,100,2,355.14,0.1667,0.0267,0.0604,0,0,1,12,1
TXN006064,2405.02,21,190,23,1032.07,0.4681,0.0492,0.1195,0,1,0,15,0
TXN006065,517.27,37,743,4,292.22,0.2209,0.2669,0.2175,0,0,0,20,0
TXN006066,1317.23,31,177,1,1325.39,0.3745,0.1203,0.4363,0,0,0,23,0
TXN006067,1748.98,37,756,3,700.1,0.3983,0.2483,0.2995,1,0,0,15,0
TXN006068,4078.52,29,828,1,1945.92,0.2136,0.0295,0.2964,0,0,0,18,0
TXN006069,808.22,25,1182,2,1083.37,0.0204,0.3597,0.1358,0,0,0,18,0
TXN006070,6227.84,69,223,7,2822.63,0.2193,0.2872,0.2447,0,0,0,14,0
TXN006071,491.66,24,50,3,811.76,0.1263,0.3779,0.3079,0,0,0,23,0
TXN006072,320.04,54,210,3,356.67,0.178,0.2064,0.3089,0,0,0,15,0
TXN006073,482.92,55,384,2,1294.99,0.1095,0.186,0.0459,0,0,0,2,0
TXN006074,995.72,50,419,3,918.93,0.1796,0.1644,0.1579,1,0,0,4,0
TXN006075,261.0,65,88,15,306.9,0.0701,0.0265,0.2758,0,0,0,12,0
TXN006076,408.51,18,202,5,523.86,0.4005,0.1547,0.1045,0,1,1,5,0
TXN006077,597.59,33,137,1,654.59,0.2543,0.1609,0.2974,0,0,0,21,0
TXN006078,2368.52,27,396,2,3257.67,0.2389,0.039,0.1494,0,0,0,9,0
TXN006079,1841.13,48,153,4,1799.41,0.0877,0.1485,0.0516,0,0,0,23,0
TXN006080,1741.58,51,113,2,859.7,0.1684,0.3149,0.1152,0,0,0,17,0
TXN006081,850.3,64,311,5,1524.79,0.1177,0.2426,0.0067,0,0,0,20,0
TXN006082,422.74,37,153,4,263.06,0.2647,0.2576,0.2934,1,0,0,1,1
TXN006083,831.27,30,30,12,738.46,0.4271,0.3372,0.1293,1,0,0,7,1
TXN006084,1783.74,66,676,5,1452.0,0.2571,0.3702,0.2011,0,0,1,22,1
TXN006085,1210.6,52,75,1,1231.22,0.0643,0.183,0.2345,0,1,0,20,0
TXN006086,506.68,57,16,3,751.79,0.06,0.3187,0.1191,0,0,0,23,0
TXN006087,1363.57,41,293,2,1067.62,0.1241,0.2235,0.3177,0,1,0,9,0
TXN006088,1848.33,41,109,3,1389.47,0.1496,0.3395,0.2172,0,0,0,23,0
TXN006089,701.48,38,25,4,1089.47,0.1564,0.0322,0.0748,0,0,0,13,0
TXN006090,959.6,56,197,5,2003.6,0.0883,0.243,0.2516,0,0,0,17,0
TXN006091,1436.57,28,164,5,1370.72,0.0796,0.1707,0.2547,1,0,0,5,0
TXN006092,2375.5,68,1596,4,1568.49,0.1888,0.0765,0.2073,0,0,0,22,0
TXN006093,6325.14,27,878,6,3639.09,0.2038,0.2908,0.0304,0,0,0,7,0
TXN006094,3793.64,41,437,4,1957.17,0.2669,0.1174,0.3296,1,0,0,10,0
TXN006095,4550.24,34,325,2,3709.57,0.3554,0.3017,0.2112,0,0,0,4,0
TXN006096,592.82,51,753,2,685.17,0.0972,0.098,0.2821,0,0,0,14,0
TXN006097,359.29,53,637,4,359.71,0.0897,0.3002,0.3516,0,0,0,1,0
TXN006098,501.73,65,239,4,994.07,0.0451,0.1183,0.1588,0,0,0,19,0
TXN006099,643.31,59,807,5,936.44,0.0551,0.1722,0.0982,0,0,0,5,0
TXN006100,2958.11,30,458,1,3046.02,0.2341,0.3549,0.2404,0,0,0,1,0
TXN006101,429.37,28,1463,1,497.19,0.0651,0.4158,0.4173,0,0,1,16,0
TXN006102,1091.59,64,378,3,1037.72,0.2367,0.2011,0.0814,0,1,0,19,0
TXN006103,683.66,43,774,4,1456.26,0.3334,0.1054,0.4052,0,0,0,10,0
TXN006104,624.38,23,1410,3,1176.23,0.1964,0.2206,0.3219,1,0,0,14,0
TXN006105,1489.96,60,1092,2,972.56,0.1148,0.1511,0.0566,0,1,0,3,0
TXN006106,891.28,51,712,2,1409.51,0.2315,0.0884,0.2047,0,0,1,9,0
TXN006107,1609.16,19,620,3,2334.07,0.2729,0.1999,0.3092,0,0,0,5,0
TXN006108,3385.62,58,410,5,3213.2,0.1631,0.2272,0.2455,1,0,0,17,0
TXN006109,672.37,49,403,2,1122.11,0.1097,0.1421,0.1408,0,0,1,9,0
TXN006110,1138.41,49,95,2,619.5,0.1438,0.1662,0.0625,0,0,1,2,0
TXN006111,1608.27,62,348,2,3210.47,0.2462,0.1393,0.211,0,0,1,18,0
TXN006112,516.2,43,290,1,515.77,0.3186,0.0918,0.0347,1,0,0,9,0
TXN006113,2544.48,41,284,4,3840.68,0.44,0.0955,0.1163,0,0,0,23,0
TXN006114,3061.92,50,16,5,2809.87,0.136,0.2989,0.0902,1,0,0,6,1
TXN006115,2366.04,28,186,3,3110.63,0.0686,0.1461,0.3778,0,0,1,8,0
TXN006116,1748.94,25,526,4,1771.84,0.1655,0.1255,0.0395,0,0,0,8,0
TXN006117,489.29,61,227,4,249.95,0.1979,0.0203,0.3914,0,0,0,20,0
TXN006118,363.04,29,352,4,529.86,0.0594,0.2045,0.1174,0,0,0,18,0
TXN006119,927.18,44,132,6,1359.43,0.1541,0.1236,0.0258,0,0,0,18,0
TXN006120,574.39,32,140,17,683.38,0.2638,0.0245,0.1362,0,0,0,4,1
TXN006121,1978.34,29,41,3,879.46,0.441,0.1813,0.2255,0,0,0,6,0
TXN006122,1602.96,49,531,4,1684.06,0.1617,0.3937,0.4502,0,0,0,7,0
TXN006123,1919.52,59,11,15,973.62,0.2239,0.2773,0.1976,1,1,0,12,1
TXN006124,423.85,40,106,4,467.17,0.2839,0.2439,0.3453,0,0,0,11,1
TXN006125,3921.63,25,85,4,2038.48,0.0616,0.3819,0.0792,0,0,0,2,0
TXN006126,1967.46,30,266,4,1572.52,0.3534,0.1633,0.125,0,0,0,13,0
TXN006127,1249.77,26,117,2,921.22,0.0457,0.2011,0.0945,0,0,0,9,0
TXN006128,819.11,63,850,13,1804.22,0.0565,0.3478,0.0524,0,0,0,1,1
TXN006129,490.41,34,225,2,1172.08,0.3105,0.178,0.3806,0,0,0,10,0
TXN006130,5016.88,37,206,2,2784.86,0.0555,0.1664,0.3417,0,0,0,15,0
TXN006131,2181.18,21,345,5,1219.07,0.0781,0.0875,0.0343,0,0,0,2,0
TXN006132,10493.9,41,305,3,2770.41,0.3204,0.0797,0.1361,0,0,0,16,1
TXN006133,130.47,65,46,13,295.43,0.3281,0.2846,0.0819,0,0,0,16,1
TXN006134,1975.63,39,880,3,1512.4,0.0627,0.2041,0.3914,0,0,0,15,0
TXN006135,472.67,51,252,4,830.06,0.2698,0.1008,0.4667,0,0,0,14,0
TXN006136,399.95,27,798,4,601.04,0.1116,0.4398,0.2205,0,0,0,1,0
TXN006137,1871.91,25,724,5,2467.47,0.4834,0.2906,0.0466,0,0,0,1,0
TXN006138,2521.62,56,263,5,2043.38,0.0298,0.1371,0.0973,0,0,0,4,0
TXN006139,186.84,21,412,3,269.2,0.0435,0.0516,0.4154,1,0,0,1,0
TXN006140,1843.38,41,21,4,1809.57,0.2213,0.1945,0.1941,0,0,0,18,1
TXN006141,2626.8,34,28,2,1662.21,0.129,0.4058,0.2405,0,0,0,3,0
TXN006142,1229.34,18,103,4,661.06,0.5272,0.3502,0.3006,0,0,0,10,1
TXN006143,894.45,45,447,3,611.12,0.0996,0.0551,0.1967,1,0,0,7,1
TXN006144,461.8,68,293,0,360.18,0.0477,0.2088,0.1688,0,0,0,18,0
TXN006145,800.97,21,851,1,865.86,0.1697,0.0449,0.1694,1,0,0,17,0
TXN006146,708.28,60,288,0,968.51,0.3804,0.1237,0.2923,0,0,1,3,0
TXN006147,2576.93,46,143,4,1915.81,0.1717,0.3373,0.0116,0,0,0,12,0
TXN006148,742.9,55,428,3,1324.2,0.2855,0.1627,0.0984,1,0,0,18,0
TXN006149,557.57,23,117,14,522.21,0.0196,0.2414,0.3906,0,0,0,16,1
TXN006150,717.37,63,274,3,1296.23,0.2021,0.0892,0.3053,0,0,0,8,0
TXN006151,897.37,18,779,2,917.97,0.1143,0.2522,0.3156,0,1,0,10,0
TXN006152,319.28,65,1028,1,569.99,0.1426,0.0825,0.2818,0,0,0,9,1
TXN006153,289.18,52,19,2,360.45,0.234,0.1152,0.1167,0,0,0,13,0
TXN006154,1170.97,35,468,2,1698.26,0.1335,0.0986,0.0629,0,0,0,5,0
TXN006155,967.17,18,829,3,1498.89,0.3,0.2165,0.343,0,0,0,23,1
TXN006156,1543.32,49,33,2,1619.28,0.5564,0.33,0.106,0,0,0,13,0
TXN006157,173.67,22,262,1,658.67,0.4893,0.0136,0.15,0,0,0,11,0
TXN006158,458.7,49,73,5,1236.15,0.1735,0.2653,0.2885,0,0,0,20,0
TXN006159,651.51,58,238,4,418.74,0.1839,0.3442,0.3205,0,0,0,1,0
TXN006160,596.16,31,1179,3,549.71,0.3018,0.1281,0.1038,0,0,0,4,0
TXN006161,754.28,30,111,5,1122.84,0.1881,0.1548,0.2532,0,0,0,11,0
TXN006162,2251.37,29,261,2,1317.71,0.0572,0.4296,0.1652,0,0,0,16,0
TXN006163,246.73,29,698,3,350.66,0.0977,0.3278,0.2227,0,0,0,19,0
TXN006164,380.27,23,177,20,523.07,0.2773,0.4154,0.2311,0,0,0,1,1
TXN006165,551.9,30,96,1,849.14,0.0115,0.0395,0.0664,1,0,0,17,0
TXN006166,6121.75,52,464,3,2145.15,0.3397,0.1338,0.2354,0,0,1,15,0
TXN006167,706.37,33,223,5,620.69,0.1624,0.234,0.1608,0,0,0,3,0
TXN006168,1347.55,58,360,1,1210.03,0.1109,0.0807,0.2409,0,0,0,8,0
TXN006169,1682.94,60,320,3,1302.15,0.393,0.2757,0.2825,0,0,0,9,0
TXN006170,332.36,57,46,6,920.78,0.2084,0.1247,0.1947,0,0,0,10,0
TXN006171,954.23,46,1267,0,1322.94,0.2902,0.0771,0.2343,1,0,0,14,0
TXN006172,549.39,34,261,4,427.76,0.3346,0.2544,0.1846,0,1,0,15,0
TXN006173,691.38,66,139,26,692.94,0.0924,0.1522,0.0609,0,0,0,3,1
TXN006174,10067.14,28,254,1,2993.06,0.3537,0.1047,0.125,0,0,0,16,0
TXN006175,2342.51,42,141,5,3144.26,0.4281,0.1647,0.3095,0,0,0,16,0
TXN006176,3323.57,41,274,3,1978.4,0.1972,0.0695,0.2006,1,0,0,23,0
TXN006177,3690.72,56,380,5,2369.12,0.268,0.1101,0.1474,1,0,0,11,0
TXN006178,330.44,46,39,3,305.47,0.0264,0.221,0.2146,0,1,0,1,0
TXN006179,674.74,59,981,23,564.48,0.2702,0.0751,0.098,0,0,0,6,1
TXN006180,751.91,65,42,1,882.03,0.1042,0.2288,0.1927,1,0,0,1,0
TXN006181,2009.63,38,67,4,5948.83,0.2251,0.2559,0.0933,0,0,0,9,0
TXN006182,1067.31,63,1211,8,880.81,0.0608,0.0709,0.2569,0,0,0,16,0
TXN006183,2338.04,26,245,2,1847.21,0.0355,0.153,0.3164,0,0,0,1,0
TXN006184,1972.32,65,1326,5,1429.19,0.0279,0.2288,0.1478,0,0,1,13,1
TXN006185,1456.79,27,103,5,1407.1,0.1245,0.1393,0.1017,0,0,0,2,0
TXN006186,1839.5,62,311,6,1078.72,0.2156,0.2689,0.1928,1,0,0,20,0
TXN006187,294.03,38,208,3,473.42,0.255,0.2126,0.3465,0,0,0,22,0
TXN006188,371.22,68,200,5,165.54,0.1967,0.132,0.4159,0,0,0,14,0
TXN006189,1562.33,24,954,3,2689.98,0.2457,0.1139,0.1058,0,0,0,16,0
TXN006190,671.25,42,101,2,712.27,0.1293,0.2247,0.2484,0,0,0,4,0
TXN006191,431.6,64,189,4,296.79,0.4056,0.1709,0.0851,0,0,0,15,1
TXN006192,1122.54,20,36,1,1490.06,0.0725,0.0791,0.2381,0,1,0,7,0
TXN006193,2219.65,31,727,6,1470.2,0.1708,0.1265,0.2035,0,0,0,12,0
TXN006194,1554.63,22,46,20,1877.18,0.3338,0.2672,0.1937,1,0,0,20,1
TXN006195,2555.43,34,44,4,2394.67,0.0944,0.2205,0.179,0,0,0,20,0
TXN006196,521.7,38,104,2,576.35,0.3375,0.0295,0.1769,0,0,0,6,0
TXN006197,432.79,50,536,4,594.38,0.1396,0.099,0.169,0,0,0,19,0
TXN006198,3026.01,31,512,1,877.35,0.4256,0.4992,0.3053,1,0,0,22,0
TXN006199,1228.18,26,424,0,1949.15,0.4819,0.1958,0.0325,1,0,0,4,0
TXN006200,71.58,26,1647,6,251.68,0.0529,0.1245,0.4927,0,0,0,16,0
TXN006201,771.04,66,660,6,1199.6,0.1088,0.0492,0.2397,1,0,0,1,0
TXN006202,2263.57,67,201,1,2105.87,0.0326,0.3717,0.3861,0,0,0,22,0
TXN006203,1662.92,29,271,2,2045.91,0.3023,0.0364,0.1959,0,0,0,9,0
TXN006204,3153.32,28,157,7,1800.81,0.0888,0.0532,0.2613,0,0,0,15,0
TXN006205,3961.2,20,909,3,2307.92,0.0139,0.0668,0.0183,1,0,0,13,0
TXN006206,134.54,67,650,1,160.29,0.1728,0.2506,0.1102,0,0,0,21,0
TXN006207,1345.07,54,159,25,3392.86,0.2412,0.0298,0.1373,0,0,0,10,1
TXN006208,682.36,57,271,4,1382.0,0.0463,0.2791,0.1499,0,0,0,15,0
TXN006209,2742.28,33,137,0,2791.28,0.2369,0.248,0.1543,0,0,0,9,0
TXN006210,203.83,51,324,2,481.91,0.2232,0.1427,0.1418,0,0,0,18,0
TXN006211,262.44,21,147,2,321.28,0.1295,0.4216,0.1122,0,0,0,4,0
TXN006212,8368.09,53,750,16,3829.4,0.3787,0.0598,0.21,0,0,0,12,0
TXN006213,692.28,48,715,2,573.31,0.0258,0.0745,0.1922,0,0,0,1,0
TXN006214,904.63,35,651,3,882.19,0.1251,0.388,0.3019,0,0,0,14,0
TXN006215,894.97,54,587,4,1586.39,0.0201,0.1639,0.153,0,0,0,9,0
TXN006216,2081.78,51,58,21,1883.75,0.2081,0.0124,0.0251,0,0,0,1,1
TXN006217,2023.74,40,49,0,2332.96,0.459,0.2199,0.2677,0,0,0,15,0
TXN006218,1462.09,27,1200,8,1282.25,0.1071,0.1023,0.1743,0,0,0,11,0
TXN006219,782.03,19,993,25,524.26,0.2463,0.1981,0.3423,0,0,0,10,1
TXN006220,2947.2,66,413,2,1798.38,0.0877,0.2268,0.1549,0,0,0,22,0
TXN006221,1952.14,32,265,4,1818.54,0.2531,0.2373,0.3121,0,0,0,11,0
TXN006222,407.9,33,328,18,307.81,0.0599,0.1954,0.0612,0,0,0,2,0
TXN006223,2233.87,53,731,1,2960.4,0.4702,0.1596,0.3291,0,0,0,19,0
TXN006224,358.51,31,590,1,192.3,0.2123,0.2515,0.1657,0,0,0,12,0
TXN006225,1388.77,37,267,6,2262.2,0.181,0.2966,0.3011,0,0,0,14,0
TXN006226,627.67,54,185,17,703.54,0.1676,0.0593,0.2797,0,0,0,7,1
TXN006227,3547.49,48,84,3,1796.97,0.1316,0.3496,0.0711,0,0,0,14,0
TXN006228,1202.58,52,623,2,1567.34,0.2062,0.1354,0.0388,0,0,0,8,0
TXN006229,511.11,18,31,2,1068.5,0.1848,0.1576,0.1975,0,0,0,14,0
TXN006230,1199.73,41,81,1,1503.82,0.1163,0.1591,0.0162,0,0,1,3,0
TXN006231,2219.28,42,625,5,1032.24,0.1802,0.1199,0.2779,0,0,0,10,0
TXN006232,518.46,50,332,3,1807.62,0.1447,0.2448,0.2419,0,0,1,23,0
TXN006233,5356.18,25,96,2,5062.88,0.1732,0.0707,0.1393,0,0,0,14,0
TXN006234,302.61,26,53,8,428.86,0.2915,0.2589,0.1363,0,0,0,4,1
TXN006235,107.35,57,1408,4,117.72,0.4132,0.0729,0.2229,0,0,0,21,0
TXN006236,676.77,53,60,2,819.77,0.212,0.1082,0.172,0,0,0,12,0
TXN006237,1325.37,60,62,3,781.47,0.2423,0.1022,0.1011,0,0,0,4,0
TXN006238,867.22,32,110,4,841.93,0.1125,0.2763,0.2392,0,0,0,18,1
TXN006239,999.53,69,502,3,573.35,0.2781,0.3592,0.0585,0,0,0,12,0
TXN006240,4092.77,32,481,4,2019.7,0.2087,0.341,0.2186,0,1,0,5,0
TXN006241,423.91,51,135,4,416.99,0.1545,0.1156,0.2601,0,0,0,20,0
TXN006242,1233.76,26,132,3,1503.49,0.3385,0.2762,0.1201,0,0,0,8,0
TXN006243,2109.86,65,233,5,1714.58,0.2486,0.4415,0.3032,0,0,0,6,0
TXN006244,1872.69,35,615,14,1368.58,0.1067,0.389,0.0749,0,0,0,17,0
TXN006245,817.86,59,375,2,1542.25,0.0226,0.039,0.1961,0,0,0,2,0
TXN006246,2426.78,35,499,1,2131.3,0.1013,0.3176,0.1485,0,0,0,13,0
TXN006247,990.33,59,275,2,1138.53,0.2791,0.095,0.2184,0,0,0,14,0
TXN006248,682.84,41,309,3,860.45,0.0794,0.1463,0.3914,0,0,0,2,1
TXN006249,1054.1,21,36,3,1541.42,0.0967,0.1174,0.2754,0,0,0,23,0
TXN006250,1183.36,27,375,3,1669.46,0.2764,0.0515,0.0944,0,0,0,13,0
TXN006251,4078.07,53,50,3,2044.23,0.2264,0.4055,0.2411,0,0,0,8,0
TXN006252,270.73,28,1340,3,330.74,0.0947,0.0528,0.0739,0,0,0,0,0
TXN006253,1809.12,32,288,7,964.42,0.2137,0.2043,0.1158,0,0,1,11,0
TXN006254,559.09,46,318,3,520.22,0.1849,0.139,0.2816,1,0,0,21,0
TXN006255,871.04,31,1114,13,1624.05,0.2051,0.1784,0.1132,1,0,0,9,1
TXN006256,2025.6,24,843,2,1823.83,0.016,0.3023,0.1757,0,0,0,3,0
TXN006257,470.86,50,419,4,904.98,0.1487,0.2835,0.0559,0,0,0,7,0
TXN006258,919.14,53,440,1,658.2,0.174,0.2065,0.2684,0,0,0,10,0
TXN006259,1485.64,56,150,3,1665.49,0.086,0.3673,0.3582,0,0,0,22,0
TXN006260,1598.91,67,235,1,998.98,0.1422,0.0861,0.0407,0,1,0,8,1
TXN006261,6548.41,24,22,3,2976.57,0.2047,0.2043,0.3,0,1,0,22,0
TXN006262,1460.64,40,188,1,3793.59,0.0804,0.3087,0.2196,1,0,0,11,0
TXN006263,1714.48,30,94,2,2209.45,0.1237,0.1397,0.205,0,0,0,18,0
TXN006264,663.59,64,379,4,1290.6,0.036,0.2123,0.4095,0,0,0,3,0
TXN006265,12899.53,46,9,5,3935.93,0.1145,0.1214,0.15,0,0,0,15,0
TXN006266,1018.75,23,475,0,1297.9,0.3652,0.2078,0.2283,1,0,0,16,1
TXN006267,380.41,53,421,4,784.12,0.1855,0.1926,0.1296,0,0,0,7,0
TXN006268,2343.61,20,789,1,683.52,0.1051,0.2152,0.0405,1,0,0,20,0
TXN006269,449.53,32,300,4,670.18,0.5693,0.0982,0.1378,0,0,0,2,1
TXN006270,447.43,55,651,1,1091.75,0.1361,0.0099,0.1928,0,0,0,19,0
TXN006271,801.95,44,594,16,1516.5,0.2673,0.3731,0.1909,0,0,0,18,1
TXN006272,440.6,57,127,2,407.23,0.1519,0.1758,0.4022,0,0,0,9,0
TXN006273,821.32,47,363,5,800.91,0.1594,0.0793,0.0856,0,0,1,10,0
TXN006274,803.67,61,941,4,1272.83,0.3474,0.196,0.3062,0,1,1,1,1
TXN006275,1317.86,47,349,2,1720.79,0.1085,0.3227,0.0282,0,0,0,19,0
TXN006276,1108.82,20,203,5,1076.91,0.1243,0.1609,0.1652,0,0,0,13,0
TXN006277,2695.42,21,795,2,1301.35,0.2499,0.1377,0.1274,0,0,0,16,0
TXN006278,553.54,58,60,2,460.83,0.2868,0.0805,0.057,0,0,0,20,0
TXN006279,424.97,20,106,2,579.26,0.2097,0.0758,0.1364,0,0,0,18,0
TXN006280,926.82,37,29,22,1050.89,0.2084,0.1161,0.2802,0,0,0,19,1
TXN006281,2394.01,18,12,3,1567.73,0.5249,0.2574,0.1701,0,0,1,18,1
TXN006282,3248.5,33,143,3,1289.37,0.1774,0.0956,0.2556,0,0,1,15,0
TXN006283,329.73,48,215,4,605.36,0.1202,0.0856,0.0376,1,0,0,17,0
TXN006284,1715.0,26,775,24,929.28,0.0237,0.0602,0.0943,0,0,0,5,1
TXN006285,2660.47,42,1599,7,3159.87,0.2835,0.2243,0.3547,0,1,0,4,0
TXN006286,656.98,69,667,3,1605.16,0.1347,0.1703,0.1545,0,0,0,8,0
TXN006287,359.24,21,124,3,978.7,0.1877,0.1485,0.2105,0,0,0,11,0
TXN006288,1114.0,21,24,6,534.81,0.0989,0.1247,0.3917,0,0,1,10,0
TXN006289,1480.28,32,1409,4,665.57,0.1862,0.1131,0.0706,1,1,0,10,0
TXN006290,805.62,61,336,1,1101.7,0.0943,0.216,0.5658,0,1,0,10,0
TXN006291,1183.8,39,370,2,1330.3,0.3951,0.1186,0.1989,0,0,0,8,0
TXN006292,611.31,51,1398,3,1629.28,0.2666,0.0876,0.1486,0,0,0,19,0
TXN006293,2187.93,19,903,4,1438.84,0.253,0.131,0.0971,0,0,0,19,0
TXN006294,833.16,56,269,30,846.27,0.1015,0.3743,0.2103,0,0,1,4,1
TXN006295,326.51,21,1145,3,766.8,0.2697,0.24,0.1121,1,0,0,12,0
TXN006296,5143.55,55,44,3,4595.77,0.1144,0.312,0.1246,0,1,0,7,0
TXN006297,345.95,25,40,1,742.83,0.2937,0.1922,0.3273,0,0,1,11,0
TXN006298,603.31,62,8,5,443.99,0.1353,0.1421,0.2896,0,0,0,6,0
TXN006299,191.97,33,81,2,348.24,0.2219,0.3711,0.1206,0,1,0,13,0
TXN006300,1030.87,27,514,2,856.43,0.1559,0.2512,0.1875,0,1,0,8,0
TXN006301,1478.56,35,625,1,2117.49,0.2882,0.1394,0.3887,0,0,0,6,0
TXN006302,199.48,18,7,6,732.77,0.2603,0.2108,0.1517,0,0,0,7,0
TXN006303,5335.56,26,461,3,3084.86,0.2847,0.1499,0.1461,0,0,0,10,0
TXN006304,1944.8,49,364,2,1091.06,0.1313,0.3448,0.151,0,0,0,22,0
TXN006305,1789.53,33,219,13,2384.37,0.4183,0.1696,0.1278,0,0,0,6,0
TXN006306,750.34,36,152,3,645.22,0.1852,0.3077,0.4199,0,0,0,20,0
TXN006307,830.02,59,235,1,652.26,0.2204,0.23,0.104,1,0,0,8,0
TXN006308,1513.99,24,765,2,1168.8,0.1233,0.2931,0.3918,1,1,0,18,0
TXN006309,3971.37,38,84,4,1537.31,0.1972,0.1686,0.1621,0,0,0,15,0
TXN006310,1216.79,27,520,4,967.51,0.0574,0.0833,0.1025,0,0,0,16,0
TXN006311,1105.46,43,1,3,1345.78,0.2889,0.2421,0.0882,1,0,0,6,0
TXN006312,2094.97,35,817,1,1655.64,0.3557,0.1039,0.1081,1,0,0,5,0
TXN006313,320.27,20,143,3,405.71,0.1291,0.4956,0.1113,0,0,0,17,0
TXN006314,480.72,21,113,0,863.8,0.1311,0.276,0.0989,0,0,0,18,0
TXN006315,1491.86,62,39,7,762.74,0.134,0.2668,0.2543,1,1,0,7,1
TXN006316,1058.6,20,323,4,789.12,0.3224,0.2775,0.2585,0,0,0,1,0
TXN006317,523.7,58,615,15,1457.99,0.2275,0.0304,0.2829,0,0,0,8,1
TXN006318,528.81,65,264,4,770.2,0.1588,0.1672,0.2228,0,0,0,18,0
TXN006319,408.77,42,10,7,269.47,0.393,0.0883,0.1376,0,0,0,15,0
TXN006320,393.21,34,850,1,929.3,0.2708,0.0161,0.0555,0,0,0,12,0
TXN006321,344.06,58,334,6,520.57,0.2612,0.4775,0.1137,0,0,0,16,1
TXN006322,6709.39,69,4,3,1552.21,0.1129,0.0596,0.0829,0,0,0,9,0
TXN006323,1606.63,24,330,3,1927.52,0.2685,0.0559,0.1497,0,0,0,1,0
TXN006324,434.02,68,11,3,239.28,0.319,0.16,0.3171,0,0,0,8,0
TXN006325,1455.78,67,1628,6,637.81,0.0914,0.3116,0.1281,0,0,0,14,0
TXN006326,852.09,25,457,5,1404.39,0.1132,0.153,0.0267,0,0,0,19,0
TXN006327,473.56,20,45,3,409.03,0.1624,0.3383,0.1039,0,0,0,5,0
TXN006328,5885.31,55,875,1,1896.68,0.2795,0.1277,0.278,0,0,0,18,0
TXN006329,2943.22,22,112,2,2285.91,0.1781,0.1267,0.2528,0,0,0,1,0
TXN006330,3596.17,49,295,4,979.06,0.0187,0.6454,0.4232,0,0,0,1,0
TXN006331,449.43,21,154,4,637.95,0.0344,0.1204,0.3795,0,0,0,12,0
TXN006332,584.65,53,23,3,217.59,0.388,0.0903,0.3921,0,0,0,21,0
TXN006333,1956.65,30,11,1,1938.79,0.2277,0.1883,0.1434,1,0,0,16,0
TXN006334,3720.68,23,514,3,4454.97,0.0758,0.0814,0.3164,0,0,0,13,0
TXN006335,5480.65,21,118,2,3854.34,0.4293,0.3445,0.2906,0,1,0,7,0
TXN006336,899.84,27,176,0,956.73,0.2543,0.2007,0.0586,0,0,0,13,1
TXN006337,487.17,46,618,3,510.37,0.1585,0.2462,0.0995,0,0,0,7,0
TXN006338,2573.94,21,170,4,1971.08,0.2657,0.131,0.0201,0,0,0,13,0
TXN006339,371.27,59,433,5,1003.44,0.0752,0.2176,0.0451,1,0,0,10,0
TXN006340,987.75,49,1194,12,1532.56,0.0508,0.0757,0.1766,1,0,0,11,0
TXN006341,2017.03,33,512,22,1355.5,0.3682,0.3853,0.4152,1,0,0,2,1
TXN006342,2019.17,69,95,5,1170.4,0.2089,0.2114,0.2508,0,0,0,1,0
TXN006343,2741.98,52,114,28,2252.87,0.2055,0.3679,0.1286,0,0,0,7,1
TXN006344,2691.08,52,447,3,2312.23,0.3374,0.0426,0.3394,0,0,1,7,0
TXN006345,949.0,27,74,2,760.61,0.2087,0.0362,0.1743,0,0,0,15,0
TXN006346,973.22,54,575,5,574.68,0.4209,0.1659,0.2294,0,1,0,7,0
TXN006347,87.02,47,2306,25,190.68,0.0612,0.1163,0.0688,0,0,0,17,0
TXN006348,650.33,69,180,7,860.65,0.1497,0.1171,0.1467,0,0,0,15,0
TXN006349,489.67,42,282,6,510.13,0.1413,0.2852,0.1692,0,0,0,19,0
TXN006350,1637.82,53,719,6,1470.62,0.2215,0.1271,0.2261,0,0,0,13,0
TXN006351,271.67,35,50,2,866.87,0.1197,0.1204,0.1906,0,0,0,21,0
TXN006352,468.36,20,866,3,935.24,0.1446,0.3556,0.3085,0,0,0,4,1
TXN006353,1918.34,24,547,4,1935.99,0.3022,0.1931,0.2359,0,0,1,15,0
TXN006354,2528.31,63,114,5,1448.2,0.0394,0.0256,0.0532,0,0,0,19,0
TXN006355,802.59,56,358,6,1010.62,0.1542,0.1259,0.2746,0,0,0,15,0
TXN006356,2474.29,36,348,3,3570.63,0.3976,0.3277,0.3767,0,0,0,11,0
TXN006357,2458.91,54,185,2,1838.5,0.2215,0.1318,0.0739,0,0,0,7,0
TXN006358,684.34,18,2543,4,819.67,0.2549,0.1166,0.291,0,0,0,6,1
TXN006359,1372.81,19,664,1,845.66,0.0725,0.137,0.3467,0,0,0,21,0
TXN006360,1686.04,44,679,1,1904.29,0.0879,0.4453,0.1357,0,0,0,12,0
TXN006361,684.46,50,292,11,1263.94,0.2899,0.3433,0.3173,0,0,0,10,0
TXN006362,1092.82,66,599,17,500.29,0.2581,0.0817,0.2346,0,0,0,13,1
TXN006363,4051.3,57,686,3,2051.44,0.026,0.0215,0.2051,0,1,0,16,0
TXN006364,1563.29,31,80,3,2644.04,0.3616,0.5456,0.1285,0,0,0,20,0
TXN006365,3116.95,60,153,1,2507.33,0.1214,0.6423,0.2726,1,0,0,5,0
TXN006366,2697.97,43,157,0,3228.99,0.1017,0.3295,0.1259,0,0,0,22,0
TXN006367,6561.17,60,325,0,4667.78,0.2413,0.2466,0.1573,0,0,0,12,0
TXN006368,2274.11,27,598,2,3681.12,0.105,0.1355,0.0973,1,0,1,10,0
TXN006369,2248.41,19,73,4,1391.95,0.1512,0.1527,0.469,0,0,0,14,1
TXN006370,1828.63,21,852,5,947.76,0.1666,0.2755,0.1133,0,0,1,13,1
TXN006371,180.95,69,359,5,304.69,0.1324,0.3321,0.3804,0,0,0,18,0
TXN006372,1146.93,22,415,1,1105.01,0.2678,0.0639,0.3304,0,0,0,13,0
TXN006373,3078.43,66,814,3,1577.18,0.2428,0.0959,0.5645,0,0,0,10,0
TXN006374,651.8,55,486,0,1130.58,0.2249,0.3029,0.2613,0,0,0,11,0
TXN006375,202.43,25,67,6,292.44,0.2387,0.2854,0.1542,0,0,0,7,0
TXN006376,1291.19,62,360,5,897.28,0.0565,0.3849,0.2854,0,0,0,18,0
TXN006377,1577.12,25,177,25,1722.85,0.3224,0.3162,0.1339,0,0,0,7,1
TXN006378,224.86,25,904,17,534.78,0.2332,0.2853,0.0631,0,0,0,10,1
TXN006379,1032.63,47,442,4,1231.49,0.1682,0.0645,0.2175,0,1,0,3,0
TXN006380,3876.47,32,821,6,1483.47,0.1311,0.1157,0.1357,0,0,0,6,0
TXN006381,7458.92,33,137,1,2398.45,0.1744,0.5476,0.3719,0,1,0,9,1
TXN006382,2561.7,28,375,1,3636.67,0.1376,0.2009,0.251,0,0,0,18,0
TXN006383,509.39,49,434,3,841.78,0.3425,0.3549,0.4748,0,0,0,4,0
TXN006384,969.44,19,1030,2,1247.17,0.3184,0.4061,0.1396,1,0,0,13,1
TXN006385,3434.39,30,373,2,1274.8,0.4561,0.1596,0.0212,0,0,0,8,0
TXN006386,2745.49,46,512,3,1727.73,0.2843,0.4981,0.1274,0,0,0,18,0
TXN006387,3573.96,43,348,3,1597.48,0.0737,0.0503,0.2932,0,0,0,10,0
TXN006388,5150.14,54,262,4,2973.53,0.264,0.0881,0.1146,0,0,0,3,0
TXN006389,103.8,29,78,2,214.45,0.3334,0.216,0.1132,0,0,0,3,0
TXN006390,871.96,51,182,3,1469.41,0.2218,0.0891,0.2281,0,0,1,5,0
TXN006391,1051.84,57,210,1,1542.54,0.1536,0.1099,0.258,0,1,0,16,0
TXN006392,698.02,38,1144,8,930.14,0.0521,0.099,0.2375,0,0,0,15,0
TXN006393,154.8,31,357,1,224.8,0.3404,0.4137,0.0871,0,0,0,22,0
TXN006394,771.41,46,255,5,1050.8,0.1199,0.2157,0.2946,0,0,0,15,0
TXN006395,948.5,48,113,4,666.88,0.4267,0.3037,0.3215,0,0,0,7,0
TXN006396,3824.78,22,331,1,3549.52,0.0755,0.2808,0.2064,0,0,0,21,0
TXN006397,2789.4,47,135,2,1426.11,0.1997,0.0275,0.0853,0,0,0,3,0
TXN006398,721.74,26,561,3,628.39,0.0649,0.0733,0.0652,0,0,0,14,0
TXN006399,179.68,47,227,3,260.64,0.0912,0.0076,0.0238,1,0,0,13,0
TXN006400,1839.2,66,1096,5,1658.11,0.0636,0.1827,0.2581,0,0,0,0,0
TXN006401,777.5,45,68,3,1785.23,0.3571,0.1987,0.2905,0,0,1,23,0
TXN006402,264.4,57,647,8,942.9,0.5025,0.2691,0.3902,0,0,0,1,0
TXN006403,2383.53,34,676,17,1673.33,0.0703,0.2657,0.3918,0,0,0,23,1
TXN006404,1504.6,65,50,2,859.38,0.3464,0.3922,0.1701,0,1,0,19,0
TXN006405,2408.41,60,242,6,2314.74,0.249,0.2275,0.2298,0,0,0,13,0
TXN006406,1771.64,65,347,6,2197.07,0.1123,0.1447,0.2791,0,1,0,18,0
TXN006407,166.45,56,28,5,348.19,0.1376,0.1749,0.0487,0,0,0,1,1
TXN006408,784.6,51,6,3,412.97,0.3912,0.2714,0.0895,0,0,0,18,0
TXN006409,5959.78,45,56,3,4545.52,0.1586,0.4792,0.1118,0,0,0,6,0
TXN006410,2471.75,66,15,0,2105.98,0.1547,0.1734,0.2443,0,0,1,14,0
TXN006411,452.0,62,124,4,453.2,0.0862,0.3714,0.4063,0,0,0,5,0
TXN006412,282.16,39,1513,1,365.31,0.2311,0.1577,0.1087,0,0,1,8,0
TXN006413,687.55,22,357,3,1268.31,0.143,0.3322,0.35,1,0,0,6,0
TXN006414,566.44,18,417,2,492.94,0.1925,0.0317,0.2622,0,0,0,18,0
TXN006415,653.35,30,46,3,878.58,0.2932,0.0913,0.064,0,0,0,1,0
TXN006416,840.27,21,499,2,1060.93,0.1618,0.2261,0.0778,0,0,0,18,0
TXN006417,2647.86,28,214,4,1029.36,0.1518,0.1867,0.3005,0,0,0,18,0
TXN006418,2349.91,23,2725,3,2412.88,0.4951,0.2195,0.2303,1,0,0,15,0
TXN006419,1027.83,69,285,4,3961.31,0.0584,0.12,0.4257,0,0,0,12,0
TXN006420,584.21,22,898,4,784.27,0.1947,0.0785,0.0881,0,1,0,2,0
TXN006421,286.5,50,126,2,496.97,0.2239,0.4697,0.1007,0,0,0,3,1
TXN006422,1333.58,36,665,3,1439.7,0.0899,0.3191,0.0952,0,0,0,23,0
TXN006423,1569.63,27,308,1,3435.91,0.3675,0.4872,0.4105,0,0,0,21,1
TXN006424,1049.69,54,77,2,826.95,0.1956,0.1751,0.076,0,0,0,21,0
TXN006425,1689.88,68,394,3,1988.73,0.0332,0.2431,0.2513,0,0,1,17,0
TXN006426,469.83,59,99,2,610.33,0.1371,0.0726,0.3524,0,0,0,13,0
TXN006427,1208.55,68,107,3,1113.08,0.2067,0.0473,0.3311,0,0,0,20,0
TXN006428,466.14,48,1976,5,486.21,0.337,0.2829,0.1708,0,1,0,6,0
TXN006429,1026.07,53,229,2,1104.98,0.2107,0.2159,0.2201,1,0,0,2,0
TXN006430,893.53,25,496,5,1010.78,0.077,0.08,0.3836,0,0,0,21,0
TXN006431,1659.9,62,155,4,1678.55,0.2173,0.0653,0.1475,0,0,0,21,0
TXN006432,4598.06,56,907,1,3807.18,0.1945,0.4889,0.0331,0,0,0,7,1
TXN006433,941.67,31,147,3,835.29,0.1599,0.2638,0.1789,0,1,0,6,0
TXN006434,502.69,36,913,3,270.48,0.4961,0.1385,0.0824,0,0,0,15,0
TXN006435,704.75,49,1512,1,951.96,0.0227,0.2353,0.1759,0,0,0,13,0
TXN006436,1541.47,18,655,5,1352.25,0.0859,0.1162,0.3588,0,0,0,3,0
TXN006437,4849.77,60,615,2,1263.11,0.1388,0.1264,0.2808,0,1,0,10,0
TXN006438,960.33,32,784,2,982.21,0.264,0.112,0.1144,0,0,0,9,0
TXN006439,3103.24,21,66,1,3106.96,0.0439,0.1641,0.3141,0,0,0,13,0
TXN006440,602.14,35,803,2,1206.34,0.2011,0.1435,0.1601,0,0,0,0,0
TXN006441,688.4,61,251,1,1019.07,0.2447,0.1041,0.1223,0,0,0,10,0
TXN006442,600.1,32,355,6,636.26,0.1267,0.1753,0.4718,0,1,0,16,0
TXN006443,432.98,46,270,6,322.89,0.2477,0.2243,0.428,0,0,0,3,1
TXN006444,1973.38,60,1042,1,1380.86,0.3057,0.3889,0.1468,0,0,0,7,0
TXN006445,1558.13,19,184,13,1302.18,0.3433,0.4563,0.1275,0,0,0,1,1
TXN006446,812.99,57,213,2,522.42,0.2799,0.4944,0.1853,0,0,0,23,0
TXN006447,613.57,33,1033,7,1063.09,0.247,0.4476,0.1295,1,0,0,13,0
TXN006448,1297.52,54,108,9,991.58,0.2583,0.3563,0.0546,0,0,0,6,0
TXN006449,713.51,27,472,24,708.29,0.0936,0.2104,0.0929,1,0,0,20,1
TXN006450,674.1,25,235,2,629.35,0.0622,0.1149,0.2785,1,0,0,11,0
TXN006451,1193.07,58,389,4,1456.16,0.1312,0.0792,0.236,1,0,0,13,0
TXN006452,554.33,60,182,4,936.3,0.1215,0.067,0.1709,0,0,0,19,0
TXN006453,371.66,69,595,1,725.1,0.1194,0.182,0.1171,0,0,0,14,0
TXN006454,715.66,53,53,2,599.94,0.3332,0.0891,0.1545,0,0,0,5,0
TXN006455,1316.63,42,721,3,1001.26,0.1563,0.1795,0.082,0,0,0,0,0
TXN006456,1950.57,28,112,1,2094.64,0.0541,0.6086,0.4001,0,0,0,14,0
TXN006457,1257.02,33,492,1,1267.31,0.3282,0.1741,0.1611,0,0,0,11,0
TXN006458,625.09,51,228,3,928.91,0.1743,0.1395,0.1051,0,0,0,3,1
TXN006459,1794.76,35,488,1,1360.96,0.224,0.192,0.2057,0,1,0,0,0
TXN006460,2946.62,43,1391,3,2849.99,0.1061,0.3677,0.3003,0,0,0,12,0
TXN006461,1264.21,26,452,13,1545.79,0.1452,0.2631,0.3303,1,0,0,12,0
TXN006462,2118.55,40,919,3,1315.72,0.1031,0.1967,0.2406,0,0,0,22,0
TXN006463,2444.83,30,175,4,1714.66,0.211,0.4105,0.1188,0,0,0,8,0
TXN006464,421.86,23,716,5,981.8,0.1255,0.135,0.3934,1,0,0,4,0
TXN006465,1281.62,24,119,2,1247.44,0.4561,0.151,0.332,0,0,0,13,0
TXN006466,459.76,44,451,3,778.78,0.3011,0.3319,0.3336,0,0,0,0,0
TXN006467,399.95,37,701,1,370.41,0.2655,0.0767,0.2597,0,0,1,9,0
TXN006468,246.28,23,1,3,1394.07,0.2519,0.3626,0.2737,0,0,0,14,0
TXN006469,1557.92,44,250,4,1397.83,0.1275,0.1606,0.2935,0,0,0,10,0
TXN006470,1326.36,26,219,4,896.59,0.1742,0.0861,0.3905,1,0,0,17,0
TXN006471,2130.56,18,499,4,2264.42,0.1118,0.112,0.213,1,0,0,21,0
TXN006472,348.72,24,253,3,661.74,0.0931,0.3043,0.0564,0,0,0,18,0
TXN006473,930.79,41,809,3,317.36,0.4272,0.2588,0.3265,0,0,0,18,0
TXN006474,1271.3,67,555,4,673.18,0.2851,0.0566,0.3449,0,0,0,4,0
TXN006475,278.46,30,777,1,372.91,0.0711,0.0778,0.153,0,0,0,12,0
TXN006476,1203.59,32,255,4,1389.4,0.23,0.3551,0.2684,0,1,0,9,0
TXN006477,217.89,30,644,3,647.78,0.0695,0.5066,0.1464,0,0,0,18,0
TXN006478,2834.59,36,123,2,2184.81,0.1773,0.4276,0.1159,0,0,0,15,0
TXN006479,1013.92,55,2453,5,2153.09,0.09,0.131,0.2638,0,0,0,4,0
TXN006480,828.0,34,129,3,573.94,0.1555,0.2401,0.2071,0,0,0,11,0
TXN006481,1095.09,52,333,3,622.86,0.2619,0.2007,0.1619,0,0,0,19,0
TXN006482,1533.74,64,890,3,1594.17,0.0698,0.1703,0.1319,0,1,0,7,0
TXN006483,1212.5,67,363,4,2177.4,0.2136,0.4585,0.3769,0,0,0,0,1
TXN006484,532.79,47,210,1,268.05,0.1589,0.1172,0.2478,0,0,1,11,0
TXN006485,1337.24,55,631,3,1335.65,0.0627,0.2104,0.188,0,0,0,13,0
TXN006486,247.88,65,79,0,235.49,0.1652,0.2844,0.1372,0,0,0,13,0
TXN006487,447.51,58,66,3,746.98,0.238,0.2448,0.0393,0,0,0,0,0
TXN006488,2622.12,33,242,1,2357.98,0.3036,0.0284,0.36,0,0,1,17,0
TXN006489,8064.58,24,852,3,9016.75,0.0662,0.3197,0.1047,1,0,0,11,0
TXN006490,446.82,23,562,2,927.81,0.2473,0.3846,0.1133,0,0,0,18,0
TXN006491,957.2,63,375,2,458.07,0.2021,0.1892,0.2527,0,0,0,10,0
TXN006492,2014.4,46,107,1,765.52,0.0601,0.3295,0.0514,0,0,0,4,0
TXN006493,2010.74,33,343,23,1148.54,0.2656,0.3613,0.0719,0,0,0,13,1
TXN006494,1106.2,35,365,4,685.97,0.1027,0.1913,0.1511,0,0,0,23,0
TXN006495,1515.39,32,277,3,574.0,0.3458,0.2266,0.0931,0,1,0,7,0
TXN006496,457.18,59,179,2,813.39,0.0465,0.2921,0.3205,0,0,0,4,0
TXN006497,807.69,49,183,5,1446.5,0.0631,0.038,0.087,1,0,0,22,0
TXN006498,775.49,63,17,2,974.0,0.4617,0.1887,0.0483,0,0,0,16,1
TXN006499,696.94,33,202,3,591.63,0.1269,0.0643,0.4498,0,0,0,14,0
TXN006500,584.07,42,505,2,686.05,0.2069,0.1878,0.0949,1,0,0,3,0
TXN006501,468.39,24,105,4,820.82,0.1461,0.2361,0.0923,0,0,0,22,0
TXN006502,546.49,68,52,0,544.79,0.3506,0.4787,0.0214,0,0,0,8,0
TXN006503,634.66,44,360,1,668.47,0.1809,0.1042,0.379,0,1,0,13,0
TXN006504,2733.32,46,719,2,1720.8,0.1084,0.2355,0.3372,0,0,0,14,0
TXN006505,956.49,39,21,4,933.35,0.2845,0.332,0.139,1,0,1,18,1
TXN006506,112.74,32,83,6,321.36,0.1354,0.0856,0.2131,0,1,0,16,0
TXN006507,2777.96,67,375,0,2247.25,0.4382,0.2225,0.2394,0,0,0,5,0
TXN006508,3504.09,43,1098,2,1468.07,0.1348,0.2107,0.4625,0,0,0,1,0
TXN006509,423.15,53,384,3,416.47,0.0441,0.1275,0.0612,0,1,0,7,1
TXN006510,1461.27,19,328,2,849.15,0.2261,0.1338,0.3699,0,1,0,22,0
TXN006511,477.09,32,2095,2,629.88,0.253,0.2209,0.1222,1,0,0,4,0
TXN006512,2404.26,59,993,6,1761.35,0.2545,0.1828,0.2635,1,1,0,21,0
TXN006513,561.34,22,241,0,845.43,0.24,0.2551,0.2069,0,1,0,9,0
TXN006514,910.04,23,1312,1,1042.17,0.1246,0.0759,0.2372,0,0,0,7,0
TXN006515,842.45,60,615,3,960.61,0.304,0.1754,0.0609,0,0,0,4,0
TXN006516,505.77,34,174,3,389.13,0.4176,0.0138,0.1424,0,1,0,16,0
TXN006517,1864.02,32,77,4,2932.99,0.0894,0.2021,0.0458,0,0,0,4,1
TXN006518,778.95,47,103,1,1743.47,0.0595,0.0511,0.0822,1,0,0,21,0
TXN006519,841.67,28,250,4,649.91,0.5296,0.1471,0.0912,0,0,1,10,0
TXN006520,1591.12,20,72,1,1254.26,0.1187,0.414,0.1401,0,0,0,6,0
TXN006521,2307.11,18,1388,2,2168.7,0.0627,0.0556,0.1523,0,0,0,14,0
TXN006522,1904.75,22,133,2,1140.27,0.1597,0.2607,0.1337,0,0,0,10,0
TXN006523,2916.9,26,1147,1,3260.8,0.0155,0.2533,0.1892,1,1,0,22,0
TXN006524,9869.83,54,479,3,8454.85,0.2199,0.1031,0.1533,0,0,0,11,0
TXN006525,828.2,33,1104,2,1003.97,0.0578,0.0372,0.323,0,0,0,6,0
TXN006526,632.7,21,44,3,729.41,0.2384,0.1365,0.0211,1,1,0,16,0
TXN006527,661.51,18,357,4,548.62,0.5069,0.0149,0.106,0,1,0,7,0
TXN006528,810.08,42,111,1,232.87,0.0274,0.1318,0.1517,0,0,0,11,0
TXN006529,3951.95,61,1871,3,2627.27,0.1876,0.0651,0.1747,0,0,0,18,0
TXN006530,1157.81,35,955,1,856.24,0.102,0.1567,0.1057,0,0,0,23,0
TXN006531,3096.85,21,145,5,2023.83,0.0913,0.684,0.1244,0,0,0,5,0
TXN006532,640.49,29,1438,3,2329.75,0.137,0.0822,0.1213,0,0,0,16,0
TXN006533,613.31,43,610,21,514.56,0.1382,0.2582,0.1511,0,0,0,1,1
TXN006534,943.12,27,430,1,571.59,0.1704,0.022,0.4043,0,0,0,18,0
TXN006535,3896.04,68,864,1,3719.26,0.2336,0.2153,0.0378,0,0,0,13,0
TXN006536,1019.64,57,395,5,1044.15,0.1736,0.0463,0.2169,0,0,0,16,0
TXN006537,411.92,35,827,5,690.76,0.1697,0.1857,0.1736,0,0,0,21,0
TXN006538,415.72,67,485,6,527.62,0.0478,0.3746,0.2251,1,1,1,14,1
TXN006539,628.01,34,30,4,993.25,0.3315,0.1533,0.2607,0,0,0,21,0
TXN006540,5460.28,25,234,6,3151.16,0.0344,0.132,0.0511,0,1,0,1,0
TXN006541,4046.97,66,390,1,1771.9,0.1645,0.1234,0.1835,0,0,0,6,0
TXN006542,3610.21,67,497,4,1245.43,0.3931,0.0678,0.232,0,0,0,22,0
TXN006543,2089.06,34,89,3,3334.12,0.3005,0.2466,0.2081,0,0,0,8,0
TXN006544,2017.1,48,626,6,2913.3,0.1423,0.0859,0.1178,0,0,0,10,0
TXN006545,917.41,27,432,15,1385.6,0.1043,0.4206,0.0764,0,0,0,23,0
TXN006546,4372.45,51,771,2,7656.3,0.1832,0.1719,0.0748,0,1,0,14,1
TXN006547,531.38,53,881,6,922.24,0.4625,0.1505,0.1616,1,0,0,12,0
TXN006548,1781.3,54,1090,4,2365.2,0.1222,0.043,0.3231,1,0,0,5,0
TXN006549,1347.31,47,226,16,832.89,0.1413,0.0497,0.1075,0,0,0,18,0
TXN006550,1390.17,54,232,2,2063.16,0.1558,0.0057,0.0675,0,0,0,12,0
TXN006551,1644.72,46,805,25,921.62,0.0123,0.4828,0.3163,0,0,1,12,0
TXN006552,3213.34,60,52,4,1514.68,0.3129,0.0893,0.0547,0,0,0,11,0
TXN006553,6835.59,27,375,16,5843.56,0.2271,0.2133,0.2729,0,0,0,22,1
TXN006554,4197.81,43,85,0,2135.16,0.1864,0.2285,0.0455,0,0,0,15,0
TXN006555,724.22,39,186,4,1531.17,0.1768,0.2052,0.1625,0,0,0,18,0
TXN006556,469.05,45,1651,2,637.6,0.1295,0.3422,0.2905,0,1,0,17,0
TXN006557,1388.44,25,93,5,1251.08,0.2457,0.1487,0.2392,0,0,1,15,0
TXN006558,612.27,34,90,5,541.53,0.1575,0.3574,0.2177,0,0,0,0,0
TXN006559,4478.13,67,513,4,2040.36,0.0812,0.1465,0.3873,0,0,0,23,0
TXN006560,1157.42,23,12,3,2004.83,0.0638,0.2781,0.551,0,0,0,15,0
TXN006561,719.77,51,49,21,967.05,0.1971,0.1125,0.4198,0,0,0,7,1
TXN006562,3353.41,52,692,2,3513.87,0.0602,0.2724,0.0572,0,1,0,8,0
TXN006563,2394.16,42,683,4,3184.43,0.1295,0.2224,0.0725,0,0,0,17,0
TXN006564,686.3,19,149,0,1217.74,0.1633,0.0633,0.2599,0,0,0,16,0
TXN006565,1253.58,19,621,2,1629.22,0.3768,0.1801,0.247,0,0,0,18,0
TXN006566,634.63,32,394,2,726.38,0.1578,0.0927,0.0609,0,0,1,21,0
TXN006567,2009.46,23,5,0,906.39,0.1177,0.5012,0.3019,0,0,0,19,1
TXN006568,294.2,22,1,1,515.63,0.2012,0.2192,0.2269,0,0,0,14,0
TXN006569,1228.46,26,537,0,784.59,0.4012,0.3577,0.0371,0,0,0,6,0
TXN006570,2052.07,27,161,3,1019.36,0.1261,0.0731,0.2357,0,0,0,3,0
TXN006571,258.74,61,283,5,343.0,0.0511,0.4143,0.0816,0,0,0,14,0
TXN006572,1894.5,51,10,3,1642.16,0.1457,0.0258,0.1861,0,0,0,17,0
TXN006573,3078.68,19,432,5,2242.82,0.0767,0.3477,0.069,0,0,0,5,0
TXN006574,1367.19,50,316,3,1090.57,0.0482,0.1057,0.3658,1,0,0,18,1
TXN006575,173.66,25,421,3,165.99,0.0336,0.1187,0.0888,0,0,0,12,0
TXN006576,632.42,39,123,0,918.65,0.1479,0.1769,0.288,0,0,0,12,0
TXN006577,595.25,19,16,0,413.49,0.1702,0.3778,0.2939,0,1,0,14,1
TXN006578,582.49,22,66,4,715.7,0.2399,0.2369,0.0963,0,0,0,6,1
TXN006579,3078.24,24,639,4,3030.11,0.2073,0.0533,0.1271,0,0,0,0,0
TXN006580,219.77,40,1241,4,199.51,0.0999,0.1455,0.3206,0,0,0,12,0
TXN006581,991.62,42,84,2,619.27,0.4218,0.2906,0.0765,0,0,0,11,0
TXN006582,5659.36,36,1029,2,1960.0,0.161,0.0969,0.2822,0,0,0,12,0
TXN006583,447.14,50,459,7,670.92,0.3406,0.0757,0.176,0,0,0,10,0
TXN006584,654.59,55,1483,5,635.94,0.2371,0.148,0.1146,0,0,0,1,0
TXN006585,2010.73,55,37,4,4549.1,0.0999,0.2871,0.0168,0,1,0,10,0
TXN006586,3228.15,48,480,8,1429.2,0.1161,0.3689,0.3171,0,0,0,8,0
TXN006587,2160.57,46,596,3,2109.09,0.1426,0.1547,0.2312,0,0,0,1,1
TXN006588,1314.81,43,60,3,1550.4,0.2354,0.0793,0.215,0,0,0,21,0
TXN006589,1263.84,30,65,26,1228.06,0.2319,0.5004,0.3064,0,0,0,6,1
TXN006590,2811.12,43,215,1,2656.64,0.2639,0.3102,0.3461,0,0,0,15,0
TXN006591,2782.85,18,307,6,4161.97,0.1557,0.0338,0.1641,0,0,0,8,0
TXN006592,648.67,68,600,25,337.49,0.2489,0.0711,0.2999,0,1,0,15,1
TXN006593,1525.21,37,552,2,1069.85,0.2004,0.1903,0.0961,0,0,0,6,0
TXN006594,1637.71,57,692,4,1063.97,0.0978,0.0902,0.0823,0,0,0,18,0
TXN006595,558.64,67,616,2,812.0,0.1269,0.0669,0.1978,0,0,0,13,0
TXN006596,1455.32,43,108,3,2179.26,0.2393,0.0774,0.2407,0,1,0,15,0
TXN006597,1233.2,62,1782,3,1312.67,0.077,0.1562,0.3408,0,0,0,3,0
TXN006598,6553.85,42,139,3,4221.02,0.1876,0.1647,0.4351,0,0,0,19,0
TXN006599,3121.66,24,395,1,2368.91,0.1672,0.2379,0.4342,1,0,0,11,0
TXN006600,1858.57,19,439,6,2850.62,0.0192,0.0442,0.1849,0,0,0,3,0
TXN006601,683.93,25,849,2,473.71,0.2498,0.0821,0.2596,0,0,0,17,0
TXN006602,365.43,67,864,5,623.74,0.1021,0.2309,0.1253,0,0,0,16,0
TXN006603,459.22,42,262,15,660.78,0.3521,0.1356,0.0732,0,0,0,23,0
TXN006604,3019.76,34,511,18,2768.84,0.0864,0.1637,0.3269,1,0,0,16,1
TXN006605,292.56,41,34,0,557.23,0.2832,0.1956,0.0623,0,0,0,8,0
TXN006606,334.79,31,102,2,568.75,0.1016,0.1621,0.0901,0,0,0,14,0
TXN006607,1174.64,63,41,4,500.22,0.139,0.1286,0.025,0,0,0,9,0
TXN006608,15971.57,69,284,2,7533.53,0.3499,0.2328,0.2615,0,0,0,15,0
TXN006609,3497.42,22,726,6,992.71,0.3569,0.2809,0.2148,0,0,1,11,1
TXN006610,2035.99,55,183,1,1589.1,0.2101,0.287,0.1273,0,1,0,1,1
TXN006611,703.58,35,469,6,493.52,0.0433,0.085,0.1195,0,0,0,16,0
TXN006612,1970.92,20,212,2,2146.26,0.0946,0.0787,0.3168,1,0,0,4,0
TXN006613,261.31,65,869,2,316.85,0.0867,0.1263,0.3601,0,0,0,4,0
TXN006614,892.7,21,728,4,552.64,0.1107,0.5726,0.0804,0,0,0,18,0
TXN006615,1390.09,28,1001,6,657.23,0.0763,0.2379,0.1576,0,0,0,4,0
TXN006616,1970.16,19,103,27,1278.2,0.4326,0.1758,0.1348,0,0,0,14,1
TXN006617,396.61,42,143,1,629.45,0.2369,0.0541,0.2489,0,0,0,9,0
TXN006618,3952.85,49,24,2,3186.88,0.1749,0.2092,0.1734,0,1,0,17,0
TXN006619,1021.14,34,60,2,1559.71,0.2446,0.0958,0.1582,0,0,0,9,0
TXN006620,566.12,21,126,5,676.73,0.106,0.1321,0.1737,0,1,0,17,0
TXN006621,5422.2,24,858,1,2204.67,0.4542,0.1649,0.1036,0,0,0,22,0
TXN006622,430.49,66,616,2,832.72,0.1609,0.1684,0.4924,0,0,0,1,0
TXN006623,2391.03,59,294,2,725.38,0.291,0.1582,0.1353,0,0,0,21,0
TXN006624,2777.52,66,554,5,2053.03,0.3044,0.1436,0.2795,0,0,0,2,1
TXN006625,152.42,45,574,3,196.96,0.0489,0.3428,0.0779,1,1,0,19,0
TXN006626,1904.34,46,775,3,1834.22,0.1945,0.2145,0.1354,0,0,0,18,0
TXN006627,456.73,58,152,5,665.7,0.1621,0.4356,0.2702,0,0,1,15,0
TXN006628,492.24,50,19,5,664.99,0.1001,0.2391,0.0857,0,0,0,21,1
TXN006629,4496.29,40,373,3,4318.64,0.1616,0.049,0.3501,0,0,0,20,0
TXN006630,630.96,33,272,1,756.08,0.2229,0.2076,0.2625,1,0,1,19,0
TXN006631,1281.78,43,158,4,2141.24,0.2141,0.1633,0.1494,0,0,0,17,0
TXN006632,1180.5,21,454,2,1333.38,0.1484,0.2255,0.5306,0,0,0,4,0
TXN006633,695.8,28,287,4,1433.81,0.1343,0.0858,0.1308,0,0,0,9,0
TXN006634,457.2,56,751,2,920.23,0.1898,0.3785,0.0677,0,1,0,11,0
TXN006635,438.33,63,237,1,887.23,0.1927,0.1034,0.5056,1,0,0,17,0
TXN006636,8013.0,23,56,5,3195.8,0.3407,0.2931,0.1039,0,0,0,7,0
TXN006637,2629.15,23,9,0,2103.42,0.1275,0.3915,0.1055,0,0,0,3,1
TXN006638,1072.71,22,146,3,772.96,0.3738,0.1053,0.1809,0,0,0,16,0
TXN006639,530.64,59,225,20,527.36,0.0713,0.2461,0.1403,0,0,0,16,1
TXN006640,962.3,34,841,5,728.41,0.2019,0.1358,0.261,1,0,1,17,0
TXN006641,4162.05,34,263,0,2179.93,0.178,0.0648,0.1898,0,1,0,11,0
TXN006642,3131.87,18,301,7,2502.6,0.0685,0.5874,0.1539,0,0,0,0,0
TXN006643,3986.39,68,101,4,1617.21,0.2354,0.1741,0.0563,0,0,0,1,0
TXN006644,346.47,40,777,3,353.63,0.2465,0.1444,0.2211,0,0,0,3,0
TXN006645,2583.88,59,685,4,1858.72,0.3498,0.26,0.1729,0,1,0,19,0
TXN006646,4022.71,54,1843,2,2731.22,0.2098,0.3692,0.1555,0,0,0,4,0
TXN006647,741.64,25,865,2,1238.29,0.0315,0.206,0.1799,0,0,0,19,0
TXN006648,4488.93,59,1239,2,4384.64,0.1233,0.2475,0.2053,1,0,0,13,0
TXN006649,157.99,46,50,6,434.99,0.3682,0.1862,0.2236,0,0,0,22,0
TXN006650,1649.02,49,810,7,1771.12,0.289,0.0531,0.0205,0,0,0,9,1
TXN006651,460.51,28,16,20,536.92,0.2695,0.4946,0.1149,0,0,0,22,1
TXN006652,1909.43,62,2716,6,2300.72,0.1377,0.076,0.2311,0,0,1,11,1
TXN006653,1345.97,66,270,3,1684.13,0.1281,0.0907,0.3875,0,0,0,10,0
TXN006654,5128.33,39,74,3,3869.77,0.0705,0.0066,0.117,0,0,0,11,0
TXN006655,955.84,22,62,2,1555.88,0.2511,0.1157,0.1527,0,1,0,6,0
TXN006656,2298.91,62,1187,2,826.5,0.3122,0.4672,0.1053,0,0,0,12,0
TXN006657,1062.48,64,367,3,777.63,0.2048,0.2911,0.1913,0,0,0,17,0
TXN006658,591.85,44,2,2,920.46,0.3139,0.0869,0.074,0,0,0,3,0
TXN006659,1094.95,48,665,6,767.0,0.0803,0.0039,0.1903,0,0,0,20,0
TXN006660,4866.57,29,656,6,2815.73,0.3418,0.1521,0.0668,0,0,0,2,0
TXN006661,3281.19,21,334,4,2678.32,0.0146,0.1311,0.3144,0,0,0,19,0
TXN006662,221.23,67,95,2,384.68,0.1443,0.214,0.2181,0,0,0,9,0
TXN006663,3855.9,43,99,2,1126.48,0.0701,0.2269,0.1971,0,0,1,23,1
TXN006664,1628.57,32,210,4,1145.67,0.3208,0.2585,0.2311,0,0,0,0,0
TXN006665,319.55,54,350,0,634.66,0.0889,0.1268,0.2862,0,0,0,1,0
TXN006666,1672.02,19,1736,1,1490.36,0.0582,0.1392,0.1466,0,0,0,11,0
TXN006667,2701.12,22,455,3,3049.08,0.0192,0.1269,0.1906,0,1,0,16,0
TXN006668,2054.53,30,108,5,2047.28,0.0722,0.218,0.1795,0,0,0,8,0
TXN006669,1460.31,41,428,2,2815.65,0.1089,0.4558,0.2792,1,0,0,2,0
TXN006670,683.31,37,1489,3,663.2,0.0611,0.1059,0.1559,0,0,0,19,0
TXN006671,712.21,27,108,3,1125.02,0.0573,0.0255,0.0702,0,0,0,5,0
TXN006672,529.43,36,97,2,641.65,0.0099,0.1844,0.3423,0,0,0,12,0
TXN006673,1604.71,35,14,6,1296.73,0.284,0.3132,0.2331,1,0,0,3,1
TXN006674,1062.59,45,393,4,1381.07,0.2228,0.0605,0.2382,0,0,0,2,0
TXN006675,1830.15,47,21,6,2147.13,0.096,0.238,0.0591,0,0,0,10,0
TXN006676,4318.1,63,2343,16,2750.24,0.1669,0.265,0.0797,0,0,0,8,1
TXN006677,1089.59,59,1022,4,1776.29,0.2483,0.1616,0.0494,0,0,0,20,0
TXN006678,420.42,33,67,0,600.57,0.0627,0.2784,0.1385,0,0,1,9,0
TXN006679,213.46,64,123,3,425.59,0.187,0.1237,0.1314,0,0,0,1,0
TXN006680,1003.69,45,134,0,1578.16,0.1979,0.102,0.1374,0,0,0,12,0
TXN006681,3365.67,27,49,4,3134.94,0.0673,0.1464,0.2615,0,0,0,1,0
TXN006682,1532.03,35,735,2,1077.77,0.4179,0.1354,0.5306,0,0,0,22,0
TXN006683,241.64,56,678,5,376.46,0.1997,0.1799,0.1355,0,0,0,23,0
TXN006684,6599.35,60,140,0,4718.89,0.3426,0.1019,0.2308,0,0,0,19,0
TXN006685,1636.72,37,672,1,1544.7,0.2475,0.1385,0.0722,0,0,0,16,0
TXN006686,577.88,26,492,3,1236.2,0.1721,0.5638,0.2075,0,0,0,19,1
TXN006687,532.95,27,177,6,484.16,0.0749,0.4853,0.2754,0,0,0,15,0
TXN006688,2139.33,23,276,3,1109.15,0.1854,0.1475,0.0728,0,0,0,20,0
TXN006689,626.5,54,1466,2,1773.69,0.0944,0.0482,0.1024,0,0,0,10,0
TXN006690,4698.4,44,1440,27,1559.49,0.0194,0.1129,0.1693,0,1,0,8,1
TXN006691,487.01,41,843,3,681.35,0.1387,0.216,0.102,0,0,0,10,1
TXN006692,425.41,52,139,1,1053.69,0.1732,0.2884,0.3115,0,0,0,0,0
TXN006693,768.87,61,409,1,712.51,0.0712,0.1133,0.3714,0,0,0,4,0
TXN006694,5552.54,59,1164,6,3515.42,0.0791,0.1872,0.2751,1,0,0,11,0
TXN006695,1758.42,25,136,22,2051.67,0.1179,0.0369,0.211,0,0,0,15,0
TXN006696,901.76,48,513,1,759.73,0.1388,0.2544,0.1904,0,0,0,4,0
TXN006697,1552.97,63,77,1,483.99,0.3522,0.1083,0.1333,0,0,0,18,0
TXN006698,1491.56,58,383,3,1332.04,0.0275,0.1564,0.3969,0,0,0,21,0
TXN006699,4005.39,35,670,4,776.68,0.0606,0.2198,0.0143,0,0,0,5,0
TXN006700,1640.46,38,3000,2,818.26,0.2326,0.3876,0.2092,0,0,0,8,0
TXN006701,509.63,64,317,20,495.39,0.4822,0.2299,0.0308,0,0,0,2,1
TXN006702,634.2,19,1498,2,540.24,0.4456,0.0465,0.1449,0,0,0,22,0
TXN006703,1030.89,45,890,2,1228.89,0.1845,0.1973,0.1076,0,0,0,21,0
TXN006704,1043.62,24,553,6,909.76,0.1144,0.1657,0.0903,0,0,0,23,0
TXN006705,8573.38,64,258,5,6295.31,0.0731,0.2846,0.247,0,0,0,1,0
TXN006706,1331.01,20,892,1,1662.33,0.3406,0.4384,0.073,0,0,0,19,0
TXN006707,229.25,19,1156,1,489.71,0.1279,0.1212,0.1803,0,0,0,16,0
TXN006708,774.14,35,221,3,374.3,0.197,0.262,0.1352,0,0,0,13,0
TXN006709,2475.35,28,384,5,1449.13,0.0981,0.0729,0.1401,0,0,0,15,0
TXN006710,381.0,43,463,5,830.64,0.1538,0.4574,0.0909,1,0,0,14,0
TXN006711,3059.72,33,1394,2,2785.08,0.234,0.0905,0.3099,0,0,1,22,0
TXN006712,2350.06,36,313,25,1335.83,0.1546,0.3478,0.2743,0,0,0,4,1
TXN006713,455.0,47,490,2,273.76,0.1604,0.0418,0.1586,0,0,0,22,0
TXN006714,366.76,47,1888,19,537.22,0.0972,0.1809,0.1215,0,0,0,12,0
TXN006715,1173.17,66,1038,2,683.55,0.1238,0.276,0.0386,0,0,0,22,0
TXN006716,1506.78,42,77,14,1494.32,0.0981,0.1302,0.0545,0,0,0,17,0
TXN006717,649.92,47,481,5,524.83,0.1956,0.4236,0.2127,0,0,0,23,0
TXN006718,736.02,53,1324,5,1220.45,0.1639,0.2699,0.1984,0,1,0,7,0
TXN006719,50.0,27,305,1,430.39,0.26,0.1769,0.3079,0,0,0,12,0
TXN006720,718.24,52,522,4,1101.39,0.1807,0.169,0.0927,0,0,0,0,0
TXN006721,1908.62,62,1348,3,1420.86,0.1027,0.14,0.3715,0,0,0,4,0
TXN006722,2724.58,34,390,3,3050.49,0.0962,0.1583,0.0567,0,0,0,1,0
TXN006723,1862.19,27,747,2,1302.32,0.1112,0.1236,0.1904,0,0,0,0,1
TXN006724,1137.59,36,56,3,619.11,0.2369,0.1978,0.2389,0,0,0,8,0
TXN006725,2600.13,32,472,1,3118.49,0.2925,0.0437,0.1287,0,0,0,13,0
TXN006726,761.93,48,111,0,964.66,0.2692,0.0491,0.2967,0,0,0,11,0
TXN006727,566.07,62,558,1,1884.65,0.3064,0.1412,0.0352,0,0,0,23,0
TXN006728,304.83,49,163,20,714.06,0.0549,0.2653,0.3616,0,0,0,8,1
TXN006729,559.24,24,103,7,1168.58,0.0617,0.3668,0.0106,0,1,0,8,0
TXN006730,850.02,34,353,4,625.85,0.098,0.0851,0.2625,0,0,0,6,0
TXN006731,1152.04,53,711,1,1374.14,0.149,0.3753,0.0661,0,0,1,6,0
TXN006732,1434.9,35,1086,1,1925.0,0.4543,0.3766,0.1978,0,1,1,20,0
TXN006733,542.85,48,116,5,775.6,0.0543,0.1919,0.0811,0,0,0,11,0
TXN006734,485.83,54,124,1,745.68,0.101,0.266,0.1355,0,0,0,9,0
TXN006735,2339.46,35,3000,3,1407.78,0.1352,0.0223,0.181,1,0,1,12,0
TXN006736,647.96,51,388,1,615.53,0.246,0.1657,0.0651,0,0,0,0,0
TXN006737,653.71,38,226,2,378.96,0.1163,0.0571,0.4487,1,0,0,0,0
TXN006738,420.26,25,112,18,1404.22,0.2037,0.3954,0.1591,1,0,0,12,1
TXN006739,1363.23,37,615,4,1017.0,0.3063,0.1363,0.2824,1,0,0,22,0
TXN006740,767.94,40,214,4,1002.05,0.3465,0.1841,0.2304,0,0,0,4,0
TXN006741,1352.81,18,384,2,1579.32,0.1485,0.023,0.1073,1,0,0,5,0
TXN006742,3664.99,64,5,25,1741.54,0.0626,0.2378,0.0774,0,0,0,5,1
TXN006743,790.67,45,79,26,979.75,0.1852,0.2294,0.1497,0,0,0,17,1
TXN006744,655.03,19,62,3,499.76,0.0682,0.1857,0.2398,0,0,0,2,0
TXN006745,400.66,63,269,7,701.34,0.2279,0.2612,0.2451,0,0,0,21,0
TXN006746,1684.69,62,430,3,1651.56,0.3531,0.2137,0.0337,0,0,0,2,0
TXN006747,502.85,18,196,5,1206.5,0.077,0.2126,0.0487,0,0,0,13,0
TXN006748,723.17,26,112,3,746.33,0.2666,0.089,0.0761,0,0,0,1,0
TXN006749,782.82,36,311,4,633.29,0.171,0.2002,0.2071,1,0,0,20,0
TXN006750,3105.66,44,1230,3,1689.99,0.2051,0.2271,0.1362,0,0,0,9,0
TXN006751,598.84,55,325,3,939.03,0.4696,0.1128,0.2288,0,0,0,1,0
TXN006752,1388.49,40,123,1,1857.34,0.1468,0.0282,0.3805,0,0,0,20,0
TXN006753,1424.06,49,158,18,2029.48,0.2241,0.2599,0.1058,0,1,0,23,1
TXN006754,766.1,18,233,3,880.96,0.399,0.3815,0.0768,0,0,0,13,0
TXN006755,1254.64,52,24,1,2131.87,0.1718,0.0636,0.1768,0,0,0,15,0
TXN006756,368.86,65,209,21,1208.2,0.3663,0.303,0.2253,0,0,0,8,1
TXN006757,745.41,45,277,1,1322.7,0.3548,0.4182,0.2079,0,0,0,8,0
TXN006758,230.66,41,1378,2,236.96,0.1459,0.2115,0.2566,0,0,0,9,0
TXN006759,512.29,33,1124,15,555.77,0.4806,0.5796,0.3902,0,0,1,3,1
TXN006760,782.1,67,387,2,577.27,0.2389,0.0937,0.2269,0,0,0,15,0
TXN006761,1394.3,19,256,4,877.38,0.2398,0.1646,0.2388,0,0,0,15,0
TXN006762,927.78,32,136,3,1188.02,0.2887,0.1098,0.4583,0,0,0,21,0
TXN006763,511.08,25,249,3,1222.53,0.5635,0.492,0.1671,0,0,1,4,0
TXN006764,1672.03,63,41,5,1339.46,0.1148,0.2818,0.1539,0,0,0,5,1
TXN006765,675.29,43,120,2,678.94,0.3846,0.1191,0.1298,0,0,0,22,0
TXN006766,1543.5,65,387,1,1779.26,0.4555,0.2742,0.254,1,0,0,15,0
TXN006767,7613.94,52,1748,3,3891.31,0.1432,0.0632,0.474,0,0,0,17,0
TXN006768,1097.15,46,940,3,856.34,0.1175,0.116,0.0371,0,0,0,6,0
TXN006769,737.32,44,914,4,689.13,0.0533,0.3561,0.2623,0,0,0,13,0
TXN006770,742.78,28,517,3,678.76,0.0586,0.1252,0.0417,0,0,0,12,0
TXN006771,1857.83,47,1826,2,1164.24,0.1047,0.1274,0.0914,0,0,1,1,0
TXN006772,519.42,53,205,1,758.97,0.0532,0.0844,0.1888,0,0,0,20,0
TXN006773,201.27,68,61,3,326.61,0.3168,0.0496,0.2766,0,1,0,3,0
TXN006774,347.76,46,91,4,395.55,0.2891,0.0765,0.154,0,0,1,19,0
TXN006775,1171.77,66,18,0,2239.78,0.1735,0.3014,0.1282,0,0,0,2,0
TXN006776,2623.53,67,299,3,2689.89,0.064,0.3297,0.2057,0,0,0,22,0
TXN006777,3544.83,45,772,3,3360.76,0.1907,0.0886,0.0721,1,0,0,6,0
TXN006778,1237.16,40,239,6,1284.87,0.484,0.1282,0.2892,0,0,0,23,0
TXN006779,449.25,25,758,2,548.05,0.0877,0.1376,0.0997,0,0,0,20,0
TXN006780,2003.29,31,372,4,807.05,0.1531,0.1175,0.2355,0,0,0,1,0
TXN006781,647.68,63,124,3,386.07,0.2446,0.2953,0.1294,0,0,0,17,0
TXN006782,356.26,25,276,1,375.81,0.2305,0.2697,0.1946,0,0,0,18,0
TXN006783,1380.01,38,18,6,1311.18,0.3457,0.1584,0.0681,0,0,1,19,1
TXN006784,3409.42,54,98,1,1599.28,0.4509,0.196,0.4459,0,0,0,11,0
TXN006785,3131.78,30,921,2,4319.36,0.1876,0.0357,0.0211,1,0,0,19,0
TXN006786,608.35,68,747,3,1034.67,0.6467,0.3207,0.3298,0,0,0,6,0
TXN006787,480.25,51,1095,4,423.91,0.0707,0.2861,0.0227,0,0,0,5,0
TXN006788,1264.34,19,533,4,1006.92,0.1755,0.0703,0.3163,0,0,0,16,1
TXN006789,1177.27,30,101,4,899.9,0.1623,0.1928,0.222,0,0,0,0,0
TXN006790,1225.88,56,1833,2,777.54,0.2736,0.229,0.1425,0,0,0,9,0
TXN006791,932.35,62,61,14,1394.97,0.3536,0.0728,0.4404,0,1,0,15,1
TXN006792,215.99,66,231,2,468.66,0.0125,0.1474,0.0459,0,1,0,22,0
TXN006793,871.31,62,31,5,1201.72,0.101,0.3586,0.27,0,0,0,8,0
TXN006794,2382.98,21,297,3,1730.38,0.2079,0.1399,0.3058,0,0,0,2,0
TXN006795,1784.29,55,52,4,2962.58,0.2156,0.0563,0.1604,1,0,0,20,0
TXN006796,470.43,23,130,2,1362.75,0.0563,0.0781,0.3837,0,0,0,21,0
TXN006797,2463.98,21,706,4,2276.02,0.1661,0.3418,0.29,0,0,0,22,0
TXN006798,588.38,53,156,4,803.74,0.1219,0.1848,0.2847,0,0,0,8,0
TXN006799,342.78,42,9,4,886.25,0.0867,0.1938,0.0425,0,0,0,16,0
TXN006800,2934.94,51,543,1,2817.18,0.2569,0.0688,0.0494,1,0,1,6,1
TXN006801,339.49,62,235,2,419.85,0.0651,0.0872,0.3041,0,0,0,20,0
TXN006802,2078.9,21,118,2,827.0,0.2252,0.2831,0.0799,1,0,0,3,0
TXN006803,2537.1,45,332,5,2416.11,0.3637,0.2024,0.0769,1,0,0,6,0
TXN006804,1305.8,61,245,6,945.98,0.1582,0.0542,0.2201,0,1,0,8,1
TXN006805,889.45,40,763,3,897.92,0.5368,0.2217,0.0713,0,0,0,19,0
TXN006806,655.65,45,453,3,910.75,0.4902,0.1687,0.1545,0,1,0,23,0
TXN006807,910.34,43,224,3,1190.35,0.0263,0.3087,0.1913,0,1,0,19,0
TXN006808,4250.47,65,57,3,2345.51,0.4431,0.477,0.4914,0,0,0,6,1
TXN006809,3159.74,20,117,10,2094.27,0.073,0.0613,0.3654,0,0,0,8,0
TXN006810,487.49,63,345,5,1105.46,0.4132,0.2355,0.1094,0,0,0,16,0
TXN006811,1185.52,60,677,1,2355.89,0.3192,0.0862,0.1605,0,0,0,9,0
TXN006812,722.75,60,570,7,1393.06,0.189,0.0993,0.1637,0,0,0,13,0
TXN006813,3584.73,39,276,4,2000.96,0.0784,0.1229,0.1906,0,0,0,9,0
TXN006814,206.0,44,772,3,533.86,0.3053,0.1935,0.1056,0,0,0,0,0
TXN006815,5707.61,37,154,14,3703.33,0.2647,0.195,0.1579,0,0,0,15,0
TXN006816,1592.8,31,37,2,1279.4,0.1419,0.1164,0.0081,0,1,0,21,0
TXN006817,173.63,63,731,0,160.16,0.0644,0.0535,0.0579,0,0,0,7,0
TXN006818,2701.39,44,652,4,3504.03,0.0948,0.0371,0.2625,0,0,0,13,0
TXN006819,2115.99,55,99,1,1100.52,0.0569,0.1755,0.2776,0,0,0,3,0
TXN006820,884.98,23,120,1,831.44,0.2609,0.0137,0.2113,0,0,0,1,0
TXN006821,324.31,59,1239,5,717.68,0.2157,0.0633,0.2122,0,1,0,18,0
TXN006822,766.19,52,656,1,1491.67,0.0781,0.0499,0.2681,0,1,0,15,0
TXN006823,238.3,69,154,3,588.82,0.1641,0.0961,0.2164,0,0,0,7,0
TXN006824,1417.07,24,117,3,732.28,0.1762,0.1697,0.1128,0,0,0,23,0
TXN006825,1629.98,46,1292,2,744.7,0.0274,0.2444,0.1479,0,0,0,3,0
TXN006826,1624.38,44,596,2,893.75,0.2416,0.0446,0.1422,0,0,0,19,0
TXN006827,706.72,45,51,7,764.6,0.1565,0.1443,0.2425,0,0,0,0,0
TXN006828,909.11,20,44,3,1992.15,0.089,0.0767,0.0518,0,0,0,17,0
TXN006829,742.51,42,275,4,1325.76,0.2591,0.0232,0.1626,0,0,0,3,0
TXN006830,838.19,33,608,0,1443.93,0.2553,0.2698,0.1938,1,0,0,21,0
TXN006831,1639.74,50,385,2,1681.47,0.0633,0.1097,0.2116,0,0,0,1,0
TXN006832,2203.78,30,228,3,1027.45,0.0535,0.2225,0.0646,0,0,0,7,0
TXN006833,1149.08,40,808,2,536.88,0.2344,0.1036,0.0563,0,0,0,16,0
TXN006834,2966.2,50,397,1,3880.12,0.0354,0.5773,0.1952,0,0,0,3,0
TXN006835,613.49,21,631,1,2099.12,0.2149,0.2547,0.3122,0,1,0,3,0
TXN006836,1784.93,58,17,5,3391.33,0.2327,0.1269,0.2553,0,1,0,6,1
TXN006837,4349.9,55,619,2,2262.39,0.1141,0.1181,0.2694,0,0,0,4,1
TXN006838,902.47,20,833,4,794.52,0.1526,0.0824,0.1214,0,0,0,12,0
TXN006839,174.31,21,1152,1,211.96,0.2093,0.326,0.2712,0,0,0,2,0
TXN006840,367.12,62,244,4,463.88,0.5315,0.2109,0.1316,0,0,0,13,0
TXN006841,1132.97,32,750,5,1712.25,0.0472,0.0998,0.1642,0,0,0,22,0
TXN006842,526.74,62,76,1,1021.24,0.0581,0.0719,0.1083,0,0,0,22,0
TXN006843,2554.83,43,703,27,817.38,0.1969,0.0794,0.3945,0,0,1,21,1
TXN006844,491.9,35,47,7,191.16,0.2074,0.5435,0.2126,1,1,0,2,1
TXN006845,691.45,32,1020,4,1086.6,0.3753,0.3293,0.2307,0,0,0,2,0
TXN006846,196.0,52,732,3,514.27,0.071,0.2776,0.0574,0,0,0,22,0
TXN006847,724.8,23,62,3,660.46,0.0706,0.1873,0.3327,0,0,1,5,0
TXN006848,1833.47,38,136,5,1988.37,0.3462,0.1543,0.212,0,0,0,6,0
TXN006849,753.76,35,26,5,533.58,0.3083,0.257,0.3662,0,0,0,1,1
TXN006850,912.74,26,556,2,570.45,0.1205,0.2397,0.1501,0,0,0,21,0
TXN006851,656.15,36,1040,26,1248.76,0.1355,0.0733,0.226,0,0,0,15,1
TXN006852,4083.76,45,485,2,2019.6,0.3218,0.0799,0.2223,0,0,0,13,0
TXN006853,681.21,53,150,3,827.25,0.098,0.0263,0.298,0,1,0,18,0
TXN006854,4278.69,22,281,5,3062.7,0.2971,0.0504,0.3513,0,0,0,9,0
TXN006855,388.05,63,1334,1,448.06,0.2868,0.2583,0.2068,1,0,1,6,0
TXN006856,658.21,63,923,3,396.3,0.114,0.1583,0.0713,0,0,0,2,0
TXN006857,101.82,53,719,18,373.34,0.4384,0.1284,0.0832,0,0,0,20,0
TXN006858,517.78,66,720,2,344.97,0.119,0.317,0.0222,0,0,0,9,0
TXN006859,878.34,40,3000,3,1387.95,0.2789,0.22,0.271,1,0,0,13,0
TXN006860,575.91,60,157,20,553.1,0.3076,0.3839,0.3214,0,1,0,3,1
TXN006861,810.34,55,760,2,408.65,0.0214,0.5018,0.2538,1,0,0,0,0
TXN006862,919.77,47,68,2,1430.61,0.1008,0.241,0.3127,0,0,0,8,0
TXN006863,1151.43,27,212,3,1952.3,0.3416,0.1039,0.1682,0,0,0,1,0
TXN006864,1864.99,46,268,1,2288.38,0.2603,0.2201,0.0508,0,0,1,7,0
TXN006865,1593.06,64,87,2,2023.73,0.0435,0.1302,0.3028,0,0,0,16,0
TXN006866,323.67,69,378,5,576.7,0.2065,0.2692,0.1952,0,0,0,13,0
TXN006867,1410.52,41,523,3,1330.44,0.235,0.1591,0.2015,0,0,0,14,0
TXN006868,1693.93,30,603,2,1552.79,0.0833,0.2146,0.319,0,0,1,20,0
TXN006869,1014.58,56,787,2,786.49,0.251,0.0477,0.1526,1,0,1,22,1
TXN006870,784.12,21,332,5,1230.69,0.2754,0.0517,0.2234,0,0,0,6,0
TXN006871,271.69,25,373,2,456.63,0.2771,0.1975,0.1843,0,0,0,20,0
TXN006872,662.12,47,115,3,706.75,0.1971,0.0175,0.1073,0,0,0,0,0
TXN006873,1243.24,69,1221,3,1422.61,0.3509,0.4936,0.0409,0,1,0,18,0
TXN006874,2782.4,35,200,10,3150.38,0.3049,0.0257,0.0874,0,0,0,18,0
TXN006875,1664.09,41,36,3,2455.31,0.1523,0.2758,0.1405,0,1,1,12,0
TXN006876,2088.34,34,268,10,1741.67,0.0113,0.063,0.2138,0,0,0,10,1
TXN006877,690.51,40,398,5,1159.55,0.2523,0.205,0.223,1,0,0,20,1
TXN006878,972.76,18,1306,23,1040.38,0.1636,0.1694,0.3448,1,0,0,3,1
TXN006879,336.36,48,105,2,398.09,0.3365,0.1894,0.6562,0,0,0,16,0
TXN006880,599.89,49,439,0,611.03,0.2886,0.384,0.3672,1,0,0,10,0
TXN006881,1199.79,34,271,3,625.16,0.2656,0.0865,0.3374,0,0,0,3,0
TXN006882,795.81,31,51,6,1639.8,0.2112,0.1731,0.1827,0,0,0,11,0
TXN006883,570.34,57,307,4,2124.86,0.2997,0.1608,0.2064,0,0,0,0,0
TXN006884,1324.51,27,26,4,1836.47,0.0649,0.3435,0.1921,0,1,0,13,1
TXN006885,1332.28,20,607,4,2509.57,0.429,0.2035,0.4048,0,1,0,6,0
TXN006886,220.02,20,45,3,1153.53,0.3902,0.0568,0.1635,0,1,0,8,0
TXN006887,1440.06,63,299,1,551.12,0.1628,0.319,0.2017,1,0,0,9,0
TXN006888,1440.7,36,249,3,1058.96,0.1568,0.4546,0.2262,0,0,0,2,0
TXN006889,952.94,23,1436,1,660.25,0.0978,0.2435,0.2675,0,0,0,16,0
TXN006890,1485.48,63,295,3,1738.02,0.0664,0.165,0.469,0,1,0,3,0
TXN006891,1075.01,25,146,4,852.9,0.0415,0.0752,0.1866,0,0,0,19,0
TXN006892,811.25,35,512,4,1023.55,0.2403,0.3119,0.1704,0,0,0,9,0
TXN006893,2788.93,19,53,9,1782.08,0.1102,0.2261,0.1164,1,0,0,0,0
TXN006894,724.31,53,236,2,652.78,0.0758,0.2195,0.3634,0,0,0,20,0
TXN006895,2110.53,54,155,8,2153.36,0.0782,0.2169,0.0469,0,1,0,3,0
TXN006896,436.2,57,2801,3,426.96,0.3521,0.3674,0.2657,0,0,0,6,0
TXN006897,3042.95,31,96,5,1359.11,0.0423,0.0605,0.2536,0,0,0,19,0
TXN006898,1128.23,35,1374,2,1029.03,0.0359,0.1934,0.3106,0,0,0,2,0
TXN006899,1110.82,66,72,2,1956.94,0.3451,0.1364,0.362,0,0,0,3,0
TXN006900,504.13,60,222,3,419.03,0.3732,0.0491,0.2214,0,0,0,13,0
TXN006901,491.48,19,90,3,375.57,0.437,0.169,0.2154,0,0,0,19,0
TXN006902,1712.04,53,574,5,1853.87,0.0621,0.4179,0.2563,1,0,0,20,0
TXN006903,810.54,60,778,2,834.1,0.108,0.0636,0.2646,0,0,0,5,0
TXN006904,572.5,47,121,1,1029.1,0.0724,0.0065,0.0736,0,0,0,14,0
TXN006905,728.92,51,479,2,691.02,0.2151,0.3426,0.5166,1,0,0,7,0
TXN006906,1065.29,18,540,2,2077.6,0.3158,0.2056,0.2042,0,1,0,9,0
TXN006907,1177.94,19,256,4,1352.15,0.1056,0.0807,0.2253,0,0,0,9,0
TXN006908,898.15,19,436,1,1297.85,0.0988,0.0671,0.6153,0,0,1,21,0
TXN006909,830.36,26,287,4,483.6,0.0962,0.1322,0.0376,0,0,0,21,0
TXN006910,3653.8,69,1021,2,1557.84,0.092,0.1232,0.1576,0,0,1,16,0
TXN006911,291.8,50,149,1,547.55,0.3055,0.3755,0.3759,0,0,0,2,0
TXN006912,689.85,58,73,5,691.6,0.0317,0.145,0.1528,0,0,0,1,0
TXN006913,355.51,33,537,2,421.68,0.0535,0.0954,0.0867,0,0,0,2,0
TXN006914,1268.84,66,320,1,982.82,0.4734,0.6337,0.2455,0,0,0,12,0
TXN006915,2435.88,28,601,4,2310.3,0.2926,0.3053,0.5703,0,0,0,4,0
TXN006916,1038.6,64,80,2,1285.22,0.242,0.0692,0.0705,0,0,0,17,0
TXN006917,847.5,19,325,3,804.91,0.2075,0.1494,0.1204,0,0,0,23,0
TXN006918,1051.89,19,12,3,1183.7,0.1761,0.1886,0.1766,0,0,0,10,0
TXN006919,2825.82,22,226,1,1179.13,0.1741,0.2733,0.1207,0,0,0,11,0
TXN006920,742.29,59,239,4,1148.54,0.0392,0.1394,0.0704,0,0,0,11,0
TXN006921,1430.46,31,283,0,1241.57,0.2376,0.0183,0.1893,0,0,0,21,0
TXN006922,700.86,41,530,0,529.54,0.4292,0.101,0.0668,0,0,0,4,0
TXN006923,1503.78,42,2,1,1181.54,0.1508,0.027,0.1374,0,0,0,1,0
TXN006924,272.46,59,1912,1,320.96,0.32,0.1534,0.1206,0,0,0,4,0
TXN006925,3482.44,36,366,1,1640.8,0.3012,0.063,0.0583,0,0,0,13,0
TXN006926,160.64,18,1192,6,506.78,0.3057,0.1285,0.059,0,0,1,18,0
TXN006927,1370.12,38,177,20,2500.68,0.0606,0.2128,0.0366,0,0,0,5,1
TXN006928,285.23,32,95,2,198.01,0.2248,0.2157,0.1106,0,0,0,4,0
TXN006929,2182.09,56,96,3,3540.76,0.27,0.3677,0.2824,0,0,0,6,0
TXN006930,207.76,57,645,2,348.12,0.097,0.3283,0.0812,0,0,0,1,0
TXN006931,366.17,22,80,0,473.45,0.2258,0.1204,0.1858,0,0,0,5,0
TXN006932,877.64,59,662,3,1352.0,0.3552,0.3513,0.1466,0,0,0,20,0
TXN006933,2400.66,21,15,5,1691.04,0.278,0.4381,0.3498,0,0,1,21,1
TXN006934,1478.9,50,523,3,899.31,0.1333,0.2184,0.2574,0,0,0,14,0
TXN006935,2150.38,38,46,3,2048.42,0.0951,0.2414,0.2141,0,0,1,21,0
TXN006936,1121.54,33,512,2,627.92,0.2351,0.214,0.387,0,0,0,2,0
TXN006937,386.71,43,38,14,829.0,0.031,0.1682,0.4362,0,1,0,7,0
TXN006938,925.45,34,46,2,887.62,0.3639,0.2703,0.2006,0,0,0,10,0
TXN006939,1578.92,59,663,5,752.29,0.5168,0.0464,0.1398,0,0,0,23,0
TXN006940,484.61,68,792,6,283.18,0.0836,0.1237,0.0918,0,0,0,0,0
TXN006941,2374.86,60,372,4,1077.86,0.0507,0.1728,0.1314,0,0,0,6,0
TXN006942,731.41,40,290,1,1011.81,0.4194,0.3013,0.2261,0,0,0,9,0
TXN006943,3862.93,44,343,1,2332.57,0.2166,0.0945,0.3693,0,1,0,2,0
TXN006944,352.52,41,502,4,445.79,0.0639,0.1596,0.0593,0,0,0,1,0
TXN006945,972.38,59,174,4,700.93,0.1052,0.1678,0.3443,0,0,0,15,1
TXN006946,5236.59,46,157,5,2546.42,0.1234,0.0767,0.1152,0,0,0,21,0
TXN006947,870.06,42,1033,2,1346.55,0.3733,0.2996,0.1458,0,0,0,1,0
TXN006948,580.5,39,558,5,1610.93,0.3599,0.0719,0.1931,0,0,0,8,0
TXN006949,4161.22,37,192,2,1506.29,0.0186,0.3522,0.0715,0,0,0,2,0
TXN006950,1976.3,46,76,4,1510.97,0.2054,0.4293,0.2861,0,0,0,20,0
TXN006951,3699.09,53,546,1,3923.48,0.3265,0.279,0.1831,0,0,0,8,0
TXN006952,1069.53,40,858,2,1169.2,0.2491,0.0944,0.2731,0,0,0,8,0
TXN006953,170.57,59,565,3,540.26,0.0648,0.1838,0.1037,0,1,0,12,0
TXN006954,1923.61,60,571,2,1714.98,0.2089,0.2251,0.0985,1,0,0,20,0
TXN006955,550.93,40,362,4,737.61,0.0858,0.2926,0.0754,0,0,0,10,0
TXN006956,1045.14,65,12,2,1015.41,0.1743,0.0831,0.4331,0,0,0,7,0
TXN006957,1444.89,26,27,0,1421.02,0.1613,0.1246,0.1121,0,0,1,16,0
TXN006958,96.28,66,55,4,617.11,0.1091,0.0718,0.1531,0,0,0,23,0
TXN006959,1004.53,33,129,2,767.24,0.0639,0.1204,0.0899,0,0,0,15,0
TXN006960,1697.7,47,654,1,1530.11,0.0523,0.0939,0.2152,0,1,0,0,0
TXN006961,892.25,32,56,6,746.91,0.1844,0.0506,0.2996,0,0,1,11,0
TXN006962,1959.59,40,34,3,2167.59,0.2445,0.3888,0.4008,0,0,0,12,0
TXN006963,564.87,35,120,3,549.87,0.3505,0.3677,0.1068,1,0,0,20,1
TXN006964,603.28,54,96,2,548.58,0.0787,0.2567,0.1981,0,0,0,20,0
TXN006965,4842.0,22,349,1,4164.03,0.6497,0.1394,0.2768,0,0,0,11,0
TXN006966,488.05,61,23,0,375.72,0.1358,0.3045,0.1333,0,0,0,8,0
TXN006967,1257.42,64,228,3,1076.31,0.2506,0.1484,0.1687,0,1,0,12,0
TXN006968,11085.46,47,1030,1,4007.96,0.2114,0.1939,0.1898,0,0,0,11,0
TXN006969,721.03,46,488,4,1074.9,0.3799,0.2059,0.409,0,0,0,8,0
TXN006970,2290.47,54,1468,2,2815.06,0.2887,0.1301,0.0846,0,1,0,10,0
TXN006971,4393.4,28,586,2,1731.48,0.1448,0.2629,0.0802,0,0,0,20,1
TXN006972,1002.17,56,147,4,1091.12,0.263,0.1546,0.3275,0,1,0,21,0
TXN006973,1670.62,29,677,1,1000.79,0.2684,0.0903,0.2568,1,1,0,0,1
TXN006974,268.0,53,733,4,248.76,0.2534,0.3504,0.0554,0,0,0,18,0
TXN006975,773.81,33,476,23,877.1,0.1986,0.1458,0.1109,0,0,0,13,1
TXN006976,2219.39,56,675,3,1290.2,0.097,0.3326,0.1293,0,0,0,13,0
TXN006977,1715.22,59,1281,5,1289.7,0.0574,0.0911,0.1075,0,0,0,10,0
TXN006978,2650.21,28,315,4,6161.66,0.3082,0.3431,0.1904,1,0,1,20,0
TXN006979,1468.64,50,50,2,1334.98,0.4764,0.1145,0.2534,1,0,1,11,0
TXN006980,986.16,43,226,4,1704.63,0.2213,0.2101,0.0963,1,0,0,2,0
TXN006981,4987.09,33,54,4,2478.66,0.0393,0.1263,0.0541,0,0,1,2,0
TXN006982,4199.94,48,1865,6,1600.95,0.2762,0.1508,0.3212,0,0,0,11,0
TXN006983,2894.16,69,53,7,1032.53,0.1972,0.4302,0.2596,0,0,0,9,0
TXN006984,1261.18,18,122,1,1036.05,0.1083,0.0421,0.2285,0,0,0,18,0
TXN006985,665.59,67,438,3,857.95,0.0651,0.4265,0.1886,0,0,0,16,0
TXN006986,1786.32,62,649,5,1496.59,0.1488,0.2755,0.3397,0,0,0,9,0
TXN006987,580.52,45,691,5,973.38,0.0769,0.3715,0.2414,0,0,0,9,0
TXN006988,6170.16,49,416,0,1698.42,0.0146,0.1073,0.3343,0,0,0,22,0
TXN006989,1043.71,37,82,4,541.12,0.0222,0.2155,0.1212,0,0,0,4,0
TXN006990,1436.96,24,260,4,1215.36,0.3402,0.1411,0.2098,0,1,0,15,0
TXN006991,5624.14,47,1092,4,3250.12,0.0292,0.2337,0.2382,1,0,0,1,0
TXN006992,715.02,60,326,1,937.08,0.2864,0.246,0.1416,0,0,0,3,0
TXN006993,2166.19,30,6,3,3984.24,0.0648,0.1451,0.2382,0,0,0,3,0
TXN006994,364.05,55,346,8,1229.75,0.3125,0.166,0.0962,0,0,0,11,0
TXN006995,1103.37,56,12,6,1054.1,0.1289,0.448,0.2459,0,0,0,14,0
TXN006996,1061.19,57,391,2,1189.91,0.2018,0.3768,0.0751,1,0,0,10,0
TXN006997,1173.34,35,1904,3,881.83,0.2466,0.1819,0.0927,0,0,1,16,0
TXN006998,276.11,38,319,2,274.13,0.0443,0.6501,0.1144,0,0,1,0,0
TXN006999,2635.32,39,420,3,2030.67,0.1251,0.2213,0.1458,0,0,0,18,0
TXN007000,7950.54,62,620,1,5089.32,0.1548,0.2056,0.1526,0,0,0,6,0
TXN007001,687.6,64,145,4,1535.02,0.1066,0.1308,0.3232,0,0,0,3,0
TXN007002,2583.29,39,48,3,1601.87,0.1345,0.1006,0.3084,0,0,0,4,0
TXN007003,771.68,68,462,2,965.06,0.3184,0.2538,0.3092,0,0,0,15,0
TXN007004,3278.43,47,185,5,2466.25,0.063,0.3388,0.1412,0,0,0,19,0
TXN007005,1871.95,38,398,17,1066.9,0.1661,0.0475,0.0798,0,0,0,11,0
TXN007006,2328.68,18,186,25,1322.2,0.1888,0.1971,0.4558,0,1,0,13,1
TXN007007,393.62,49,1093,10,366.63,0.0903,0.1148,0.0442,0,0,0,15,0
TXN007008,835.16,51,371,3,757.07,0.4729,0.2767,0.0898,0,0,1,2,1
TXN007009,2316.24,68,423,4,1418.2,0.1773,0.0765,0.1154,0,0,0,23,0
TXN007010,906.33,55,58,4,2069.47,0.2569,0.1981,0.165,0,0,0,18,0
TXN007011,1250.24,19,256,2,2110.03,0.1295,0.1361,0.1992,1,0,0,12,0
TXN007012,311.37,47,504,3,363.06,0.0853,0.3326,0.2117,0,0,0,5,0
TXN007013,187.26,56,300,3,389.77,0.4493,0.1952,0.2731,0,0,0,6,0
TXN007014,1421.48,43,141,1,1650.6,0.1768,0.3401,0.3042,0,0,0,12,0
TXN007015,543.34,40,585,1,650.17,0.1805,0.1395,0.2975,0,0,0,7,0
TXN007016,2151.94,60,1319,4,2051.27,0.1156,0.1771,0.1368,0,0,0,3,0
TXN007017,339.54,49,88,5,350.33,0.2784,0.0419,0.3874,0,0,0,14,0
TXN007018,1843.19,53,611,1,1023.63,0.1195,0.2405,0.0655,0,1,0,20,0
TXN007019,1467.31,42,7,2,1070.66,0.0563,0.0884,0.0483,0,0,0,14,0
TXN007020,1476.25,32,30,1,1535.06,0.1966,0.1554,0.0396,1,0,1,5,0
TXN007021,443.59,44,671,7,532.82,0.4054,0.1505,0.244,0,1,1,16,1
TXN007022,269.65,67,19,6,276.79,0.3862,0.3278,0.1013,0,0,0,7,1
TXN007023,1216.18,49,23,2,1236.32,0.0442,0.0732,0.1588,0,0,0,7,1
TXN007024,6334.82,54,180,1,1585.26,0.11,0.1175,0.3151,0,0,0,15,0
TXN007025,995.83,24,608,2,2219.9,0.0035,0.1345,0.2415,0,0,0,19,1
TXN007026,512.63,69,2,2,853.22,0.1768,0.166,0.4135,0,0,0,8,0
TXN007027,1046.15,30,652,2,1887.44,0.028,0.2461,0.2945,0,0,0,4,0
TXN007028,1786.73,68,1443,3,1540.78,0.0527,0.3368,0.1604,0,0,1,1,0
TXN007029,3140.08,41,231,4,2767.46,0.0396,0.2167,0.0283,0,0,0,12,0
TXN007030,769.73,65,545,16,1054.93,0.1195,0.1506,0.0303,1,0,0,6,0
TXN007031,534.82,64,1337,14,326.71,0.4066,0.1075,0.1858,0,0,0,6,0
TXN007032,1281.71,57,33,3,1045.91,0.1385,0.1654,0.0258,1,0,1,13,0
TXN007033,1954.46,65,642,3,1166.68,0.2288,0.1664,0.1675,0,0,0,17,0
TXN007034,3055.31,49,68,0,1576.14,0.3316,0.1391,0.2425,0,1,0,15,0
TXN007035,116.17,62,438,2,375.07,0.1513,0.0855,0.1087,0,0,0,17,0
TXN007036,1285.18,26,303,0,881.45,0.1006,0.2389,0.0894,0,0,0,17,0
TXN007037,990.43,21,77,21,2013.59,0.1889,0.1583,0.0273,1,0,0,8,1
TXN007038,1169.48,46,77,1,1019.57,0.1104,0.1074,0.1664,0,0,0,5,0
TXN007039,850.56,60,902,3,885.35,0.0767,0.2966,0.3886,0,0,0,22,0
TXN007040,4096.18,57,130,5,4164.82,0.23,0.0916,0.006,1,0,0,23,0
TXN007041,267.32,45,526,2,518.53,0.062,0.2631,0.1335,0,0,0,16,0
TXN007042,4582.39,45,46,4,2599.85,0.2821,0.1456,0.1739,0,0,0,2,0
TXN007043,1102.24,49,757,4,2241.44,0.0399,0.1443,0.1754,0,0,0,16,0
TXN007044,1415.41,63,218,3,936.72,0.1389,0.2035,0.0299,0,0,0,11,0
TXN007045,487.57,61,564,3,1071.67,0.1028,0.1434,0.1372,0,0,0,3,0
TXN007046,1058.55,23,219,2,1069.0,0.0432,0.0797,0.1683,0,0,0,8,0
TXN007047,3360.28,48,60,3,1245.59,0.1563,0.34,0.164,0,0,0,10,1
TXN007048,2651.07,37,1078,5,723.3,0.3455,0.2181,0.3427,0,0,0,6,0
TXN007049,333.62,59,10,2,812.65,0.2417,0.0719,0.3207,0,0,0,11,0
TXN007050,580.48,44,1016,3,855.21,0.1029,0.0411,0.1201,0,0,0,20,0
TXN007051,656.04,69,376,5,874.53,0.0838,0.1885,0.2032,0,0,0,7,0
TXN007052,3049.55,40,293,7,882.25,0.0782,0.1128,0.0868,0,0,0,16,0
TXN007053,220.05,53,967,2,228.47,0.2579,0.1162,0.1404,0,0,0,8,0
TXN007054,2120.53,23,470,2,1174.21,0.0321,0.2713,0.0355,0,0,0,12,0
TXN007055,893.92,66,1896,2,758.07,0.1007,0.2245,0.1594,0,0,0,22,0
TXN007056,153.49,25,995,27,296.85,0.1963,0.2588,0.1412,0,0,0,9,1
TXN007057,308.61,37,614,7,858.31,0.2266,0.1676,0.126,1,0,0,1,1
TXN007058,599.52,61,385,4,839.94,0.5499,0.1063,0.3847,1,0,0,16,0
TXN007059,9575.39,68,996,1,2677.59,0.1816,0.1687,0.1143,0,0,0,5,0
TXN007060,866.3,43,207,5,751.85,0.1007,0.1422,0.1197,0,0,0,22,0
TXN007061,3125.53,43,36,2,1750.14,0.0638,0.2946,0.2368,0,0,0,0,0
TXN007062,1323.37,20,46,4,2886.99,0.4172,0.3113,0.0378,0,0,0,14,0
TXN007063,590.8,68,861,3,706.52,0.1123,0.11,0.318,0,0,0,19,0
TXN007064,1628.01,18,285,3,1060.77,0.1774,0.0669,0.2672,0,0,0,4,1
TXN007065,2018.16,19,449,8,3677.85,0.4221,0.2588,0.1262,0,0,0,5,0
TXN007066,1242.77,42,86,2,1287.28,0.3505,0.1286,0.1504,0,0,0,14,0
TXN007067,878.09,18,213,3,1424.57,0.2421,0.1808,0.0735,0,0,0,5,0
TXN007068,1299.14,26,1418,0,824.62,0.3369,0.216,0.046,0,0,0,20,0
TXN007069,2208.61,50,333,3,1773.9,0.2826,0.3814,0.1344,0,0,0,15,0
TXN007070,1553.26,54,170,5,1066.62,0.09,0.2718,0.4279,0,0,0,14,0
TXN007071,491.09,33,31,1,304.15,0.1027,0.1007,0.2014,0,0,0,2,0
TXN007072,754.55,59,155,2,855.2,0.1993,0.1359,0.1034,0,0,0,13,0
TXN007073,831.77,49,420,4,479.04,0.1919,0.08,0.31,1,0,0,18,0
TXN007074,857.61,29,346,4,1186.27,0.249,0.1987,0.0336,1,0,1,21,1
TXN007075,814.32,55,277,5,577.21,0.2154,0.1553,0.4512,0,0,0,0,0
TXN007076,518.36,48,921,3,1532.55,0.4275,0.2463,0.3114,0,0,0,7,0
TXN007077,750.57,60,285,6,1131.54,0.3579,0.1616,0.2871,1,0,0,7,0
TXN007078,1636.12,26,86,3,457.78,0.3037,0.166,0.2318,0,0,0,20,0
TXN007079,1087.1,30,161,1,776.83,0.1908,0.1044,0.1807,0,0,0,7,0
TXN007080,2369.97,33,700,4,1693.23,0.0325,0.0782,0.2929,0,0,0,20,0
TXN007081,1556.9,35,31,3,2449.39,0.1517,0.2022,0.1138,1,0,0,3,0
TXN007082,319.41,64,1072,3,583.07,0.0683,0.3195,0.1081,0,0,0,0,0
TXN007083,439.83,56,281,7,508.67,0.056,0.1725,0.0542,0,0,0,7,0
TXN007084,4141.32,46,589,5,4297.07,0.1875,0.0531,0.183,0,0,0,21,0
TXN007085,3121.66,46,2374,2,1089.16,0.1633,0.1199,0.2228,0,1,0,21,0
TXN007086,2047.64,64,421,3,1169.15,0.1148,0.3186,0.3336,0,0,0,20,0
TXN007087,693.91,41,245,1,653.55,0.2104,0.0706,0.2106,0,0,0,1,0
TXN007088,1321.86,29,17,3,1274.94,0.4193,0.1469,0.177,0,0,0,7,0
TXN007089,5527.8,25,260,1,3643.02,0.1577,0.0758,0.448,0,0,0,3,0
TXN007090,634.42,35,330,2,1310.36,0.3976,0.0708,0.204,1,0,0,7,0
TXN007091,803.3,51,186,12,2311.09,0.1295,0.0289,0.1593,0,0,0,11,0
TXN007092,1684.38,42,451,3,1119.11,0.237,0.2589,0.4121,0,0,0,17,0
TXN007093,556.43,39,32,26,534.82,0.1986,0.256,0.1494,1,0,0,8,1
TXN007094,330.32,42,875,2,679.76,0.3339,0.1702,0.0934,0,0,0,7,0
TXN007095,158.44,68,399,16,501.47,0.2298,0.2663,0.179,0,0,0,5,1
TXN007096,2088.24,69,255,20,1277.23,0.054,0.2837,0.4112,0,0,0,7,1
TXN007097,1938.88,26,223,5,2583.04,0.2036,0.1793,0.2483,0,1,1,7,0
TXN007098,1529.74,23,538,9,1227.47,0.1754,0.1087,0.378,0,0,1,16,0
TXN007099,764.7,30,468,2,884.08,0.1214,0.1923,0.2145,0,0,0,19,0
TXN007100,619.2,62,37,4,630.97,0.1227,0.1482,0.1091,1,0,0,5,0
TXN007101,1015.44,41,551,1,1406.43,0.0358,0.2012,0.0516,0,0,0,19,0
TXN007102,441.96,62,33,7,460.96,0.1997,0.1902,0.2413,1,1,0,14,0
TXN007103,680.97,51,230,4,495.78,0.0681,0.1053,0.4657,0,0,0,11,0
TXN007104,1769.52,46,190,3,2059.29,0.1934,0.1537,0.1201,0,0,0,7,0
TXN007105,751.85,32,321,2,902.88,0.506,0.3134,0.1407,0,0,0,12,0
TXN007106,1243.8,35,542,4,890.5,0.2313,0.1958,0.1196,0,0,0,0,0
TXN007107,1411.56,25,408,3,974.24,0.1814,0.2202,0.4657,0,0,0,11,1
TXN007108,975.05,44,43,1,1822.76,0.3083,0.1097,0.2234,0,0,0,9,0
TXN007109,1211.91,32,744,3,1231.33,0.3514,0.2927,0.297,0,0,0,3,0
TXN007110,488.71,33,733,3,651.87,0.1609,0.0516,0.2166,0,0,0,10,0
TXN007111,673.56,20,401,5,668.5,0.3038,0.308,0.2529,1,0,0,14,0
TXN007112,2105.07,59,108,4,956.64,0.2786,0.1504,0.2988,0,0,0,2,0
TXN007113,1650.75,66,96,5,1355.0,0.2706,0.3887,0.1585,0,0,0,6,0
TXN007114,3517.4,43,1254,24,1069.71,0.0875,0.0518,0.0927,1,0,0,12,0
TXN007115,1134.14,45,77,2,1005.11,0.3573,0.1349,0.2256,0,0,0,16,0
TXN007116,1033.64,66,411,4,1132.74,0.2246,0.2461,0.0522,0,0,0,8,0
TXN007117,1057.66,44,1241,3,1069.18,0.2039,0.094,0.0645,0,0,0,3,0
TXN007118,686.89,50,152,1,635.07,0.1581,0.1201,0.3865,0,0,0,17,0
TXN007119,2842.68,40,75,1,2380.19,0.1453,0.1507,0.1572,0,0,0,19,0
TXN007120,453.41,44,153,2,782.41,0.0471,0.162,0.2779,0,0,0,14,0
TXN007121,1055.97,45,798,3,1200.45,0.1992,0.0409,0.1761,0,0,0,0,0
TXN007122,174.05,54,945,3,259.24,0.0804,0.4105,0.2644,0,0,0,14,0
TXN007123,1661.82,49,218,1,943.29,0.2633,0.1753,0.0944,0,1,0,13,0
TXN007124,176.12,44,344,3,507.9,0.2727,0.3446,0.1345,0,0,0,14,1
TXN007125,602.44,21,1147,4,552.63,0.1035,0.2118,0.1272,1,1,0,0,0
TXN007126,2592.91,65,106,4,5976.14,0.2681,0.0849,0.1049,0,0,0,4,0
TXN007127,1656.4,64,256,4,1305.93,0.2444,0.0482,0.2396,0,0,0,7,0
TXN007128,2077.29,27,569,5,2586.9,0.1324,0.062,0.0319,0,0,0,15,0
TXN007129,734.71,33,1370,4,1995.62,0.1477,0.0887,0.2015,0,0,0,23,0
TXN007130,3664.68,68,1149,7,2182.6,0.1119,0.1863,0.0914,1,0,0,21,0
TXN007131,239.04,34,368,4,953.99,0.1783,0.2865,0.4063,0,0,0,12,0
TXN007132,3318.28,60,195,2,3376.12,0.2819,0.5554,0.2968,1,0,0,16,0
TXN007133,2901.07,58,542,5,1983.62,0.2945,0.1529,0.1385,0,0,0,9,0
TXN007134,2407.0,62,66,2,1128.83,0.2069,0.3441,0.1145,0,0,0,12,0
TXN007135,543.87,18,2219,5,1318.57,0.1278,0.1497,0.071,0,0,0,14,0
TXN007136,750.3,43,138,3,996.54,0.2403,0.0879,0.0494,1,0,0,16,0
TXN007137,2064.36,47,358,1,1137.48,0.0432,0.017,0.1619,0,0,0,7,0
TXN007138,2003.52,61,4,3,1063.67,0.0516,0.1244,0.294,0,0,0,12,0
TXN007139,2897.15,29,254,1,1432.35,0.222,0.1154,0.1233,0,0,0,14,0
TXN007140,15166.61,33,318,5,3707.01,0.1301,0.1172,0.1044,0,0,0,2,1
TXN007141,356.58,27,185,2,471.7,0.0105,0.037,0.3016,0,0,0,20,0
TXN007142,2994.28,57,316,6,2439.74,0.0892,0.2049,0.1523,0,0,0,14,0
TXN007143,700.65,69,57,1,847.45,0.1679,0.242,0.1603,0,0,0,15,0
TXN007144,900.05,25,380,0,2667.15,0.0622,0.0877,0.0384,0,0,0,14,0
TXN007145,826.41,30,890,3,868.34,0.0564,0.3582,0.2013,0,0,1,2,0
TXN007146,488.84,33,134,1,1464.0,0.2551,0.0075,0.1381,0,0,0,7,0
TXN007147,736.83,64,1135,18,981.23,0.0935,0.2428,0.1372,0,1,0,10,1
TXN007148,145.63,41,180,1,326.55,0.1078,0.2433,0.0855,0,0,0,10,0
TXN007149,4715.71,32,194,4,3704.43,0.0604,0.0495,0.0962,0,0,0,9,0
TXN007150,369.4,34,327,0,566.84,0.3548,0.1746,0.3721,0,0,0,22,0
TXN007151,435.66,49,274,3,1162.95,0.3693,0.3475,0.1179,0,1,0,15,0
TXN007152,845.07,38,365,19,524.95,0.1109,0.0832,0.2175,0,0,0,20,0
TXN007153,308.6,25,873,4,430.13,0.3853,0.3156,0.1668,1,0,1,19,1
TXN007154,749.11,60,799,7,950.08,0.0508,0.1831,0.1577,0,0,0,0,0
TXN007155,422.75,39,124,2,723.82,0.0317,0.1415,0.3065,0,0,0,6,0
TXN007156,910.34,31,241,32,483.88,0.2673,0.054,0.4421,0,0,0,17,1
TXN007157,1241.38,55,924,1,1069.77,0.3485,0.1394,0.2021,0,0,0,10,0
TXN007158,277.4,56,26,13,388.64,0.1136,0.3349,0.2517,0,0,0,5,1
TXN007159,417.85,26,81,3,1197.31,0.1129,0.2833,0.114,0,0,0,12,0
TXN007160,3990.69,21,36,5,1003.12,0.0692,0.2624,0.0751,0,0,0,9,0
TXN007161,573.85,20,193,2,193.2,0.2091,0.1438,0.2274,0,0,0,20,0
TXN007162,1681.65,57,203,3,760.38,0.3745,0.2728,0.0782,1,0,0,22,1
TXN007163,1033.95,50,2,4,1522.16,0.1548,0.2007,0.5201,0,0,0,3,1
TXN007164,395.44,59,501,2,520.88,0.3314,0.2678,0.2829,0,0,0,22,0
TXN007165,1955.93,50,1058,4,1569.1,0.1504,0.1465,0.1594,0,1,0,5,0
TXN007166,908.01,38,262,5,1484.56,0.5317,0.403,0.2039,0,0,0,12,0
TXN007167,312.13,48,74,1,537.86,0.0441,0.1068,0.2462,0,0,0,1,0
TXN007168,2425.06,55,1007,4,1087.25,0.3947,0.2093,0.1191,0,0,0,1,0
TXN007169,1895.36,38,831,4,1953.73,0.1844,0.1654,0.0132,0,0,0,22,0
TXN007170,320.72,65,350,4,593.78,0.1782,0.1493,0.2769,0,0,0,10,0
TXN007171,1603.43,64,23,3,949.5,0.0729,0.4306,0.3208,0,1,0,4,1
TXN007172,1789.2,59,324,3,2453.25,0.1907,0.2977,0.1871,0,0,0,8,0
TXN007173,202.56,69,255,14,601.64,0.3559,0.1695,0.0589,0,0,0,5,0
TXN007174,810.19,38,513,3,1512.34,0.2071,0.1449,0.3347,0,1,0,2,0
TXN007175,387.8,23,1091,5,515.21,0.2744,0.044,0.1698,0,0,0,3,0
TXN007176,1105.78,43,470,3,979.78,0.2477,0.1558,0.0346,0,0,0,3,0
TXN007177,1647.75,56,901,2,1499.23,0.5181,0.2367,0.1487,0,0,1,15,0
TXN007178,400.26,58,932,21,203.74,0.169,0.1378,0.2256,0,0,0,20,1
TXN007179,662.23,38,543,2,754.44,0.27,0.3082,0.1756,0,0,0,5,0
TXN007180,1146.45,33,393,1,1481.09,0.4031,0.1032,0.1586,0,0,0,20,0
TXN007181,2547.5,41,2,4,1284.46,0.0952,0.4013,0.0867,0,0,0,6,0
TXN007182,1303.26,59,290,4,760.77,0.2851,0.0278,0.2191,0,0,0,20,1
TXN007183,450.06,21,104,2,506.13,0.5635,0.1386,0.3258,0,0,1,2,1
TXN007184,1999.28,35,185,4,1702.62,0.0092,0.4064,0.0982,0,0,0,7,0
TXN007185,673.77,29,128,2,875.08,0.2284,0.145,0.2695,0,0,0,14,0
TXN007186,847.72,59,793,5,1606.39,0.1705,0.3468,0.1789,0,1,0,10,0
TXN007187,4791.68,42,3,1,1431.04,0.198,0.3732,0.0993,0,1,0,18,1
TXN007188,595.12,22,401,5,801.76,0.2801,0.1113,0.1849,0,0,0,4,0
TXN007189,2732.68,31,12,2,2323.41,0.3487,0.0662,0.1324,0,0,0,13,0
TXN007190,314.37,20,1033,5,723.43,0.0787,0.02,0.3001,0,0,0,0,0
TXN007191,3783.35,42,1976,4,2523.29,0.1139,0.1223,0.1902,0,0,1,6,0
TXN007192,1424.65,69,218,3,2765.3,0.2428,0.1564,0.44,0,0,0,21,0
TXN007193,5755.77,47,1546,1,2287.19,0.1443,0.0643,0.187,0,0,0,2,0
TXN007194,2597.18,63,8,6,966.43,0.19,0.1489,0.1635,1,1,1,20,0
TXN007195,8902.23,56,668,5,6522.12,0.2073,0.2883,0.084,0,0,0,9,0
TXN007196,1299.16,63,595,2,1219.62,0.0501,0.0991,0.0861,0,1,0,19,0
TXN007197,1171.06,34,1119,4,1298.21,0.2477,0.0621,0.0543,0,0,0,7,0
TXN007198,1051.96,67,40,5,1079.83,0.0663,0.5903,0.2501,0,0,0,2,0
TXN007199,622.81,30,14,4,497.29,0.1105,0.2017,0.0427,0,0,0,4,0
TXN007200,2852.39,40,973,4,2715.01,0.2459,0.2201,0.2201,0,0,0,20,0
TXN007201,1260.49,53,152,24,734.59,0.283,0.0965,0.041,1,0,0,6,1
TXN007202,1259.74,32,1468,3,2087.51,0.1094,0.2922,0.0388,0,0,0,14,0
TXN007203,5722.34,31,1105,24,2469.29,0.312,0.1714,0.3764,0,0,0,9,1
TXN007204,1325.92,24,131,5,1672.92,0.21,0.3836,0.1087,0,0,0,2,0
TXN007205,448.27,18,598,0,675.61,0.162,0.1834,0.1386,1,0,0,1,0
TXN007206,1054.35,44,80,3,863.72,0.1433,0.2579,0.0961,0,0,0,18,0
TXN007207,212.86,69,97,4,168.35,0.2263,0.3647,0.2964,0,0,0,9,1
TXN007208,388.89,29,1645,1,1010.77,0.0511,0.2029,0.2521,0,0,0,1,0
TXN007209,1476.29,40,628,6,1923.49,0.0586,0.1725,0.1091,0,0,0,19,0
TXN007210,281.21,66,1132,3,928.66,0.1266,0.2886,0.4807,0,0,0,8,0
TXN007211,500.35,58,176,3,725.56,0.095,0.2886,0.2671,0,0,0,9,0
TXN007212,628.68,18,339,2,890.32,0.2453,0.2459,0.0808,1,0,0,16,0
TXN007213,3024.07,44,504,2,2567.68,0.0887,0.0951,0.2662,1,0,0,6,0
TXN007214,684.48,25,423,7,1055.68,0.0732,0.1112,0.1396,0,0,0,1,0
TXN007215,2973.41,30,767,3,4026.05,0.2709,0.0881,0.4017,0,0,0,11,0
TXN007216,1506.62,30,220,1,735.45,0.11,0.1007,0.2443,0,0,0,10,0
TXN007217,3973.36,49,1131,2,1276.74,0.1974,0.2072,0.4156,0,0,0,23,1
TXN007218,487.91,28,171,6,809.66,0.0367,0.1076,0.0775,0,0,0,9,0
TXN007219,8206.91,31,226,2,4685.09,0.6813,0.2252,0.1258,0,0,0,22,0
TXN007220,1539.31,29,911,1,1243.63,0.0436,0.2314,0.0077,0,0,0,3,0
TXN007221,1869.3,36,259,2,4864.18,0.1599,0.1447,0.2146,0,0,0,23,0
TXN007222,528.88,52,431,1,817.22,0.4515,0.162,0.2384,0,0,0,13,0
TXN007223,604.26,38,400,2,3194.88,0.2582,0.1038,0.275,0,0,0,4,0
TXN007224,1423.06,35,134,2,1191.06,0.2542,0.0333,0.3075,0,0,0,16,0
TXN007225,1089.45,44,52,4,1969.74,0.1256,0.197,0.0905,0,0,0,13,0
TXN007226,502.63,49,547,6,466.94,0.0995,0.2562,0.1264,1,0,1,22,0
TXN007227,5755.51,18,362,0,1399.53,0.1226,0.2166,0.147,0,0,0,23,0
TXN007228,1246.18,64,626,24,518.85,0.3303,0.1966,0.3164,0,1,0,19,0
TXN007229,861.02,65,37,6,1312.87,0.3321,0.1513,0.2138,0,0,0,0,0
TXN007230,217.52,49,330,4,378.84,0.1417,0.1689,0.2725,0,1,0,8,0
TXN007231,2090.76,47,102,8,1026.74,0.271,0.1727,0.1931,0,0,0,23,0
TXN007232,1358.71,54,292,6,2361.21,0.462,0.2741,0.0649,0,0,0,5,0
TXN007233,2775.0,40,152,6,1608.87,0.1395,0.2666,0.1448,0,1,1,9,0
TXN007234,2081.74,37,95,2,462.31,0.1794,0.293,0.1895,1,0,1,3,0
TXN007235,420.99,36,20,4,290.36,0.1744,0.5146,0.2325,0,0,0,20,0
TXN007236,2978.18,26,126,6,1552.87,0.1684,0.1033,0.0592,0,0,0,19,0
TXN007237,5968.53,61,897,8,3317.08,0.1122,0.1674,0.2445,0,0,0,11,0
TXN007238,411.1,34,90,1,558.49,0.1227,0.2056,0.2586,0,0,1,9,0
TXN007239,5584.71,32,393,3,4760.86,0.1948,0.0528,0.0746,1,0,0,7,0
TXN007240,645.11,68,1187,5,1091.66,0.3716,0.2182,0.0748,0,0,0,10,0
TXN007241,565.88,44,970,20,278.36,0.0137,0.1982,0.2001,0,0,0,0,1
TXN007242,202.46,50,143,2,367.74,0.2311,0.0994,0.1595,0,1,0,22,0
TXN007243,2764.2,30,158,1,1879.88,0.0827,0.3258,0.2206,0,0,0,19,0
TXN007244,2237.56,32,26,4,1200.75,0.1183,0.3067,0.276,0,0,0,11,0
TXN007245,2361.73,55,695,4,3095.04,0.2074,0.0776,0.1096,0,1,0,17,0
TXN007246,318.86,41,938,0,474.05,0.0859,0.1588,0.281,0,0,0,13,0
TXN007247,1085.3,25,644,14,1191.47,0.1389,0.224,0.2207,1,0,0,11,0
TXN007248,674.45,61,236,2,1101.84,0.0791,0.1571,0.3933,0,0,0,21,0
TXN007249,1081.29,38,126,5,992.17,0.0522,0.0917,0.3256,0,1,0,0,0
TXN007250,506.66,52,1289,1,838.97,0.0424,0.2069,0.1624,0,0,0,23,0
TXN007251,534.65,35,152,6,850.74,0.0568,0.0685,0.5905,0,0,0,7,0
TXN007252,1674.13,47,1,4,1239.24,0.1602,0.1433,0.3195,0,0,0,18,0
TXN007253,1903.53,58,12,1,1355.34,0.2731,0.1364,0.0509,0,0,0,5,0
TXN007254,1113.62,64,433,4,1308.71,0.0656,0.1436,0.2371,1,0,0,0,0
TXN007255,1031.39,28,2844,4,2550.87,0.0774,0.2307,0.2639,0,0,0,20,0
TXN007256,900.62,52,719,4,473.0,0.0574,0.0726,0.0674,0,0,0,10,0
TXN007257,241.1,65,531,1,308.53,0.1791,0.3173,0.2735,0,0,0,10,1
TXN007258,6947.58,51,739,4,2234.73,0.0231,0.1527,0.1651,0,1,0,8,0
TXN007259,526.74,25,251,1,566.53,0.1095,0.2156,0.2545,0,0,1,2,1
TXN007260,906.0,27,229,4,840.81,0.2512,0.0544,0.2874,0,0,0,21,0
TXN007261,563.44,28,400,8,714.46,0.4677,0.15,0.1629,1,1,0,15,1
TXN007262,804.66,23,836,3,703.83,0.1865,0.1854,0.0514,0,1,0,15,0
TXN007263,2673.99,57,140,2,395.13,0.1872,0.229,0.2877,0,0,0,9,0
TXN007264,607.53,68,73,2,736.07,0.2125,0.1486,0.1307,0,0,1,8,0
TXN007265,3486.01,44,1184,1,1727.67,0.3997,0.2091,0.2492,0,0,0,21,0
TXN007266,1149.52,49,187,2,1093.62,0.2362,0.213,0.1236,0,1,0,14,0
TXN007267,2977.21,58,47,2,1561.11,0.3234,0.0499,0.0345,0,0,0,15,0
TXN007268,267.79,39,417,3,774.91,0.1403,0.0465,0.1553,0,1,0,4,0
TXN007269,6013.01,42,872,1,2063.16,0.0615,0.241,0.5343,0,0,0,17,0
TXN007270,926.77,48,238,6,768.27,0.4028,0.0739,0.054,0,0,0,23,0
TXN007271,216.32,33,793,3,250.64,0.2058,0.1072,0.145,0,1,0,19,0
TXN007272,2249.49,21,2,5,1368.73,0.4457,0.2179,0.166,0,0,0,3,0
TXN007273,2031.07,47,38,2,1876.51,0.0791,0.2666,0.2239,0,0,1,14,0
TXN007274,394.33,60,229,4,741.39,0.1455,0.1309,0.0424,0,0,0,11,0
TXN007275,669.57,21,210,3,2538.79,0.0393,0.0832,0.0332,1,0,0,4,0
TXN007276,1650.52,29,552,3,604.57,0.1919,0.1293,0.2709,0,0,0,8,0
TXN007277,1551.44,31,849,2,1753.74,0.3691,0.0411,0.1656,0,0,0,6,0
TXN007278,2655.09,59,532,3,3719.49,0.1543,0.0693,0.361,1,0,0,18,0
TXN007279,838.27,44,194,0,1125.2,0.1853,0.0878,0.1627,0,0,0,17,0
TXN007280,2094.19,45,64,2,935.86,0.2561,0.4309,0.032,0,0,0,14,0
TXN007281,777.8,51,128,3,1018.44,0.4948,0.1282,0.1885,0,0,0,22,0
TXN007282,4886.38,32,934,2,3428.26,0.3452,0.1687,0.202,0,0,0,22,0
TXN007283,1209.43,55,135,5,1453.82,0.032,0.1971,0.0766,1,0,0,14,0
TXN007284,2467.1,19,1415,2,4919.4,0.077,0.0577,0.1888,0,0,0,17,0
TXN007285,2188.96,23,417,2,1333.38,0.0386,0.2866,0.2321,0,0,0,14,0
TXN007286,1272.83,60,712,1,693.91,0.3134,0.1298,0.3103,0,0,1,22,1
TXN007287,501.66,52,176,4,728.91,0.0808,0.2752,0.0309,0,0,0,12,0
TXN007288,1121.43,27,81,1,1144.96,0.0784,0.3427,0.2653,0,0,0,7,0
TXN007289,277.11,40,9,2,262.72,0.2635,0.152,0.1716,0,1,0,3,1
TXN007290,1004.58,20,493,3,786.43,0.2665,0.1069,0.2386,0,0,1,12,1
TXN007291,2361.97,52,31,3,798.74,0.3244,0.245,0.1667,0,0,0,10,0
TXN007292,1085.42,57,59,2,1297.06,0.452,0.1873,0.1223,0,0,0,0,0
TXN007293,3560.83,32,887,7,4269.59,0.2921,0.0389,0.3483,0,0,0,5,0
TXN007294,1034.78,36,102,1,1139.53,0.0949,0.2184,0.1009,0,0,0,13,0
TXN007295,170.02,30,145,20,285.47,0.4098,0.0241,0.1287,0,0,0,11,1
TXN007296,224.32,38,181,4,578.4,0.2283,0.3988,0.1196,0,0,0,23,0
TXN007297,1418.24,32,207,2,1317.65,0.5117,0.0792,0.2635,0,0,0,3,0
TXN007298,1564.15,30,94,4,1170.39,0.1264,0.0466,0.1096,1,1,0,22,0
TXN007299,3423.67,40,310,8,3419.05,0.0915,0.2977,0.0294,0,0,0,23,1
TXN007300,2074.69,62,829,4,2147.49,0.197,0.1398,0.1396,0,0,0,5,0
TXN007301,1282.77,57,1836,5,2102.92,0.3876,0.4255,0.1286,0,0,0,7,0
TXN007302,1082.28,33,417,5,942.0,0.2385,0.47,0.0713,0,0,0,1,0
TXN007303,2598.81,67,627,7,2367.01,0.4571,0.0811,0.3506,0,1,0,8,0
TXN007304,760.55,28,109,20,585.73,0.0863,0.3837,0.2736,0,1,0,22,1
TXN007305,2580.73,65,46,4,2159.88,0.4764,0.0944,0.2219,0,0,0,6,0
TXN007306,1117.56,34,300,4,899.92,0.1139,0.0526,0.1922,0,0,0,9,0
TXN007307,822.0,46,1355,2,397.98,0.439,0.0729,0.2096,0,1,0,15,0
TXN007308,2275.54,28,817,2,1661.15,0.2328,0.2388,0.3635,1,0,0,13,1
TXN007309,3799.47,57,151,3,2916.91,0.4478,0.1494,0.1117,0,0,0,15,0
TXN007310,316.4,34,129,9,825.0,0.2963,0.0796,0.2917,0,0,0,6,0
TXN007311,5845.09,63,291,6,3274.54,0.1885,0.4256,0.2487,0,0,1,5,0
TXN007312,292.08,22,287,0,344.07,0.0557,0.0664,0.3245,0,0,0,14,0
TXN007313,495.62,44,323,2,474.49,0.153,0.1398,0.2492,0,0,0,5,0
TXN007314,491.37,26,280,2,989.59,0.3622,0.3752,0.2761,1,0,1,13,1
TXN007315,2670.17,64,377,3,845.95,0.399,0.06,0.3445,1,0,0,19,1
TXN007316,176.3,39,1024,6,687.46,0.2529,0.0363,0.4446,0,0,0,0,0
TXN007317,2729.94,53,194,4,1204.2,0.3001,0.1691,0.111,0,0,0,23,0
TXN007318,957.02,63,133,5,757.47,0.1586,0.2068,0.3057,0,1,1,12,0
TXN007319,299.11,45,744,3,852.96,0.1713,0.0978,0.0108,0,0,0,7,0
TXN007320,4084.34,20,486,4,1332.61,0.222,0.1113,0.3159,1,0,0,13,0
TXN007321,911.69,29,57,19,687.27,0.0898,0.1007,0.163,0,1,0,2,1
TXN007322,278.3,29,177,6,1018.2,0.2498,0.0858,0.1838,0,0,0,18,0
TXN007323,553.23,65,492,2,697.93,0.268,0.1916,0.0918,0,1,0,12,1
TXN007324,632.73,65,834,4,471.57,0.2114,0.0844,0.4421,0,0,0,13,0
TXN007325,4802.41,42,1462,15,1871.68,0.0609,0.3726,0.2869,0,0,0,6,0
TXN007326,2893.93,64,353,4,3624.44,0.1984,0.1607,0.1416,0,1,0,1,0
TXN007327,538.83,30,146,2,2310.46,0.3308,0.1993,0.286,1,0,0,23,0
TXN007328,3086.1,53,149,1,1383.26,0.0364,0.1311,0.4145,0,0,0,9,0
TXN007329,920.52,38,354,5,699.89,0.2848,0.0439,0.4046,0,0,0,18,0
TXN007330,262.76,30,489,2,897.09,0.1148,0.2953,0.2999,0,0,0,20,0
TXN007331,2774.98,31,116,17,2298.28,0.1014,0.5129,0.1235,0,1,0,0,1
TXN007332,284.2,39,399,1,222.06,0.1321,0.4945,0.2589,0,1,0,9,1
TXN007333,711.32,35,1170,18,850.41,0.2665,0.1714,0.3854,0,1,0,19,0
TXN007334,1163.14,28,121,3,1833.32,0.285,0.2149,0.3053,0,0,0,19,1
TXN007335,353.49,35,355,3,494.33,0.3447,0.1894,0.2871,0,0,0,2,1
TXN007336,1233.27,24,247,4,1474.94,0.336,0.1621,0.2305,0,0,0,23,0
TXN007337,1735.39,68,572,4,1427.8,0.0418,0.3624,0.102,0,0,0,17,0
TXN007338,611.29,37,294,4,396.22,0.1487,0.0761,0.1886,0,0,0,15,0
TXN007339,357.66,23,409,6,1165.48,0.2055,0.2314,0.1814,0,0,0,8,0
TXN007340,819.4,47,97,3,711.79,0.0743,0.3088,0.1248,0,0,0,0,0
TXN007341,1919.15,63,264,4,1467.43,0.4502,0.204,0.1183,0,0,0,5,0
TXN007342,1923.46,36,64,24,1752.59,0.2391,0.1426,0.3666,0,0,1,21,1
TXN007343,1160.48,61,156,4,1449.91,0.037,0.0109,0.1645,0,0,0,13,0
TXN007344,2519.23,49,96,3,1153.8,0.22,0.0192,0.39,0,0,0,19,0
TXN007345,2811.94,56,1514,2,1342.39,0.5684,0.2803,0.0119,0,1,0,22,0
TXN007346,393.6,33,88,14,481.43,0.0375,0.3179,0.2888,0,0,0,5,0
TXN007347,1025.34,19,137,3,1073.28,0.0114,0.4079,0.1294,0,0,0,3,1
TXN007348,960.04,35,63,3,627.95,0.5991,0.1362,0.0876,0,0,0,14,0
TXN007349,4571.16,66,221,4,2257.64,0.0774,0.3556,0.1336,0,0,0,2,0
TXN007350,1129.72,59,100,25,1769.17,0.1411,0.3253,0.0879,0,0,0,11,1
TXN007351,993.14,58,1174,4,1765.66,0.1425,0.2616,0.15,0,0,0,22,0
TXN007352,4231.17,63,67,6,3638.93,0.2888,0.0143,0.1606,0,0,0,9,0
TXN007353,469.21,37,482,5,870.45,0.0336,0.1529,0.2515,0,0,0,13,0
TXN007354,256.2,34,524,3,746.72,0.0868,0.2341,0.1224,0,0,1,15,0
TXN007355,545.26,66,520,5,856.18,0.147,0.1924,0.098,0,0,0,22,0
TXN007356,449.38,47,352,3,357.25,0.1696,0.0281,0.1311,0,0,0,2,0
TXN007357,887.12,33,1064,4,377.47,0.121,0.0733,0.0829,1,0,0,11,0
TXN007358,1147.05,32,358,5,1693.87,0.0565,0.2319,0.339,0,0,0,4,0
TXN007359,385.7,63,319,1,412.98,0.3905,0.1082,0.1203,0,0,0,5,0
TXN007360,562.91,20,462,2,516.75,0.1161,0.1392,0.3519,1,0,0,7,0
TXN007361,714.85,21,179,2,1021.26,0.4042,0.1988,0.0183,0,0,0,3,0
TXN007362,550.87,56,606,5,821.75,0.3979,0.2048,0.2306,0,0,0,1,0
TXN007363,2450.87,18,743,19,2038.47,0.0617,0.2604,0.0162,0,0,0,23,0
TXN007364,592.14,26,867,1,1144.04,0.4642,0.1675,0.1108,0,1,0,4,0
TXN007365,411.16,69,457,3,627.08,0.2096,0.2369,0.2117,0,0,0,12,0
TXN007366,1936.66,40,380,3,2164.93,0.2105,0.1787,0.1195,0,0,0,7,0
TXN007367,2180.93,55,2954,3,1826.49,0.1642,0.1667,0.175,0,0,0,10,0
TXN007368,177.49,43,612,2,408.43,0.1773,0.1066,0.2258,0,0,0,17,0
TXN007369,1217.6,22,1521,25,1308.43,0.183,0.0313,0.4378,0,0,0,4,1
TXN007370,326.84,27,697,6,664.77,0.4939,0.1007,0.034,0,0,0,5,0
TXN007371,447.95,57,1164,1,652.62,0.1765,0.4472,0.091,1,0,0,4,0
TXN007372,6262.94,22,408,4,4058.87,0.2809,0.0458,0.2709,0,0,0,21,0
TXN007373,1148.69,48,181,2,1196.3,0.099,0.1582,0.4311,0,0,0,20,0
TXN007374,2358.34,36,13,5,941.73,0.1206,0.1096,0.3196,0,0,0,16,0
TXN007375,1118.52,37,324,2,1163.82,0.1864,0.0847,0.3228,1,0,0,6,0
TXN007376,3443.95,67,35,4,2022.25,0.0849,0.1037,0.1683,1,0,0,7,0
TXN007377,1038.99,49,923,2,671.07,0.0736,0.2972,0.0405,0,0,0,20,0
TXN007378,750.8,49,246,2,756.27,0.1779,0.1195,0.3308,0,0,0,13,0
TXN007379,842.24,36,734,1,1736.57,0.2305,0.1716,0.3322,0,0,0,23,0
TXN007380,358.06,37,223,3,379.38,0.1108,0.0824,0.2686,0,1,0,12,0
TXN007381,1636.83,53,639,5,2194.13,0.1992,0.1731,0.153,0,0,0,5,0
TXN007382,260.37,20,1010,13,356.51,0.2991,0.3858,0.4942,0,0,0,13,0
TXN007383,1005.93,30,724,7,923.31,0.1549,0.3386,0.1533,0,1,0,6,1
TXN007384,161.35,49,150,3,358.1,0.1156,0.1821,0.0418,0,0,0,5,0
TXN007385,323.76,50,658,2,523.55,0.073,0.0491,0.1196,0,1,0,16,0
TXN007386,1558.89,22,439,1,2719.94,0.216,0.0545,0.3547,0,0,0,11,0
TXN007387,1980.88,58,167,2,2278.15,0.4882,0.0334,0.3891,0,0,0,5,0
TXN007388,1609.11,46,187,2,2455.11,0.1945,0.2746,0.1331,0,0,0,23,0
TXN007389,270.26,30,118,8,397.7,0.0528,0.1198,0.2131,0,0,0,16,0
TXN007390,566.1,57,590,2,525.45,0.2988,0.1353,0.2298,1,0,0,8,0
TXN007391,1088.75,69,791,6,1391.18,0.3079,0.0359,0.2954,0,0,0,0,0
TXN007392,1814.14,40,457,1,1809.35,0.3337,0.194,0.173,0,1,0,16,0
TXN007393,339.24,32,1372,3,626.62,0.1243,0.042,0.4861,1,0,0,17,0
TXN007394,463.65,33,114,7,731.25,0.0186,0.6537,0.306,0,0,0,4,1
TXN007395,1526.16,48,381,4,496.73,0.1731,0.069,0.0541,1,0,0,22,0
TXN007396,2385.58,20,8,12,3500.89,0.2427,0.1662,0.1397,0,1,1,13,1
TXN007397,246.9,43,670,3,786.45,0.1535,0.2644,0.0823,0,0,0,14,0
TXN007398,1352.99,19,374,3,1120.92,0.2302,0.1503,0.503,0,0,0,2,0
TXN007399,787.74,20,970,5,1162.76,0.1676,0.1518,0.2931,0,0,0,16,0
TXN007400,2719.08,40,405,1,2377.81,0.279,0.3121,0.0391,0,0,0,0,0
TXN007401,535.94,56,586,2,563.0,0.2097,0.3215,0.2248,0,1,0,5,0
TXN007402,3361.74,63,798,3,2484.39,0.1003,0.199,0.0199,0,0,0,14,0
TXN007403,424.16,22,227,0,448.05,0.441,0.05,0.1108,0,0,0,16,0
TXN007404,2189.44,30,437,1,2479.98,0.3519,0.3487,0.4642,0,1,0,14,1
TXN007405,620.58,39,719,4,330.07,0.3228,0.4686,0.3251,0,0,1,12,0
TXN007406,300.92,47,196,2,1019.24,0.1771,0.0546,0.1374,0,0,0,9,0
TXN007407,1650.42,69,247,5,3421.4,0.0118,0.0744,0.1026,0,0,1,16,0
TXN007408,1134.87,53,150,18,1786.62,0.2287,0.1124,0.1894,0,0,0,6,1
TXN007409,580.45,45,257,3,1472.72,0.3962,0.25,0.5376,0,0,0,5,1
TXN007410,404.42,21,76,4,526.43,0.0302,0.2233,0.1459,0,0,0,16,1
TXN007411,477.09,22,195,5,655.66,0.2471,0.2953,0.1276,0,0,0,1,0
TXN007412,4803.8,25,43,1,2810.39,0.0094,0.1962,0.0828,0,0,1,18,0
TXN007413,1454.02,52,144,5,1526.35,0.1584,0.374,0.3894,0,0,0,21,0
TXN007414,1818.96,35,343,4,2045.04,0.1925,0.1146,0.1858,0,0,0,16,0
TXN007415,937.06,30,206,3,1154.77,0.0264,0.1148,0.1175,0,0,0,11,0
TXN007416,504.81,52,493,5,900.35,0.3067,0.3182,0.2275,0,0,0,18,0
TXN007417,3061.31,60,425,7,1875.56,0.2107,0.2431,0.0638,0,1,0,11,0
TXN007418,2558.28,40,354,6,1314.94,0.0856,0.413,0.1503,0,0,0,13,0
TXN007419,499.86,63,18,15,973.63,0.1086,0.2233,0.2152,0,0,0,0,1
TXN007420,993.49,56,1100,1,407.56,0.3726,0.4487,0.3799,0,0,0,2,1
TXN007421,1478.37,55,216,1,2138.23,0.2471,0.0739,0.2817,0,0,0,3,1
TXN007422,986.47,63,448,2,1492.22,0.2121,0.2881,0.3079,0,0,0,5,0
TXN007423,930.44,27,696,1,717.39,0.1101,0.2473,0.1927,1,1,0,22,1
TXN007424,3410.46,57,132,4,2503.58,0.4591,0.1833,0.2574,1,0,0,23,0
TXN007425,1250.72,67,80,2,1300.71,0.0974,0.3684,0.1588,0,0,0,0,0
TXN007426,1089.99,69,13,3,1318.67,0.0591,0.2542,0.2179,0,0,0,17,0
TXN007427,3879.73,48,916,5,2035.97,0.1275,0.5608,0.2349,0,0,0,19,0
TXN007428,1243.0,57,104,4,1751.27,0.2953,0.2029,0.1537,0,0,0,15,0
TXN007429,1296.92,64,1899,4,1346.92,0.4212,0.2319,0.0584,0,0,0,9,0
TXN007430,2439.56,62,169,5,961.02,0.1194,0.2265,0.3547,0,0,1,3,0
TXN007431,2107.31,64,623,4,4396.5,0.0219,0.321,0.4735,0,0,0,1,1
TXN007432,509.83,61,19,3,656.12,0.2173,0.1702,0.33,0,0,0,23,0
TXN007433,3248.68,37,581,7,1848.59,0.0966,0.3325,0.1384,0,0,0,2,0
TXN007434,1382.57,55,90,3,1034.11,0.1143,0.0663,0.1655,1,0,0,1,0
TXN007435,2465.15,39,26,1,1507.64,0.1058,0.276,0.1533,0,0,0,8,0
TXN007436,1256.15,59,47,6,2600.34,0.3149,0.0982,0.0285,1,0,0,21,0
TXN007437,1052.06,60,558,4,881.74,0.373,0.1493,0.0718,0,0,0,6,0
TXN007438,1428.56,66,52,6,1671.18,0.2624,0.5959,0.0876,0,0,0,9,0
TXN007439,4608.78,48,183,2,1320.66,0.1949,0.0137,0.2576,0,0,0,4,0
TXN007440,1092.52,42,703,6,700.01,0.1635,0.0957,0.1568,0,0,0,9,0
TXN007441,2613.37,26,259,2,2645.64,0.2922,0.3607,0.0774,0,0,0,9,0
TXN007442,2111.33,51,14,3,1804.13,0.3473,0.3427,0.0314,1,0,0,7,0
TXN007443,833.53,47,99,4,809.01,0.0687,0.0581,0.0981,0,0,0,4,0
TXN007444,3487.62,44,132,5,2374.44,0.2007,0.2756,0.2121,0,0,0,2,0
TXN007445,382.62,53,295,3,612.78,0.1638,0.0849,0.4182,0,0,0,9,0
TXN007446,2277.0,62,1501,3,1074.65,0.3171,0.3325,0.1208,0,0,0,3,0
TXN007447,391.88,25,300,4,812.03,0.1643,0.3449,0.0894,0,0,0,11,0
TXN007448,2077.03,40,386,3,1855.52,0.0384,0.0933,0.0803,0,1,0,6,0
TXN007449,498.13,55,280,4,783.85,0.1536,0.2193,0.0992,0,1,0,16,0
TXN007450,1909.3,60,79,2,1864.85,0.2033,0.2153,0.3735,0,0,0,3,0
TXN007451,2862.73,58,267,5,1662.57,0.1549,0.2091,0.3642,0,0,1,2,1
TXN007452,328.83,59,3000,3,843.3,0.1003,0.2471,0.4088,0,0,1,17,0
TXN007453,3596.04,62,408,2,3947.36,0.3352,0.0848,0.1838,0,0,0,8,0
TXN007454,294.85,68,766,2,650.89,0.2087,0.2402,0.2642,0,0,0,5,0
TXN007455,350.73,49,345,23,408.99,0.2234,0.1374,0.2334,0,0,1,10,1
TXN007456,903.21,30,1709,2,1996.74,0.127,0.2283,0.3294,0,0,0,1,0
TXN007457,266.24,47,88,27,243.57,0.3274,0.262,0.3915,0,0,0,13,1
TXN007458,2464.83,54,212,0,3115.9,0.5145,0.2122,0.2406,0,0,0,6,1
TXN007459,1776.05,23,317,4,1177.59,0.1853,0.1068,0.2623,0,0,0,5,0
TXN007460,793.79,57,125,5,403.88,0.2377,0.5694,0.2116,0,0,0,17,0
TXN007461,567.89,46,223,5,564.58,0.0475,0.269,0.4061,0,0,0,12,0
TXN007462,571.15,66,797,4,349.37,0.0318,0.0582,0.1541,0,0,0,4,0
TXN007463,3066.74,29,674,3,1433.71,0.4198,0.2574,0.0745,0,0,0,23,0
TXN007464,260.87,65,306,5,433.18,0.1886,0.2178,0.2444,0,0,0,4,0
TXN007465,3431.33,41,89,6,1558.47,0.102,0.1623,0.0937,1,0,0,6,0
TXN007466,868.1,47,52,3,885.92,0.1014,0.1478,0.259,0,1,0,13,0
TXN007467,459.04,52,505,5,786.23,0.2293,0.0344,0.0187,0,0,0,1,0
TXN007468,1845.85,48,81,1,1566.41,0.1016,0.1214,0.1478,0,0,1,6,0
TXN007469,1630.77,64,808,2,1696.73,0.327,0.3247,0.3567,0,0,0,23,0
TXN007470,1128.0,26,638,1,2445.64,0.1598,0.0485,0.2284,0,0,0,10,0
TXN007471,384.05,55,934,1,703.7,0.3081,0.1175,0.296,0,0,0,10,0
TXN007472,2642.96,68,397,4,1073.99,0.2855,0.1561,0.119,0,0,0,23,0
TXN007473,819.33,29,183,4,702.94,0.2031,0.3601,0.2376,0,0,0,18,0
TXN007474,2776.87,31,240,3,1229.17,0.1956,0.0934,0.194,0,1,0,22,1
TXN007475,505.77,42,238,5,636.0,0.6529,0.0943,0.4909,0,0,0,9,1
TXN007476,524.39,55,1347,2,814.95,0.0399,0.3302,0.1952,0,0,0,12,0
TXN007477,324.04,67,346,2,817.87,0.2929,0.1937,0.36,0,0,0,3,0
TXN007478,2293.28,59,35,6,1346.62,0.3827,0.051,0.4076,0,1,0,22,0
TXN007479,1377.35,59,284,5,1098.9,0.1254,0.0354,0.4017,0,0,0,5,0
TXN007480,1249.2,40,59,3,1563.08,0.5058,0.1547,0.1609,0,0,0,5,0
TXN007481,657.96,51,7,21,1017.5,0.0752,0.2303,0.078,0,0,0,0,1
TXN007482,1358.25,28,448,4,730.82,0.2456,0.1133,0.1239,0,0,0,17,0
TXN007483,1137.28,42,197,1,1253.75,0.0896,0.0519,0.2353,0,0,0,0,0
TXN007484,526.57,27,81,4,577.07,0.0549,0.1177,0.2264,1,0,0,16,0
TXN007485,1173.78,19,1263,2,1633.39,0.1712,0.1129,0.2505,0,0,0,1,0
TXN007486,717.71,62,962,3,898.0,0.073,0.191,0.056,0,0,0,23,0
TXN007487,1712.54,59,146,3,1265.43,0.3247,0.214,0.1566,0,0,0,8,0
TXN007488,586.97,44,308,1,1279.23,0.3504,0.0239,0.1172,0,0,1,8,0
TXN007489,3517.44,18,587,0,3364.66,0.1593,0.1167,0.3157,1,0,0,2,0
TXN007490,2422.8,22,95,1,1432.4,0.1042,0.251,0.3028,0,1,0,15,1
TXN007491,1101.73,23,124,2,1154.3,0.3484,0.2276,0.0141,0,0,0,12,0
TXN007492,1206.12,55,576,1,675.42,0.1284,0.1503,0.3641,0,0,0,11,0
TXN007493,4019.85,28,1154,4,1923.05,0.2565,0.2076,0.3545,0,0,0,0,0
TXN007494,1491.93,31,520,3,907.65,0.0713,0.3072,0.204,0,1,0,6,0
TXN007495,280.53,62,2501,2,376.97,0.2191,0.1554,0.1914,0,0,0,23,0
TXN007496,938.18,63,125,2,956.65,0.0926,0.3389,0.4375,0,1,0,14,0
TXN007497,1516.59,57,1262,1,1253.94,0.2029,0.267,0.1388,0,0,0,21,0
TXN007498,477.56,34,820,3,618.34,0.1656,0.3025,0.1771,0,0,0,6,0
TXN007499,765.53,48,129,4,1009.56,0.083,0.1318,0.2284,0,0,0,17,1
TXN007500,765.2,28,231,3,1043.11,0.1842,0.3324,0.024,0,0,0,17,0
TXN007501,4271.94,62,602,2,1054.54,0.3486,0.1735,0.0741,0,0,0,4,1
TXN007502,2242.06,22,1489,2,2602.56,0.388,0.3235,0.2601,0,0,0,4,0
TXN007503,788.14,56,128,2,437.86,0.0509,0.1743,0.2941,0,0,0,11,0
TXN007504,2822.82,44,1323,6,4553.55,0.3087,0.123,0.1771,0,0,0,10,0
TXN007505,2732.55,57,217,3,1071.71,0.2329,0.3819,0.271,1,0,0,19,0
TXN007506,1336.67,41,386,5,1646.07,0.5304,0.2785,0.2039,1,1,0,9,0
TXN007507,1234.75,26,225,5,1199.29,0.3028,0.5175,0.0416,0,0,0,1,0
TXN007508,119.56,57,208,1,327.6,0.0697,0.1344,0.2415,0,0,0,13,0
TXN007509,967.32,50,127,6,523.43,0.1661,0.14,0.1153,0,0,1,8,0
TXN007510,1581.74,42,378,17,759.76,0.0842,0.1966,0.1723,0,1,1,10,1
TXN007511,1144.36,37,103,1,2198.66,0.0503,0.1713,0.1236,0,0,1,8,0
TXN007512,794.03,35,2063,6,416.12,0.3649,0.0848,0.2004,0,0,0,5,0
TXN007513,288.73,43,613,3,602.44,0.1764,0.0845,0.1897,0,0,0,13,0
TXN007514,1742.42,31,220,3,1230.77,0.1546,0.1498,0.2007,0,0,0,21,0
TXN007515,1303.25,32,248,3,1526.91,0.1372,0.0146,0.0559,0,0,0,4,0
TXN007516,3117.68,32,420,4,1495.03,0.1456,0.0644,0.1686,0,1,0,1,0
TXN007517,631.6,18,300,4,550.7,0.2935,0.1039,0.1371,0,0,0,6,0
TXN007518,598.07,66,333,2,358.31,0.1405,0.2437,0.226,0,0,0,4,0
TXN007519,3159.31,30,467,5,1599.33,0.0407,0.6298,0.1881,0,0,0,21,0
TXN007520,2548.14,26,217,22,2990.47,0.3472,0.2106,0.1409,0,0,0,11,1
TXN007521,847.59,25,1181,11,861.17,0.0217,0.2541,0.1219,0,0,0,6,0
TXN007522,267.09,69,94,1,492.12,0.1587,0.341,0.1285,0,0,0,18,0
TXN007523,688.19,42,7,11,811.66,0.151,0.4854,0.0582,0,0,0,15,1
TXN007524,4170.26,34,9,15,1444.97,0.031,0.2162,0.4063,0,1,1,14,1
TXN007525,1411.6,39,140,0,931.5,0.3019,0.1813,0.3124,0,0,0,2,0
TXN007526,1653.26,22,978,5,2936.68,0.1767,0.331,0.1242,0,0,0,19,0
TXN007527,5139.82,34,51,2,2095.36,0.3444,0.2952,0.1224,0,0,0,15,0
TXN007528,1545.32,30,398,2,1247.67,0.1879,0.1119,0.4282,0,0,0,14,0
TXN007529,440.85,59,79,3,279.21,0.1087,0.2285,0.1557,0,0,0,19,0
TXN007530,884.66,21,583,3,675.47,0.1344,0.0089,0.2893,1,0,0,15,0
TXN007531,941.29,40,72,2,747.24,0.2788,0.1557,0.1042,0,0,0,17,0
TXN007532,216.72,59,13,4,650.26,0.0914,0.0551,0.2836,0,0,0,17,0
TXN007533,2304.0,61,157,2,1253.35,0.2259,0.3269,0.1289,0,0,0,5,0
TXN007534,368.02,44,24,5,1271.57,0.4797,0.1163,0.0555,0,0,0,3,1
TXN007535,594.04,29,166,17,339.73,0.1996,0.1353,0.1097,0,0,0,19,0
TXN007536,2034.45,35,832,5,1926.03,0.122,0.1462,0.4649,0,0,0,2,0
TXN007537,1756.0,29,12,5,1109.08,0.4724,0.2815,0.1411,0,0,0,7,0
TXN007538,1536.82,52,774,3,1408.6,0.0489,0.1948,0.1487,0,0,0,17,0
TXN007539,3279.49,33,629,3,1847.11,0.1291,0.4016,0.096,1,0,0,7,0
TXN007540,646.78,50,1147,2,641.06,0.2845,0.1452,0.1585,0,0,0,13,0
TXN007541,3089.44,52,942,2,2647.14,0.1021,0.3884,0.0976,0,0,0,4,0
TXN007542,1240.62,66,205,2,993.01,0.0225,0.2831,0.4422,0,0,0,16,0
TXN007543,8884.26,37,873,2,3161.44,0.1159,0.0434,0.1143,1,0,0,3,0
TXN007544,815.99,67,1007,4,586.54,0.1046,0.1556,0.2752,0,1,0,12,1
TXN007545,1454.63,38,571,0,3001.22,0.0641,0.4389,0.393,0,0,0,11,1
TXN007546,427.1,53,28,1,582.43,0.1913,0.0784,0.3195,0,0,0,9,0
TXN007547,9072.92,52,247,0,6529.9,0.3014,0.2896,0.3772,0,0,1,1,0
TXN007548,1126.17,60,165,1,563.25,0.2179,0.1471,0.0858,0,0,0,23,0
TXN007549,1544.44,42,1055,7,2297.58,0.0384,0.1008,0.1221,0,0,0,11,0
TXN007550,2916.84,59,1,3,850.93,0.0661,0.1627,0.1975,0,1,0,18,0
TXN007551,1992.41,36,98,1,1808.98,0.1021,0.0687,0.1209,0,0,1,4,0
TXN007552,1343.38,43,809,5,1065.96,0.3111,0.3096,0.2389,0,1,1,15,1
TXN007553,256.31,43,407,27,510.88,0.3363,0.3164,0.0137,0,0,0,17,1
TXN007554,285.93,54,44,4,154.81,0.1925,0.1384,0.1101,0,0,0,14,0
TXN007555,4964.79,50,452,19,6344.28,0.1514,0.1441,0.2451,1,0,0,6,0
TXN007556,765.77,22,614,11,1154.15,0.0878,0.179,0.1229,0,0,1,17,1
TXN007557,117.34,60,967,0,139.7,0.4801,0.1543,0.059,0,0,0,11,0
TXN007558,2899.67,57,1527,4,1355.36,0.1138,0.2854,0.1772,0,0,0,0,0
TXN007559,2295.87,23,38,1,1777.05,0.1041,0.1772,0.0683,0,0,0,8,0
TXN007560,407.67,68,295,4,664.77,0.0989,0.1161,0.0823,0,0,0,1,0
TXN007561,498.92,52,545,1,667.91,0.054,0.03,0.2242,0,1,0,10,0
TXN007562,2348.12,22,331,1,1081.51,0.2619,0.1933,0.1938,0,0,0,15,0
TXN007563,2234.58,43,751,4,2544.82,0.2926,0.2345,0.2915,0,0,1,11,0
TXN007564,1600.7,61,2437,4,1176.12,0.1603,0.4086,0.1734,0,0,0,17,0
TXN007565,4755.65,32,2622,2,3054.15,0.2428,0.256,0.1158,0,0,0,14,0
TXN007566,369.27,66,481,3,2420.8,0.0859,0.1152,0.1488,0,0,0,0,0
TXN007567,1872.94,39,571,2,934.35,0.0798,0.1336,0.1996,0,0,0,13,0
TXN007568,228.57,29,1101,3,365.27,0.1411,0.1927,0.221,0,0,0,19,0
TXN007569,767.4,36,7,3,935.73,0.0597,0.1791,0.0782,1,0,0,22,0
TXN007570,3696.58,45,90,5,1585.31,0.1201,0.1279,0.1746,0,0,0,5,0
TXN007571,2534.46,53,96,0,1143.59,0.2237,0.028,0.1703,0,0,0,11,0
TXN007572,2242.01,66,774,1,1709.74,0.143,0.327,0.1745,0,0,0,6,0
TXN007573,2996.01,28,1497,2,2007.0,0.0667,0.3242,0.2696,0,0,0,6,1
TXN007574,2722.97,67,287,3,1590.18,0.0812,0.3674,0.3392,0,0,0,19,0
TXN007575,1985.9,45,70,1,904.4,0.1738,0.2784,0.152,0,0,0,9,0
TXN007576,3716.36,24,534,3,1578.01,0.0508,0.1568,0.0858,0,1,0,12,0
TXN007577,5564.01,66,112,4,5244.0,0.2741,0.2326,0.1717,0,0,0,16,0
TXN007578,257.64,36,325,2,386.48,0.1615,0.162,0.2326,0,1,0,16,0
TXN007579,1340.46,50,61,4,1542.41,0.3029,0.4811,0.2881,0,0,1,9,0
TXN007580,4240.19,54,336,1,3953.68,0.1826,0.0314,0.187,0,0,0,19,0
TXN007581,468.06,18,344,5,481.92,0.2977,0.3202,0.2271,0,0,0,14,0
TXN007582,1266.55,29,418,2,2210.05,0.3241,0.3715,0.2819,0,1,0,15,0
TXN007583,3085.72,53,431,1,2426.74,0.1137,0.3256,0.0537,1,0,0,2,0
TXN007584,164.67,34,208,3,390.02,0.1393,0.4098,0.1691,0,0,0,4,0
TXN007585,1892.43,18,1067,5,1805.61,0.3038,0.0315,0.2654,0,0,0,17,0
TXN007586,984.67,19,63,1,906.94,0.147,0.3673,0.0716,0,0,0,6,0
TXN007587,1119.98,60,39,16,1051.2,0.3272,0.3037,0.0746,0,0,0,4,1
TXN007588,1395.07,25,297,2,873.52,0.1651,0.3391,0.2206,0,0,0,9,0
TXN007589,4081.07,23,32,4,2748.7,0.1153,0.07,0.0443,0,0,0,14,0
TXN007590,3442.62,47,68,3,1013.86,0.0609,0.4542,0.021,0,1,0,6,0
TXN007591,596.42,24,71,2,792.89,0.4303,0.0911,0.3033,0,0,0,6,0
TXN007592,935.58,51,44,3,802.34,0.039,0.0973,0.1347,0,1,0,22,0
TXN007593,972.32,46,723,4,863.77,0.0623,0.2723,0.104,0,0,0,2,1
TXN007594,565.0,51,165,1,515.08,0.1513,0.3253,0.2537,0,0,0,22,0
TXN007595,393.01,43,1385,3,788.01,0.5145,0.3052,0.1612,0,0,0,2,0
TXN007596,621.08,58,408,3,1190.79,0.1382,0.2625,0.0871,0,0,0,7,0
TXN007597,1460.63,51,1032,0,1455.45,0.3624,0.0205,0.1791,1,0,0,1,0
TXN007598,1070.72,39,433,23,2547.4,0.1613,0.206,0.0223,0,0,1,17,1
TXN007599,1080.17,18,301,2,1298.14,0.1928,0.0545,0.1908,0,0,0,7,0
TXN007600,550.99,32,375,0,786.72,0.3675,0.2589,0.0904,0,0,0,2,0
TXN007601,458.69,24,157,3,540.38,0.0295,0.4605,0.0864,0,1,1,23,0
TXN007602,2512.22,18,294,5,1347.68,0.0428,0.0831,0.2115,0,0,0,5,0
TXN007603,558.22,32,58,3,1010.14,0.311,0.0389,0.2624,0,0,0,19,0
TXN007604,1667.98,28,338,6,1033.78,0.0882,0.1453,0.1575,1,0,0,1,0
TXN007605,962.53,21,571,5,1317.87,0.3226,0.0674,0.1863,0,0,0,14,0
TXN007606,1233.81,34,480,2,1577.46,0.1747,0.0475,0.2089,0,0,1,3,0
TXN007607,1711.05,44,168,3,1324.53,0.1831,0.155,0.069,0,0,0,18,0
TXN007608,837.03,27,67,2,973.25,0.3107,0.1923,0.0931,0,0,0,13,0
TXN007609,383.05,32,543,18,625.8,0.078,0.2582,0.055,0,0,0,3,0
TXN007610,582.54,19,970,3,714.12,0.438,0.2863,0.2754,0,0,0,0,0
TXN007611,747.42,20,51,3,1985.81,0.1907,0.1021,0.1279,0,0,0,12,0
TXN007612,1005.4,26,136,1,815.25,0.1577,0.2143,0.228,0,0,0,3,0
TXN007613,77.61,41,270,2,427.42,0.2571,0.1561,0.1193,0,0,0,12,0
TXN007614,4024.33,52,786,1,2469.33,0.0803,0.3371,0.2671,1,0,0,9,0
TXN007615,795.31,58,307,1,566.99,0.0116,0.1685,0.1432,1,0,1,2,0
TXN007616,2712.06,50,456,1,1124.03,0.0918,0.3702,0.1257,0,0,0,7,0
TXN007617,5135.62,50,78,2,1546.6,0.1972,0.0757,0.1685,1,0,0,5,0
TXN007618,1838.91,66,99,4,1099.11,0.2423,0.066,0.3739,0,1,0,12,0
TXN007619,137.03,31,656,4,193.51,0.0494,0.1326,0.2723,0,0,1,13,0
TXN007620,4761.34,59,719,5,1441.36,0.2348,0.1355,0.1714,1,0,0,2,1
TXN007621,1439.23,66,144,5,2775.33,0.3086,0.1517,0.0277,0,0,1,10,0
TXN007622,667.86,47,1118,5,1901.83,0.2578,0.5994,0.1736,0,0,0,21,0
TXN007623,686.81,61,17,5,247.94,0.2009,0.1658,0.2956,0,1,0,10,0
TXN007624,6767.78,25,137,1,4861.35,0.0991,0.0336,0.148,0,0,0,22,0
TXN007625,154.5,63,117,4,433.51,0.2893,0.2432,0.2424,0,0,0,16,0
TXN007626,244.61,47,75,3,515.48,0.1349,0.1599,0.2086,0,0,0,10,0
TXN007627,2567.07,29,25,21,1895.64,0.133,0.0864,0.1707,0,0,0,13,1
TXN007628,933.1,21,694,17,1505.66,0.1409,0.1372,0.0771,0,0,0,13,0
TXN007629,778.1,55,516,2,1160.07,0.0394,0.4616,0.1713,0,0,0,23,0
TXN007630,2171.01,40,263,30,736.14,0.3476,0.2809,0.2772,0,0,0,2,1
TXN007631,9073.44,34,391,6,2783.88,0.3981,0.2972,0.2487,0,0,0,16,0
TXN007632,1156.54,38,266,6,1066.86,0.2836,0.1861,0.1877,0,0,0,14,0
TXN007633,337.36,69,645,20,366.47,0.309,0.0498,0.4138,0,0,0,18,0
TXN007634,4268.25,40,73,21,2598.29,0.2267,0.1789,0.1253,0,0,0,12,0
TXN007635,938.81,22,16,1,1278.57,0.3208,0.2711,0.278,0,0,0,14,0
TXN007636,701.85,32,1092,5,2393.48,0.219,0.3658,0.0318,0,0,1,21,0
TXN007637,358.51,25,246,21,1637.27,0.1133,0.1013,0.2024,0,0,0,3,1
TXN007638,5617.58,53,1362,3,5849.64,0.2171,0.399,0.2222,0,0,0,0,0
TXN007639,1433.76,59,1958,5,882.73,0.2422,0.0442,0.0799,0,0,0,22,0
TXN007640,1118.86,61,1334,2,1109.06,0.1082,0.0853,0.0168,0,0,0,17,0
TXN007641,2833.76,50,431,1,1815.07,0.2315,0.3023,0.1173,0,0,0,11,0
TXN007642,1462.28,57,39,7,886.56,0.2039,0.0651,0.2209,1,0,0,21,0
TXN007643,4122.31,39,2276,1,1923.39,0.2073,0.0367,0.1851,0,0,0,9,0
TXN007644,154.36,50,372,18,139.33,0.4215,0.3849,0.1651,0,0,0,13,1
TXN007645,1212.92,23,162,1,1042.16,0.0477,0.0447,0.1651,0,0,0,22,0
TXN007646,999.91,45,567,2,1020.35,0.1995,0.1612,0.4018,1,0,0,19,0
TXN007647,863.01,46,166,2,994.81,0.1894,0.1585,0.1383,0,0,0,3,0
TXN007648,250.02,19,137,1,593.57,0.2573,0.2247,0.1183,0,0,0,10,0
TXN007649,3939.77,46,668,3,2067.89,0.1768,0.2249,0.1872,0,0,0,10,0
TXN007650,623.79,55,86,23,770.38,0.2623,0.0311,0.2166,0,0,0,16,1
TXN007651,989.91,37,483,3,1261.67,0.0244,0.1141,0.3165,0,0,0,13,1
TXN007652,793.22,46,367,4,1068.47,0.1313,0.0612,0.1788,0,0,0,16,0
TXN007653,744.74,32,468,14,1556.59,0.1901,0.0805,0.5282,0,0,0,19,0
TXN007654,2848.72,32,562,1,2985.95,0.2911,0.0899,0.4154,0,0,0,5,0
TXN007655,1670.05,24,128,3,1257.11,0.4379,0.0962,0.3437,0,0,0,13,0
TXN007656,1340.86,35,799,3,1976.29,0.1057,0.2997,0.197,1,0,0,12,1
TXN007657,2147.56,59,694,4,1213.68,0.2784,0.1308,0.3018,0,0,0,16,0
TXN007658,628.39,66,124,19,769.54,0.1883,0.2706,0.0566,0,0,0,16,1
TXN007659,427.5,51,1231,2,993.18,0.2547,0.1281,0.1066,0,0,0,0,0
TXN007660,1914.2,50,1177,3,899.21,0.3,0.2253,0.0979,0,0,0,4,0
TXN007661,1820.5,49,1789,2,1632.25,0.3696,0.2776,0.1122,0,0,0,1,0
TXN007662,1899.72,42,355,3,1181.64,0.4207,0.0118,0.1212,1,0,0,20,1
TXN007663,1024.32,39,17,2,628.93,0.4038,0.2409,0.0432,0,1,0,5,1
TXN007664,557.95,50,716,5,938.82,0.106,0.2069,0.0542,0,1,0,14,0
TXN007665,282.82,58,790,1,376.85,0.1989,0.1545,0.2088,0,0,0,15,0
TXN007666,1702.13,39,118,0,963.7,0.4821,0.2688,0.0782,0,0,0,21,0
TXN007667,3011.77,47,248,2,1097.64,0.2351,0.1709,0.1355,1,0,0,9,0
TXN007668,4026.78,42,53,18,3889.02,0.2566,0.1224,0.3455,0,0,0,16,1
TXN007669,1996.12,32,192,2,2818.38,0.0407,0.189,0.4603,0,0,0,22,0
TXN007670,1341.35,33,590,2,531.74,0.3099,0.1551,0.2006,0,0,0,20,0
TXN007671,894.79,22,768,4,1262.99,0.2306,0.3628,0.051,0,0,1,7,0
TXN007672,1532.19,40,117,3,1278.6,0.1942,0.3718,0.2009,0,0,0,5,0
TXN007673,737.61,55,1007,4,933.27,0.1389,0.2538,0.2791,0,0,1,17,0
TXN007674,1131.51,53,332,3,975.86,0.1656,0.3121,0.0649,0,0,0,1,0
TXN007675,508.89,69,776,6,855.97,0.1385,0.2376,0.0401,1,0,0,4,0
TXN007676,3310.43,20,197,1,4067.96,0.2135,0.3062,0.2948,0,0,0,23,0
TXN007677,580.37,57,53,4,819.48,0.1784,0.2785,0.11,0,1,0,14,1
TXN007678,2003.97,59,702,4,1392.22,0.032,0.0714,0.0196,0,0,0,1,0
TXN007679,204.27,40,89,0,186.73,0.159,0.2097,0.0219,0,1,0,15,0
TXN007680,3167.22,32,298,0,1951.78,0.107,0.0547,0.1343,0,0,0,19,0
TXN007681,1595.29,36,6,2,2512.36,0.0127,0.2345,0.2089,0,0,1,13,0
TXN007682,468.22,53,116,26,525.09,0.0844,0.0211,0.1266,0,0,0,14,1
TXN007683,1080.79,62,771,5,766.38,0.2946,0.1704,0.2201,0,0,0,9,0
TXN007684,2412.3,51,203,7,1504.25,0.0131,0.3608,0.1371,0,1,0,13,0
TXN007685,501.92,44,728,2,1111.67,0.3926,0.0385,0.1732,0,0,0,0,0
TXN007686,1810.3,51,729,3,1519.99,0.1245,0.1803,0.1983,0,0,1,0,1
TXN007687,573.43,21,731,3,896.89,0.1041,0.0562,0.1778,0,0,0,22,0
TXN007688,6663.51,49,548,4,4041.15,0.3053,0.2348,0.1585,0,0,0,4,0
TXN007689,1909.24,20,91,2,686.21,0.4238,0.2124,0.1517,0,0,0,15,0
TXN007690,1715.65,67,342,12,7216.33,0.0388,0.1139,0.1874,0,0,0,22,0
TXN007691,1823.61,64,544,4,2615.86,0.2902,0.1945,0.1179,1,0,0,11,0
TXN007692,2270.04,44,962,0,1963.49,0.2959,0.1119,0.3462,0,0,0,17,0
TXN007693,528.24,37,671,4,529.36,0.0718,0.0885,0.3703,0,0,0,23,0
TXN007694,3475.82,56,724,9,2073.05,0.0074,0.1976,0.1606,1,0,0,4,0
TXN007695,1748.03,51,621,1,1673.64,0.3718,0.3759,0.066,0,0,0,18,0
TXN007696,185.85,54,101,4,248.71,0.2029,0.0566,0.2414,1,1,0,6,0
TXN007697,234.06,44,194,5,410.26,0.3271,0.0359,0.1212,0,0,1,6,0
TXN007698,732.63,30,284,2,1408.58,0.1606,0.3225,0.2112,0,0,0,10,1
TXN007699,663.93,21,312,0,998.94,0.2565,0.2064,0.1441,0,0,0,21,0
TXN007700,559.85,32,295,3,763.92,0.3005,0.5518,0.1562,0,0,0,23,0
TXN007701,2882.25,45,115,6,2333.83,0.1671,0.2225,0.2193,1,0,0,17,0
TXN007702,541.94,40,831,5,590.73,0.2282,0.1612,0.1144,0,1,0,16,0
TXN007703,557.43,44,181,3,797.38,0.1729,0.3564,0.3294,0,0,0,21,0
TXN007704,400.2,32,138,1,697.2,0.181,0.1176,0.3294,0,0,0,20,0
TXN007705,1064.94,66,152,2,1567.31,0.1125,0.272,0.2348,0,0,0,19,0
TXN007706,241.33,37,534,4,329.11,0.4541,0.1876,0.2616,0,0,0,13,0
TXN007707,512.94,62,475,7,774.04,0.052,0.1443,0.0748,0,0,0,4,0
TXN007708,475.46,38,248,5,328.34,0.2245,0.2185,0.2366,0,0,0,19,0
TXN007709,1869.47,41,616,5,880.94,0.0799,0.2387,0.0576,0,0,0,9,0
TXN007710,952.7,49,230,7,1819.17,0.2636,0.1832,0.0838,1,0,0,19,0
TXN007711,3409.15,31,1004,5,1842.04,0.0908,0.3286,0.112,0,1,0,19,0
TXN007712,964.84,29,1553,2,658.97,0.1741,0.194,0.0683,0,0,0,9,0
TXN007713,1758.56,37,154,3,1592.92,0.0568,0.1601,0.1636,0,0,1,2,0
TXN007714,2230.66,59,526,1,963.32,0.3845,0.2027,0.3885,1,0,0,12,0
TXN007715,2589.22,25,965,1,2843.41,0.3186,0.313,0.2145,0,0,0,13,0
TXN007716,1248.96,40,291,3,1001.27,0.1612,0.3058,0.0458,0,0,0,23,0
TXN007717,146.48,52,689,15,136.85,0.1509,0.1118,0.4354,0,0,0,2,1
TXN007718,2107.84,54,196,8,2051.4,0.0738,0.106,0.0518,0,0,0,15,0
TXN007719,1023.6,40,314,2,795.23,0.4096,0.2187,0.037,1,0,0,21,0
TXN007720,928.52,22,52,2,905.11,0.1819,0.3912,0.3094,0,0,0,13,0
TXN007721,1792.76,18,100,0,1387.34,0.1763,0.2906,0.1292,0,0,0,22,0
TXN007722,279.86,42,369,6,404.52,0.5075,0.3781,0.3027,0,0,0,10,0
TXN007723,813.25,60,36,2,1155.46,0.0537,0.125,0.0561,0,1,0,5,0
TXN007724,1100.2,19,138,5,1594.23,0.2439,0.4307,0.2592,0,0,0,21,0
TXN007725,1157.72,64,269,1,1414.94,0.1453,0.2161,0.1681,0,0,0,13,0
TXN007726,1258.98,53,796,3,721.08,0.1231,0.307,0.0657,0,0,0,8,0
TXN007727,1702.99,18,27,1,2195.91,0.2328,0.1886,0.0261,0,0,0,15,0
TXN007728,781.02,35,5,4,545.53,0.4259,0.2204,0.1868,0,0,0,20,1
TXN007729,819.04,29,1248,3,707.78,0.1353,0.2342,0.0301,0,0,0,2,0
TXN007730,782.13,67,438,4,997.05,0.1956,0.2143,0.1906,0,0,1,1,0
TXN007731,2770.76,46,260,8,1348.61,0.2371,0.0291,0.2216,1,0,0,12,0
TXN007732,1309.87,34,261,3,873.77,0.0679,0.1431,0.1702,0,0,0,18,0
TXN007733,2594.09,32,179,1,2591.55,0.2292,0.2105,0.2728,0,0,0,23,0
TXN007734,1289.58,47,92,3,1348.44,0.2587,0.262,0.1646,0,0,0,14,0
TXN007735,1217.45,18,755,2,1156.28,0.0793,0.2726,0.1405,0,0,0,2,0
TXN007736,567.28,31,1205,5,1315.66,0.1169,0.2993,0.2186,1,0,0,5,0
TXN007737,1163.64,26,424,3,1831.76,0.1965,0.1961,0.0783,0,0,0,0,0
TXN007738,1673.92,50,1077,5,1297.95,0.0511,0.0608,0.3199,0,0,0,16,0
TXN007739,129.38,52,296,2,309.0,0.1627,0.2472,0.0717,0,0,0,2,0
TXN007740,1558.47,42,46,0,2351.14,0.1501,0.1478,0.2985,1,0,0,13,0
TXN007741,960.9,25,832,3,1192.46,0.2043,0.0179,0.2248,0,0,0,22,0
TXN007742,8746.48,37,42,2,1771.17,0.3445,0.2514,0.2884,0,0,0,16,0
TXN007743,1195.59,61,534,3,825.38,0.0857,0.2638,0.1001,0,0,1,9,1
TXN007744,558.27,28,371,3,305.3,0.0972,0.0358,0.041,0,0,0,23,0
TXN007745,142.87,26,140,1,222.46,0.265,0.349,0.0271,0,0,0,12,0
TXN007746,690.95,23,273,1,566.2,0.3706,0.1171,0.3523,0,0,0,5,0
TXN007747,598.25,60,1825,3,1575.15,0.0966,0.1518,0.2956,1,0,0,14,0
TXN007748,2268.07,24,466,5,2720.37,0.0368,0.0501,0.1463,1,0,0,1,0
TXN007749,1788.86,48,887,0,1354.76,0.1272,0.1885,0.1187,0,0,0,18,0
TXN007750,240.75,69,111,1,525.02,0.2703,0.6015,0.0975,0,0,1,7,0
TXN007751,786.3,51,575,5,633.41,0.0501,0.5459,0.421,0,0,0,6,0
TXN007752,3693.71,39,364,2,2842.81,0.2593,0.0914,0.2729,1,0,0,8,0
TXN007753,314.53,28,64,3,438.1,0.1871,0.1212,0.3158,0,0,0,22,0
TXN007754,3017.24,18,221,1,4775.44,0.3284,0.1519,0.3545,0,0,0,15,0
TXN007755,2751.34,26,1406,2,4077.45,0.3831,0.17,0.4062,1,0,0,18,0
TXN007756,4037.91,67,346,3,4886.86,0.2319,0.397,0.041,0,1,0,16,0
TXN007757,1202.63,25,732,3,1431.52,0.3727,0.05,0.105,0,0,1,3,0
TXN007758,1142.78,19,107,2,863.45,0.189,0.0337,0.0687,0,0,0,4,0
TXN007759,1048.92,60,749,1,1407.32,0.054,0.1459,0.077,0,0,0,12,0
TXN007760,4999.93,39,404,4,2071.46,0.0628,0.2624,0.2275,0,0,0,16,0
TXN007761,1671.77,36,954,3,695.38,0.2287,0.4619,0.4279,1,0,0,7,1
TXN007762,577.71,55,190,2,507.33,0.0434,0.4694,0.238,0,0,0,17,0
TXN007763,743.74,45,291,25,898.97,0.3225,0.0691,0.1967,0,0,0,18,1
TXN007764,476.32,65,886,4,638.67,0.1728,0.4114,0.1434,0,0,0,4,0
TXN007765,3111.43,42,550,2,2613.96,0.0947,0.0458,0.2199,0,0,0,17,0
TXN007766,933.5,55,230,1,712.3,0.1745,0.2889,0.3628,0,0,0,11,0
TXN007767,1049.84,63,60,4,1172.57,0.0479,0.3143,0.3627,0,0,0,18,0
TXN007768,1757.96,42,62,11,2182.29,0.1251,0.0579,0.0528,1,0,0,22,0
TXN007769,3261.36,32,1906,3,2686.22,0.096,0.204,0.2151,0,0,0,3,0
TXN007770,1318.12,68,282,5,1269.01,0.2103,0.2233,0.1091,0,0,0,18,0
TXN007771,1047.69,29,272,4,1435.13,0.2362,0.3613,0.268,0,0,0,17,0
TXN007772,572.65,20,327,5,538.13,0.2865,0.0728,0.0949,0,0,0,0,0
TXN007773,1608.8,48,2198,3,2244.28,0.3521,0.137,0.5257,0,0,0,18,0
TXN007774,1756.46,69,154,17,2655.71,0.065,0.4,0.0665,0,0,0,9,1
TXN007775,295.31,22,375,3,296.12,0.1355,0.1976,0.1774,0,0,0,14,0
TXN007776,2746.26,62,91,1,3767.1,0.1733,0.2397,0.1268,0,0,0,19,0
TXN007777,448.72,61,140,6,671.52,0.0645,0.2383,0.1593,0,0,0,21,0
TXN007778,2955.39,66,19,1,1662.77,0.0786,0.3503,0.1361,0,0,0,1,0
TXN007779,933.16,39,141,3,1157.82,0.0571,0.2048,0.124,0,0,0,1,0
TXN007780,2897.45,31,309,1,1051.25,0.3264,0.2953,0.2191,0,1,0,19,0
TXN007781,1339.55,44,128,1,949.03,0.2431,0.2626,0.344,0,0,1,0,0
TXN007782,348.56,25,437,2,547.41,0.206,0.2599,0.1345,0,0,0,10,0
TXN007783,2994.54,61,3,3,1582.37,0.2266,0.366,0.2662,0,0,0,13,0
TXN007784,605.24,52,195,2,897.64,0.0983,0.1613,0.3632,0,1,0,0,0
TXN007785,1298.21,43,64,5,438.52,0.2197,0.3146,0.0756,0,1,0,6,0
TXN007786,601.79,44,133,5,531.39,0.0653,0.159,0.2233,0,0,0,10,0
TXN007787,598.07,55,1,6,443.76,0.4932,0.6749,0.0203,0,0,0,4,1
TXN007788,772.64,45,208,3,759.6,0.1125,0.0575,0.2657,0,0,0,0,0
TXN007789,1782.56,61,552,21,1540.05,0.4121,0.156,0.4744,0,0,0,18,1
TXN007790,587.69,66,214,7,666.62,0.1752,0.2516,0.1897,0,0,0,19,0
TXN007791,1304.55,67,67,15,2170.71,0.4493,0.0664,0.4147,0,0,0,17,1
TXN007792,1216.06,50,684,4,1008.83,0.1369,0.0668,0.1914,0,0,0,7,0
TXN007793,1573.5,56,473,1,895.53,0.1247,0.1505,0.2554,0,0,0,23,1
TXN007794,576.45,34,532,2,1109.58,0.025,0.0695,0.4202,0,0,0,7,0
TXN007795,6794.5,19,25,4,2912.04,0.2427,0.2188,0.2405,0,0,1,20,0
TXN007796,584.46,38,438,4,419.92,0.1774,0.1671,0.0985,0,0,1,7,0
TXN007797,2749.45,63,236,1,3496.29,0.2833,0.1394,0.1504,0,0,0,16,0
TXN007798,1672.35,24,521,3,2147.61,0.2179,0.0976,0.1489,1,0,0,6,0
TXN007799,3011.31,46,1258,2,1080.13,0.3384,0.0571,0.3155,1,0,0,14,0
TXN007800,4206.63,28,509,2,2510.2,0.0601,0.0252,0.1223,0,0,0,17,0
TXN007801,1638.11,40,189,5,875.04,0.0879,0.4904,0.1038,0,0,0,11,0
TXN007802,1166.65,25,53,2,1339.4,0.3675,0.2006,0.0222,1,0,0,12,1
TXN007803,1018.97,56,278,4,750.7,0.2458,0.0754,0.0507,0,0,0,0,0
TXN007804,2614.14,60,41,2,2157.13,0.4057,0.0732,0.3928,0,0,0,3,0
TXN007805,607.2,57,326,2,668.42,0.3484,0.3657,0.3876,0,0,0,9,0
TXN007806,1123.42,54,94,6,1057.9,0.1069,0.1595,0.0754,0,0,0,3,0
TXN007807,3248.42,30,92,1,1764.1,0.1121,0.189,0.177,0,1,0,19,0
TXN007808,5505.53,45,80,3,2284.11,0.2605,0.2208,0.0748,0,1,0,15,0
TXN007809,537.47,23,757,1,617.2,0.1469,0.3026,0.2771,1,0,0,15,0
TXN007810,902.36,37,699,1,1857.89,0.1787,0.3044,0.1036,0,0,0,0,0
TXN007811,1361.83,44,329,17,551.48,0.0899,0.4459,0.4022,0,0,0,13,1
TXN007812,605.26,52,348,2,243.42,0.1752,0.2047,0.2171,0,0,0,13,0
TXN007813,809.62,23,1683,0,649.6,0.1538,0.0289,0.3116,0,0,0,20,0
TXN007814,5272.23,60,866,3,1966.99,0.1397,0.1759,0.2259,0,1,0,16,0
TXN007815,1301.97,41,1043,4,1087.29,0.1017,0.1176,0.3252,0,0,1,1,0
TXN007816,457.38,63,441,6,754.08,0.0896,0.0269,0.2271,0,0,0,13,0
TXN007817,554.0,45,1,3,1140.06,0.3716,0.0792,0.0952,0,0,0,7,0
TXN007818,538.48,46,614,3,1113.96,0.2878,0.0858,0.1478,0,0,0,10,0
TXN007819,1699.07,54,260,6,1694.82,0.0926,0.2877,0.0081,0,0,0,2,0
TXN007820,274.61,60,35,1,354.89,0.0616,0.2318,0.3314,0,1,0,18,0
TXN007821,742.47,26,237,2,1020.81,0.2842,0.361,0.042,0,0,1,4,0
TXN007822,1127.99,44,728,5,1196.31,0.2125,0.2219,0.0848,0,0,1,1,0
TXN007823,675.95,19,129,2,421.68,0.1032,0.259,0.0595,0,0,0,1,0
TXN007824,309.14,42,58,7,417.65,0.1534,0.1986,0.2014,0,0,0,13,0
TXN007825,573.2,60,58,3,849.55,0.0634,0.2192,0.3814,0,0,0,19,0
TXN007826,846.75,63,24,3,1103.2,0.0539,0.1055,0.4446,0,0,0,15,0
TXN007827,1835.26,32,985,2,1105.92,0.0308,0.4464,0.1586,0,0,0,18,0
TXN007828,714.83,38,646,15,742.9,0.1619,0.3073,0.0707,0,0,0,22,1
TXN007829,842.03,46,1313,12,721.88,0.2614,0.0707,0.1648,0,0,0,5,0
TXN007830,1953.82,38,672,0,831.62,0.2183,0.0921,0.1425,0,0,0,18,0
TXN007831,6456.0,27,501,4,1351.49,0.1532,0.2781,0.379,0,0,0,20,0
TXN007832,3727.33,33,221,3,2620.8,0.0763,0.1706,0.1574,0,0,0,15,0
TXN007833,312.15,39,203,2,231.76,0.327,0.1241,0.2204,0,0,0,12,0
TXN007834,884.14,44,348,25,1696.12,0.2329,0.2833,0.095,0,0,0,2,1
TXN007835,1242.5,65,602,1,1014.54,0.1273,0.2221,0.4845,1,0,1,2,0
TXN007836,1639.43,46,106,6,1584.47,0.019,0.2829,0.0154,1,1,0,13,0
TXN007837,4107.69,38,456,2,2514.63,0.2566,0.0691,0.2788,0,0,0,18,0
TXN007838,521.08,52,182,22,646.4,0.4227,0.2223,0.0575,0,0,0,10,1
TXN007839,2371.81,58,807,5,2123.91,0.141,0.1555,0.1695,0,0,0,22,0
TXN007840,635.9,40,226,3,455.85,0.0573,0.3229,0.2221,0,0,0,11,0
TXN007841,3406.76,43,246,4,1199.09,0.1338,0.3467,0.272,0,1,0,8,0
TXN007842,2187.06,29,511,3,925.41,0.0872,0.1165,0.1382,0,0,0,2,0
TXN007843,2272.73,62,416,3,1132.74,0.2024,0.2556,0.1909,1,0,0,1,0
TXN007844,818.6,63,458,10,548.77,0.0801,0.0273,0.0303,0,0,0,1,0
TXN007845,1174.49,27,54,1,1488.94,0.3171,0.09,0.3113,0,0,0,15,0
TXN007846,4964.15,35,373,5,3328.91,0.105,0.1589,0.1893,0,0,1,4,0
TXN007847,363.2,32,35,16,555.41,0.1123,0.2164,0.1635,0,0,0,15,0
TXN007848,1118.04,65,122,4,1252.32,0.3264,0.1226,0.0798,0,0,0,20,0
TXN007849,5309.29,21,160,3,1996.42,0.3622,0.4424,0.1472,0,0,0,1,1
TXN007850,1197.72,28,142,24,890.94,0.0955,0.0198,0.0482,0,0,0,13,0
TXN007851,3219.99,34,29,4,2842.03,0.128,0.3782,0.2145,0,0,0,14,0
TXN007852,987.19,47,213,3,811.77,0.1968,0.2314,0.0696,0,0,0,5,0
TXN007853,960.05,30,269,2,1010.9,0.5326,0.1822,0.1524,0,0,0,8,0
TXN007854,167.18,45,809,0,547.19,0.1462,0.2738,0.3727,0,0,0,15,0
TXN007855,597.77,56,774,3,1198.24,0.4567,0.2041,0.072,0,0,0,4,0
TXN007856,1543.17,61,1196,8,1098.96,0.0844,0.456,0.3518,1,0,0,3,1
TXN007857,1031.56,23,1221,23,1711.51,0.2599,0.2123,0.3637,0,0,0,20,1
TXN007858,662.14,25,494,3,702.51,0.2876,0.1865,0.1717,0,0,0,11,0
TXN007859,346.37,22,1672,3,680.35,0.2793,0.1872,0.2184,0,0,0,22,0
TXN007860,1020.95,65,156,5,1515.87,0.2217,0.0135,0.1786,0,1,0,6,0
TXN007861,2909.36,51,171,2,2916.19,0.2932,0.3385,0.0612,0,0,0,12,0
TXN007862,2831.13,45,65,5,1703.27,0.3464,0.0791,0.0571,1,0,1,13,0
TXN007863,7417.29,59,17,7,3996.56,0.1834,0.0493,0.1046,0,1,0,0,0
TXN007864,1079.94,48,36,2,1617.63,0.2722,0.0921,0.1392,0,1,0,13,0
TXN007865,1867.19,30,47,3,1577.36,0.2786,0.2085,0.2006,1,0,0,9,1
TXN007866,805.55,44,1604,3,1764.29,0.1131,0.1139,0.1554,0,0,0,15,0
TXN007867,3205.89,54,330,19,3107.95,0.5256,0.5355,0.2321,0,0,0,17,1
TXN007868,4405.57,19,131,4,2607.9,0.1059,0.3543,0.2441,0,0,0,16,0
TXN007869,494.58,49,158,2,513.16,0.3447,0.2647,0.153,0,1,0,13,1
TXN007870,3960.14,43,82,2,1920.63,0.0871,0.1894,0.2107,0,0,0,16,0
TXN007871,2092.38,21,254,2,1320.48,0.1378,0.4983,0.2077,0,0,0,12,0
TXN007872,1093.24,31,222,1,957.36,0.0319,0.1174,0.2011,0,0,0,6,0
TXN007873,276.33,41,981,3,317.02,0.084,0.1711,0.2588,0,0,0,19,0
TXN007874,278.11,35,1692,3,373.12,0.1365,0.0526,0.1581,0,0,0,14,0
TXN007875,381.07,33,138,4,849.69,0.1729,0.1135,0.2513,0,0,0,17,0
TXN007876,192.95,51,668,1,393.38,0.2791,0.1743,0.2657,0,0,0,11,0
TXN007877,1490.08,39,394,3,862.1,0.0938,0.0287,0.1172,0,0,0,1,0
TXN007878,4157.08,43,479,2,1808.11,0.1031,0.1021,0.0713,0,0,0,5,0
TXN007879,402.93,59,238,4,730.21,0.2884,0.2455,0.3419,0,0,0,13,0
TXN007880,1207.04,22,852,4,1162.61,0.181,0.1651,0.1295,0,0,0,16,0
TXN007881,218.13,36,711,22,518.55,0.1342,0.2233,0.2109,0,0,0,3,1
TXN007882,789.9,21,404,7,1351.73,0.101,0.1814,0.1692,0,0,0,20,0
TXN007883,1805.51,66,372,2,1565.08,0.0714,0.3043,0.0829,0,0,0,5,0
TXN007884,304.5,27,60,3,405.02,0.0094,0.2297,0.3238,0,0,0,21,0
TXN007885,225.83,60,121,3,647.86,0.0366,0.1993,0.1062,1,0,1,1,0
TXN007886,1162.53,27,125,3,451.68,0.3765,0.2011,0.1157,0,0,0,7,0
TXN007887,1524.5,34,19,1,1566.27,0.3603,0.0945,0.1519,0,0,0,9,0
TXN007888,670.07,49,207,2,1230.04,0.2256,0.1419,0.0711,1,0,0,16,0
TXN007889,1136.4,61,384,5,1059.13,0.0753,0.0951,0.1416,0,0,0,6,0
TXN007890,958.84,27,706,1,1002.45,0.0285,0.0847,0.4091,0,0,0,15,0
TXN007891,1733.66,29,6,5,1374.69,0.354,0.1832,0.0752,0,0,0,12,0
TXN007892,1156.41,63,328,3,1394.09,0.1214,0.2282,0.0688,1,0,0,19,0
TXN007893,921.44,34,1179,1,775.18,0.2573,0.3082,0.2281,0,0,0,18,0
TXN007894,1180.96,28,164,1,702.81,0.0577,0.4242,0.202,0,1,0,19,0
TXN007895,509.64,56,46,2,1052.27,0.2507,0.1534,0.2899,1,0,0,16,0
TXN007896,655.83,22,650,4,960.24,0.0751,0.5199,0.0715,1,0,0,20,0
TXN007897,7361.89,63,232,3,4640.04,0.1491,0.1368,0.0661,0,0,1,19,0
TXN007898,618.94,63,457,3,838.21,0.415,0.272,0.3254,0,0,0,11,0
TXN007899,1284.14,62,166,1,1343.14,0.1867,0.3109,0.0487,0,0,0,17,0
TXN007900,1173.13,33,343,2,1519.52,0.2611,0.3358,0.1432,0,0,0,21,0
TXN007901,2335.43,23,1320,2,2923.0,0.1377,0.1384,0.1814,0,0,1,10,0
TXN007902,473.93,40,179,4,621.52,0.4371,0.1505,0.0491,1,0,0,8,0
TXN007903,1401.75,35,616,2,2801.06,0.4466,0.1153,0.1257,1,0,0,10,0
TXN007904,1273.32,67,427,3,989.13,0.1363,0.0773,0.3201,0,0,0,9,0
TXN007905,11329.99,50,741,0,6316.63,0.0948,0.1689,0.3089,0,0,0,20,0
TXN007906,1282.74,67,714,3,1413.5,0.0965,0.1717,0.3002,0,0,0,15,0
TXN007907,782.08,57,390,3,463.94,0.1543,0.1545,0.1002,0,0,0,5,0
TXN007908,729.16,55,1175,3,955.27,0.1893,0.1433,0.3234,0,0,0,22,0
TXN007909,2064.87,23,18,3,2794.44,0.1308,0.2165,0.2014,1,0,0,9,1
TXN007910,1455.29,21,34,2,1161.05,0.277,0.2346,0.356,0,0,0,17,0
TXN007911,1330.51,20,43,4,1051.8,0.3034,0.2997,0.1078,0,0,0,12,0
TXN007912,1704.93,48,389,24,1814.02,0.2815,0.4076,0.1291,0,1,0,7,1
TXN007913,1249.66,28,58,5,861.35,0.5614,0.0716,0.2397,0,0,0,4,0
TXN007914,466.22,69,329,1,946.23,0.1531,0.1353,0.2875,1,0,0,3,0
TXN007915,478.92,24,414,2,566.08,0.1118,0.1953,0.2023,0,0,0,8,0
TXN007916,6253.05,67,378,6,3678.18,0.241,0.1134,0.1537,1,0,0,22,1
TXN007917,791.03,52,221,2,465.99,0.0239,0.2318,0.1892,0,0,0,20,0
TXN007918,1955.58,23,345,4,1234.75,0.1835,0.2617,0.2569,0,0,0,2,1
TXN007919,2690.08,21,506,1,1534.44,0.0795,0.1391,0.075,1,0,0,8,0
TXN007920,884.96,38,896,2,1086.2,0.437,0.3629,0.1674,0,0,0,4,1
TXN007921,178.47,35,64,2,455.91,0.1456,0.1184,0.0452,0,0,0,21,0
TXN007922,472.73,34,778,4,545.04,0.0692,0.0901,0.1162,0,0,0,0,0
TXN007923,2242.98,45,356,3,1580.92,0.2906,0.3309,0.0875,0,0,0,7,0
TXN007924,986.12,24,44,2,635.29,0.108,0.1522,0.1846,0,0,0,13,0
TXN007925,192.51,24,238,3,257.13,0.1033,0.1769,0.2445,0,1,0,10,0
TXN007926,844.27,54,269,3,1437.82,0.3149,0.1894,0.2805,0,0,0,12,0
TXN007927,369.29,69,323,2,595.41,0.1532,0.2785,0.3321,0,0,1,13,0
TXN007928,1265.01,32,337,3,1705.91,0.2065,0.4338,0.2721,0,0,0,8,0
TXN007929,335.44,66,1160,1,952.29,0.613,0.0926,0.3246,0,0,0,21,0
TXN007930,688.97,35,310,4,920.7,0.1444,0.3495,0.0592,0,0,0,10,1
TXN007931,1167.83,35,370,1,1137.48,0.0886,0.1491,0.1541,0,0,0,21,0
TXN007932,468.35,22,68,4,494.26,0.0967,0.2685,0.0545,1,0,1,5,0
TXN007933,513.13,40,291,2,615.34,0.1961,0.2664,0.155,0,0,0,22,0
TXN007934,625.76,43,899,0,914.2,0.2219,0.1397,0.294,1,0,0,9,0
TXN007935,359.21,52,354,3,492.24,0.2024,0.2367,0.3037,0,0,0,13,0
TXN007936,1331.89,26,178,22,1807.45,0.1448,0.3897,0.1466,0,0,0,4,1
TXN007937,1303.55,27,84,3,884.33,0.1453,0.2065,0.0429,0,0,0,23,0
TXN007938,397.38,40,156,3,397.58,0.0914,0.0392,0.2568,0,0,0,16,0
TXN007939,4232.05,21,168,4,741.5,0.0743,0.1818,0.2477,0,0,0,23,0
TXN007940,980.49,25,56,2,1177.14,0.2636,0.0837,0.155,0,0,1,22,0
TXN007941,1021.03,50,1727,0,802.5,0.0919,0.0582,0.561,0,0,0,22,0
TXN007942,1223.36,67,190,2,1450.8,0.2407,0.1735,0.0852,0,0,0,23,0
TXN007943,1363.68,47,102,3,1638.97,0.1566,0.1333,0.1571,0,0,1,15,0
TXN007944,13911.83,25,180,0,5891.05,0.256,0.327,0.1056,0,0,0,4,0
TXN007945,4247.57,69,93,2,2453.94,0.0433,0.2934,0.1411,0,0,0,9,0
TXN007946,132.88,45,725,0,348.81,0.1843,0.2566,0.0395,0,0,0,13,0
TXN007947,485.63,55,214,8,852.21,0.3152,0.0894,0.3785,1,0,1,11,0
TXN007948,844.22,28,1,3,909.91,0.1967,0.1428,0.2552,0,0,0,20,0
TXN007949,1234.15,48,250,2,1640.16,0.3542,0.0691,0.1808,0,0,0,4,1
TXN007950,248.86,21,503,1,570.49,0.2169,0.0311,0.0687,0,0,0,1,0
TXN007951,805.78,50,1,6,756.06,0.0472,0.225,0.1694,0,0,0,12,0
TXN007952,163.36,28,207,3,458.94,0.2081,0.2761,0.1071,0,0,0,8,0
TXN007953,771.34,65,483,2,719.4,0.4674,0.0893,0.2424,0,0,0,12,0
TXN007954,1103.25,20,60,23,738.43,0.1216,0.1931,0.1337,0,0,0,4,1
TXN007955,1423.54,51,130,5,880.86,0.1921,0.0431,0.1561,1,0,0,10,0
TXN007956,441.45,25,409,3,477.92,0.3468,0.2896,0.08,1,0,0,16,1
TXN007957,5005.87,53,1687,4,2180.74,0.4776,0.2524,0.3464,0,0,0,12,0
TXN007958,1831.6,43,163,1,1526.22,0.0815,0.2329,0.2977,1,0,1,3,0
TXN007959,633.35,68,1011,1,397.75,0.2325,0.2124,0.1368,0,0,0,14,0
TXN007960,744.89,51,915,1,1116.75,0.0762,0.286,0.2001,0,0,0,16,0
TXN007961,846.59,37,252,2,366.62,0.3314,0.0679,0.2408,0,0,0,0,1
TXN007962,2801.62,22,253,20,2806.18,0.1,0.2635,0.0517,0,0,0,13,1
TXN007963,8079.62,48,44,4,3394.38,0.1315,0.1447,0.1566,0,0,0,21,0
TXN007964,2226.01,40,79,5,1054.67,0.2807,0.1581,0.1461,0,0,0,16,0
TXN007965,695.65,20,30,1,603.74,0.1908,0.0773,0.0866,0,0,0,18,0
TXN007966,861.04,48,1826,3,688.84,0.2114,0.22,0.3858,0,0,0,7,0
TXN007967,723.0,28,606,1,798.22,0.316,0.3145,0.4206,0,0,1,15,0
TXN007968,648.51,30,192,4,1017.62,0.1413,0.3829,0.1552,1,0,1,0,1
TXN007969,3970.66,18,193,2,2862.15,0.0922,0.0675,0.271,0,1,0,15,0
TXN007970,2887.49,37,472,3,2140.77,0.3285,0.1983,0.0899,0,1,0,9,1
TXN007971,888.41,29,1422,2,2163.98,0.6976,0.3257,0.0298,1,0,0,6,0
TXN007972,1180.72,21,372,0,1235.71,0.2762,0.2262,0.0991,0,1,0,22,0
TXN007973,788.3,40,159,1,489.05,0.2811,0.2296,0.1688,0,0,0,20,0
TXN007974,1432.41,29,557,2,639.68,0.1777,0.2144,0.0801,0,0,0,16,0
TXN007975,1705.19,24,173,2,1144.25,0.1678,0.0638,0.4945,0,0,0,15,0
TXN007976,205.35,42,1385,1,473.06,0.1194,0.4544,0.3675,1,0,0,4,0
TXN007977,759.64,21,215,16,1356.67,0.2624,0.1453,0.1241,0,0,1,1,0
TXN007978,1592.86,69,61,5,1926.74,0.3508,0.2037,0.1788,0,0,0,21,0
TXN007979,3467.15,42,310,2,1606.39,0.165,0.1963,0.2087,0,0,0,1,0
TXN007980,1118.5,69,488,1,1561.86,0.2902,0.1363,0.2392,0,0,0,18,0
TXN007981,531.57,63,313,5,296.96,0.2812,0.1835,0.0419,0,0,1,2,0
TXN007982,1979.55,68,231,1,2788.75,0.319,0.3284,0.1847,0,0,0,4,0
TXN007983,490.67,46,253,2,366.07,0.0499,0.2153,0.3346,0,1,1,23,0
TXN007984,587.61,40,302,4,985.43,0.0746,0.3838,0.1607,0,0,1,17,1
TXN007985,1519.87,55,571,4,1690.84,0.0887,0.1487,0.1467,0,0,0,8,0
TXN007986,756.45,22,16,3,1409.54,0.091,0.1154,0.318,0,0,1,12,0
TXN007987,991.5,61,578,1,448.32,0.1723,0.1571,0.0799,0,0,0,10,0
TXN007988,346.89,34,80,1,508.35,0.4617,0.0623,0.298,0,0,0,2,0
TXN007989,572.5,18,31,0,1340.7,0.0882,0.1517,0.0804,0,0,0,22,0
TXN007990,641.06,30,35,2,1568.06,0.1887,0.2316,0.0448,0,0,0,20,0
TXN007991,482.01,30,363,0,505.2,0.2936,0.3503,0.1899,1,0,0,19,0
TXN007992,1122.01,18,1135,18,1443.48,0.1958,0.2449,0.1843,0,0,0,16,0
TXN007993,542.46,52,42,1,379.67,0.1031,0.271,0.0364,0,0,0,21,0
TXN007994,1491.83,22,406,1,1697.77,0.2729,0.0333,0.2569,0,0,0,22,0
TXN007995,1121.69,62,1287,2,590.7,0.1293,0.0806,0.0741,0,0,0,8,0
TXN007996,938.59,41,779,15,1160.21,0.0478,0.0999,0.1987,1,0,0,11,1
TXN007997,1814.18,55,158,2,1031.55,0.3143,0.2862,0.1286,0,0,0,16,1
TXN007998,1463.45,35,723,5,2471.2,0.1995,0.1313,0.1523,0,0,0,9,0
TXN007999,568.3,24,101,1,1299.18,0.2121,0.3492,0.4369,0,0,0,3,0
TXN008000,458.42,27,1310,1,720.99,0.3137,0.2065,0.1574,0,0,0,13,0
TXN008001,758.17,51,5,3,1410.52,0.3386,0.4607,0.1584,0,0,0,20,0
TXN008002,2483.3,55,298,2,4913.24,0.3719,0.1593,0.0641,0,0,0,8,0
TXN008003,2311.37,31,104,1,1841.04,0.4261,0.087,0.1412,0,1,0,22,0
TXN008004,909.79,36,372,1,1052.14,0.4277,0.1412,0.1941,0,0,0,21,0
TXN008005,661.46,67,9,12,611.84,0.1261,0.4171,0.1821,0,0,0,16,0
TXN008006,952.04,62,180,5,712.27,0.5843,0.0185,0.3035,1,1,0,0,1
TXN008007,698.45,39,539,1,1765.16,0.0623,0.2515,0.3206,0,0,0,10,0
TXN008008,807.06,30,29,11,589.89,0.1905,0.3428,0.1779,1,0,0,3,1
TXN008009,566.24,33,2375,2,1098.7,0.3376,0.3304,0.1397,0,0,0,11,1
TXN008010,2184.37,45,353,1,2999.9,0.0388,0.2308,0.0219,0,0,0,3,0
TXN008011,430.35,47,30,4,1218.38,0.3815,0.1029,0.2663,0,1,0,16,0
TXN008012,738.5,27,138,2,515.23,0.1663,0.3279,0.167,0,0,1,4,0
TXN008013,1989.24,21,683,2,5036.64,0.0869,0.3121,0.2273,1,1,1,17,1
TXN008014,1946.24,43,41,1,3765.79,0.0243,0.3509,0.3956,0,0,0,21,0
TXN008015,837.69,59,584,4,1557.48,0.3818,0.1011,0.1794,0,0,0,17,0
TXN008016,2495.42,25,458,2,2678.54,0.0952,0.1425,0.7502,0,0,0,13,0
TXN008017,833.4,39,72,5,909.7,0.2191,0.0281,0.1637,0,0,0,9,1
TXN008018,2845.98,26,876,2,1820.96,0.1661,0.0946,0.2527,0,0,0,3,1
TXN008019,769.71,30,868,0,815.27,0.1672,0.099,0.1229,0,0,0,11,0
TXN008020,722.26,49,133,3,424.63,0.0542,0.2276,0.3251,0,0,0,3,0
TXN008021,8291.4,32,413,0,6730.1,0.2123,0.1693,0.1597,0,0,1,23,0
TXN008022,243.57,31,450,5,409.7,0.2252,0.2583,0.0774,0,0,0,10,0
TXN008023,935.74,69,219,2,1350.58,0.113,0.1114,0.1212,0,0,0,2,0
TXN008024,3074.61,26,46,2,1339.58,0.1578,0.1617,0.2872,0,0,0,19,0
TXN008025,3091.13,27,375,5,1573.73,0.1672,0.06,0.4091,0,0,0,4,0
TXN008026,1620.46,66,294,1,1029.9,0.1578,0.0719,0.0329,0,0,0,8,0
TXN008027,1754.68,46,298,3,1037.45,0.2078,0.168,0.2973,0,0,0,6,0
TXN008028,1560.42,20,126,3,1208.2,0.2089,0.2937,0.1026,0,1,0,17,0
TXN008029,1844.97,40,1,1,1534.42,0.1429,0.2017,0.2719,0,0,0,14,1
TXN008030,1125.6,47,721,1,1095.24,0.1713,0.0928,0.2268,0,1,0,13,0
TXN008031,2661.15,31,817,16,1045.39,0.0373,0.1894,0.3596,1,1,0,11,1
TXN008032,336.86,46,560,6,434.95,0.2274,0.2785,0.3647,0,0,0,14,0
TXN008033,5124.27,51,311,2,4489.86,0.2653,0.2453,0.0404,0,0,0,9,0
TXN008034,623.56,31,309,4,1595.57,0.1534,0.0272,0.154,0,0,0,9,1
TXN008035,577.87,60,218,3,1269.32,0.3002,0.1277,0.082,0,0,0,4,0
TXN008036,1922.17,41,55,1,708.3,0.0783,0.2072,0.3482,1,0,0,0,0
TXN008037,762.57,68,1277,1,543.2,0.102,0.1254,0.1541,0,0,0,11,0
TXN008038,1781.14,22,111,7,2002.18,0.3992,0.1009,0.1113,0,0,0,3,0
TXN008039,1023.7,34,26,2,980.53,0.2569,0.1311,0.179,0,0,0,9,0
TXN008040,802.54,55,118,6,1693.83,0.1292,0.1025,0.2991,0,0,0,17,0
TXN008041,336.31,64,181,4,425.6,0.1096,0.076,0.2393,0,0,0,18,0
TXN008042,1452.18,29,216,8,3238.28,0.1312,0.2894,0.0796,0,0,0,5,0
TXN008043,1752.06,68,259,15,2061.04,0.1966,0.05,0.1318,0,1,0,15,1
TXN008044,1506.33,28,687,1,1036.14,0.093,0.2354,0.0264,0,0,0,11,0
TXN008045,1952.09,39,1529,1,1521.33,0.1813,0.1344,0.1871,0,0,0,5,0
TXN008046,4414.8,34,490,8,1842.18,0.2541,0.0742,0.1681,0,0,0,5,0
TXN008047,505.84,40,1443,2,430.14,0.2695,0.1294,0.1595,0,0,0,13,0
TXN008048,908.06,64,109,1,3549.2,0.2373,0.1358,0.1101,0,0,0,3,0
TXN008049,4496.93,56,498,4,1538.07,0.1307,0.21,0.4737,0,1,0,15,0
TXN008050,421.89,59,92,3,669.9,0.4126,0.0759,0.3823,0,0,0,5,0
TXN008051,556.43,31,508,0,508.97,0.1426,0.2803,0.0098,0,1,0,17,0
TXN008052,2314.56,67,60,2,2188.49,0.1083,0.2094,0.2287,0,1,0,18,1
TXN008053,1451.43,40,92,2,1271.32,0.1063,0.0732,0.1813,0,0,0,12,0
TXN008054,1578.54,51,85,3,1537.36,0.026,0.2708,0.0169,0,0,0,18,0
TXN008055,1158.39,54,258,2,1117.29,0.3132,0.238,0.0809,0,1,0,22,0
TXN008056,262.74,52,589,3,543.53,0.0714,0.3889,0.2036,0,0,0,18,0
TXN008057,6495.55,49,6,2,1565.61,0.1253,0.37,0.2993,0,0,0,18,1
TXN008058,1366.51,42,941,5,955.01,0.2552,0.1548,0.2531,0,0,0,7,0
TXN008059,1111.37,51,58,2,1080.11,0.1027,0.1141,0.4074,0,0,0,10,0
TXN008060,15945.45,65,456,5,5790.08,0.0373,0.1224,0.2371,0,0,0,22,0
TXN008061,1117.43,38,168,4,2014.95,0.0437,0.2013,0.2928,0,0,0,12,0
TXN008062,3382.43,44,31,0,2097.99,0.1245,0.1633,0.1368,0,0,1,23,0
TXN008063,5426.37,27,137,3,7364.06,0.1297,0.0602,0.3081,0,0,1,1,0
TXN008064,1790.92,36,61,3,1435.4,0.3321,0.1937,0.4583,1,0,0,16,0
TXN008065,1506.05,58,130,6,1192.49,0.411,0.0999,0.1647,0,0,0,19,0
TXN008066,188.57,51,2,5,681.68,0.2804,0.2497,0.1306,0,1,0,9,0
TXN008067,363.51,28,639,2,798.88,0.3999,0.4734,0.095,0,0,0,18,0
TXN008068,626.14,46,648,6,261.66,0.1103,0.1763,0.3271,0,0,1,21,0
TXN008069,1660.05,60,939,4,1907.02,0.1748,0.1145,0.0782,0,0,0,20,0
TXN008070,1358.35,24,645,2,451.76,0.1464,0.1803,0.0027,0,0,0,16,0
TXN008071,4240.7,21,1863,4,2063.0,0.1801,0.3276,0.3297,0,0,1,13,0
TXN008072,942.68,38,24,3,1064.1,0.1495,0.1482,0.2422,1,0,0,15,0
TXN008073,1012.28,52,22,2,1199.48,0.044,0.3879,0.0882,0,0,0,2,1
TXN008074,2635.88,34,53,0,1064.59,0.1607,0.178,0.3061,0,0,1,10,0
TXN008075,9199.58,60,200,4,2893.59,0.503,0.338,0.0107,0,0,0,1,0
TXN008076,2184.14,62,468,4,2557.05,0.2906,0.0589,0.3006,0,0,0,19,0
TXN008077,2504.31,45,33,1,1074.68,0.0403,0.2703,0.2785,0,0,0,6,0
TXN008078,1029.89,37,333,3,584.47,0.1056,0.1169,0.4192,1,0,0,14,0
TXN008079,4056.69,20,764,3,2093.77,0.3041,0.1076,0.3079,0,0,1,6,0
TXN008080,586.06,60,1108,1,554.35,0.1987,0.0409,0.3158,0,1,0,20,0
TXN008081,255.13,64,136,4,369.3,0.1761,0.1507,0.2355,0,0,0,3,0
TXN008082,870.39,41,794,1,1554.4,0.0844,0.4413,0.1217,0,0,0,15,0
TXN008083,1255.89,44,265,1,2573.3,0.3959,0.2466,0.1711,0,0,0,4,0
TXN008084,2362.39,57,49,3,825.87,0.1812,0.3315,0.1847,0,0,0,17,0
TXN008085,1464.37,54,55,2,1455.58,0.2599,0.1601,0.1426,1,0,0,14,0
TXN008086,436.77,25,158,3,819.77,0.3149,0.0719,0.3632,0,0,0,20,0
TXN008087,3154.96,52,192,0,1817.82,0.2295,0.1159,0.1623,0,0,0,15,0
TXN008088,1813.73,66,84,4,2360.25,0.3049,0.1306,0.6441,0,0,0,8,0
TXN008089,637.76,57,322,3,912.32,0.5456,0.2185,0.2291,0,0,0,9,0
TXN008090,1665.84,42,378,4,534.15,0.2525,0.1318,0.0971,0,0,0,6,0
TXN008091,190.22,45,695,2,395.47,0.1188,0.2268,0.2374,0,0,0,19,0
TXN008092,2385.72,31,82,8,2096.41,0.0987,0.3674,0.0785,0,0,0,0,0
TXN008093,357.59,52,571,3,494.92,0.3932,0.0936,0.192,0,0,0,10,0
TXN008094,941.66,30,288,5,1422.85,0.2347,0.0727,0.2637,0,0,0,12,0
TXN008095,844.77,35,449,4,1889.72,0.0377,0.0906,0.3325,0,0,0,9,0
TXN008096,797.8,31,354,16,772.08,0.1589,0.2218,0.1926,0,0,0,2,1
TXN008097,603.66,35,416,6,976.19,0.4182,0.2152,0.0078,0,0,0,11,0
TXN008098,3055.16,37,396,5,2206.87,0.1306,0.6177,0.1854,0,0,0,14,0
TXN008099,606.93,22,1291,5,622.82,0.0661,0.1527,0.1896,0,0,0,21,0
TXN008100,488.46,55,205,3,580.1,0.1881,0.1018,0.1939,0,1,0,6,0
TXN008101,577.22,40,62,1,930.69,0.0932,0.2524,0.441,0,0,0,2,0
TXN008102,5892.45,67,53,2,2682.59,0.2145,0.1001,0.1539,0,0,0,13,0
TXN008103,5075.27,27,301,25,3386.36,0.134,0.1012,0.1006,1,0,0,1,1
TXN008104,703.53,52,136,13,1023.37,0.23,0.3626,0.257,0,0,0,7,1
TXN008105,315.43,27,163,4,666.15,0.1848,0.3373,0.0405,0,1,0,22,0
TXN008106,817.69,46,14,2,2309.72,0.223,0.1677,0.2001,0,0,0,18,0
TXN008107,637.17,43,265,3,340.87,0.4023,0.2668,0.2331,0,0,0,11,0
TXN008108,2150.32,41,696,8,1304.18,0.392,0.1384,0.2808,0,0,0,15,0
TXN008109,1891.02,52,194,4,1063.44,0.3224,0.0675,0.201,0,0,0,10,0
TXN008110,2538.99,61,151,3,2712.65,0.0812,0.1692,0.0957,0,0,0,18,0
TXN008111,4536.09,34,131,5,2911.76,0.094,0.3899,0.1124,0,0,0,0,0
TXN008112,997.43,62,197,14,566.93,0.3009,0.2188,0.2736,0,0,0,4,1
TXN008113,1186.77,27,1382,3,1233.21,0.0579,0.2274,0.0575,0,0,0,19,0
TXN008114,604.01,33,166,5,735.52,0.1268,0.3198,0.186,1,1,0,5,1
TXN008115,522.02,34,2,4,893.08,0.1878,0.2829,0.1972,0,0,0,18,1
TXN008116,2135.71,67,599,3,1689.47,0.3173,0.06,0.2556,0,0,0,18,0
TXN008117,1179.85,24,5,2,867.46,0.2511,0.2408,0.0509,0,0,0,18,0
TXN008118,1004.41,38,479,1,1256.08,0.2568,0.0821,0.1156,1,1,0,21,0
TXN008119,1828.56,40,458,3,2143.28,0.2664,0.0992,0.2699,0,0,0,1,0
TXN008120,2810.45,59,881,6,3167.23,0.123,0.4367,0.4116,0,0,0,19,0
TXN008121,2074.05,43,58,19,1342.21,0.3203,0.255,0.2298,1,0,0,3,1
TXN008122,559.23,68,214,1,1190.87,0.1692,0.4124,0.2038,1,0,0,21,0
TXN008123,275.07,56,1317,1,505.17,0.1434,0.3207,0.2454,0,0,0,9,0
TXN008124,1831.52,54,193,8,3327.77,0.2067,0.1414,0.2327,0,0,0,23,0
TXN008125,1429.81,57,75,3,1551.52,0.2389,0.2089,0.1423,0,0,0,15,1
TXN008126,1434.77,26,1025,3,1206.35,0.1049,0.44,0.2089,0,0,0,10,0
TXN008127,646.55,41,177,3,1163.9,0.1603,0.1834,0.1607,0,0,0,4,0
TXN008128,2327.18,48,17,7,1411.57,0.0496,0.0784,0.061,0,0,0,8,0
TXN008129,4207.86,28,303,1,1882.31,0.1813,0.0822,0.4677,0,0,0,7,0
TXN008130,2577.24,24,447,4,2052.65,0.2541,0.312,0.3455,0,0,0,17,0
TXN008131,6279.82,25,119,2,3386.53,0.3873,0.1647,0.0779,0,0,0,12,0
TXN008132,785.67,59,240,4,1299.69,0.1106,0.0778,0.205,0,0,0,15,0
TXN008133,2293.18,52,413,4,3744.12,0.1704,0.3583,0.2549,0,0,0,14,0
TXN008134,3051.69,32,430,19,2299.41,0.0174,0.1162,0.0896,0,0,0,2,0
TXN008135,1029.46,56,349,3,1051.43,0.121,0.0759,0.0736,0,0,0,19,0
TXN008136,208.84,54,26,12,341.33,0.1302,0.084,0.3377,0,0,0,14,1
TXN008137,2549.54,60,78,12,1164.32,0.1165,0.1483,0.2126,0,0,0,9,1
TXN008138,3847.85,65,724,1,3264.74,0.1023,0.0368,0.1705,0,0,0,20,0
TXN008139,937.78,63,402,1,637.35,0.0707,0.2044,0.2386,0,0,0,22,0
TXN008140,801.82,27,348,2,1161.8,0.2745,0.0909,0.1333,0,0,0,9,1
TXN008141,3101.38,58,920,2,1231.09,0.4294,0.0207,0.0958,0,1,0,14,0
TXN008142,1946.38,38,242,3,2120.67,0.1428,0.0631,0.3822,0,0,0,0,0
TXN008143,1464.13,38,272,5,835.92,0.0759,0.186,0.3483,0,0,0,16,0
TXN008144,433.06,51,95,1,596.71,0.0918,0.3056,0.4308,0,0,0,18,0
TXN008145,1793.2,49,249,0,1634.35,0.1516,0.482,0.1067,0,0,0,16,0
TXN008146,885.75,39,256,1,651.73,0.25,0.1708,0.175,0,0,0,9,0
TXN008147,909.25,69,36,1,303.43,0.4527,0.1333,0.1404,0,1,0,13,0
TXN008148,3122.57,27,335,4,3976.91,0.6503,0.3253,0.2385,0,0,0,9,0
TXN008149,2345.68,23,87,3,2098.38,0.0168,0.1585,0.1337,1,0,0,14,0
TXN008150,5675.37,19,740,1,4098.48,0.2486,0.0513,0.2362,0,0,0,5,0
TXN008151,928.57,60,175,6,2021.93,0.1188,0.0294,0.3329,0,0,0,3,0
TXN008152,533.99,39,284,2,1765.62,0.0391,0.2541,0.1603,0,0,0,15,0
TXN008153,821.36,40,359,3,1420.37,0.1718,0.1102,0.0871,0,0,0,11,0
TXN008154,1638.82,51,40,2,962.74,0.1224,0.1959,0.1563,0,0,0,19,0
TXN008155,4033.94,40,558,3,1569.44,0.2117,0.2822,0.0409,0,0,0,12,0
TXN008156,448.14,47,754,3,744.52,0.3033,0.0586,0.3306,0,0,0,18,0
TXN008157,265.69,21,150,3,518.81,0.2598,0.1247,0.1984,0,0,0,13,0
TXN008158,2021.41,26,315,4,869.09,0.4835,0.14,0.0958,1,0,0,1,0
TXN008159,1984.38,66,254,5,2708.21,0.0371,0.0255,0.2013,0,0,0,21,1
TXN008160,377.22,41,181,3,462.81,0.1781,0.3261,0.1741,0,1,0,7,0
TXN008161,1044.15,26,281,15,467.99,0.0825,0.1278,0.2271,0,0,0,0,1
TXN008162,3381.25,37,521,2,1658.91,0.1544,0.3357,0.1649,0,0,0,3,0
TXN008163,1370.84,35,164,4,820.12,0.2116,0.1066,0.1416,0,0,0,19,0
TXN008164,600.97,32,152,5,1540.48,0.2687,0.3164,0.3258,0,0,0,8,0
TXN008165,1097.46,33,862,23,2192.72,0.2309,0.048,0.2412,0,0,0,13,1
TXN008166,2805.54,55,39,1,1514.85,0.2201,0.1177,0.5057,0,0,1,9,0
TXN008167,839.05,23,297,4,704.46,0.3795,0.3599,0.2146,0,0,1,4,0
TXN008168,1755.13,34,402,2,2692.04,0.0936,0.1846,0.319,0,0,0,18,0
TXN008169,1525.35,42,753,4,1843.62,0.0722,0.2501,0.1303,0,0,1,20,0
TXN008170,2058.68,46,842,2,1117.42,0.24,0.0476,0.2054,0,0,0,23,0
TXN008171,2502.58,63,96,5,1080.19,0.1801,0.1186,0.0885,0,1,0,21,0
TXN008172,1420.14,66,850,1,1424.81,0.1966,0.058,0.2314,0,0,0,9,0
TXN008173,604.14,33,690,4,881.49,0.1754,0.2324,0.3148,0,0,0,9,0
TXN008174,300.86,46,49,2,350.08,0.1227,0.1018,0.1785,0,0,0,5,0
TXN008175,3880.8,19,491,3,1854.02,0.1992,0.2464,0.3208,0,0,0,16,0
TXN008176,3682.93,50,163,1,1778.49,0.1132,0.1637,0.2119,0,0,0,2,0
TXN008177,243.74,25,350,19,219.04,0.132,0.0217,0.1527,0,0,0,2,0
TXN008178,1171.75,21,300,22,1567.87,0.2176,0.2854,0.3654,0,1,0,7,1
TXN008179,6802.59,52,771,0,3750.1,0.1172,0.1631,0.2981,0,0,0,4,0
TXN008180,1215.94,27,144,2,498.03,0.3727,0.0309,0.1349,0,0,0,1,0
TXN008181,468.37,42,249,5,1041.79,0.1184,0.0742,0.2385,0,0,0,18,0
TXN008182,849.61,23,140,1,965.47,0.2002,0.1609,0.0828,0,1,0,2,0
TXN008183,6621.42,56,1451,2,3506.2,0.032,0.3242,0.1621,0,0,0,23,0
TXN008184,2502.84,57,8,2,2403.46,0.0513,0.1521,0.1834,0,0,0,17,0
TXN008185,453.22,47,493,0,592.95,0.3319,0.1037,0.0993,0,0,0,1,0
TXN008186,1542.77,61,3000,0,1393.37,0.2681,0.2964,0.484,0,0,0,14,0
TXN008187,6739.61,40,346,3,5496.52,0.0664,0.1572,0.0391,0,0,0,16,0
TXN008188,381.06,27,513,2,708.18,0.3666,0.2444,0.0977,1,1,0,22,0
TXN008189,1143.82,25,1045,5,1088.1,0.5618,0.0152,0.293,0,1,0,21,0
TXN008190,1922.71,29,132,2,1570.98,0.1115,0.1488,0.4318,0,0,0,12,0
TXN008191,546.21,28,41,3,715.49,0.1045,0.1796,0.5857,0,1,0,10,0
TXN008192,2454.12,34,97,3,3767.78,0.0126,0.2448,0.0611,0,0,0,23,0
TXN008193,585.98,29,321,3,787.71,0.3738,0.5357,0.1781,0,0,0,8,0
TXN008194,243.15,48,295,3,414.75,0.1345,0.3459,0.1395,0,0,0,3,0
TXN008195,1212.4,25,554,6,759.39,0.055,0.1904,0.0699,1,0,0,11,0
TXN008196,1008.39,50,147,0,1732.14,0.0374,0.3145,0.1887,0,1,0,6,0
TXN008197,695.93,35,711,2,627.21,0.1208,0.4,0.3583,0,0,0,10,0
TXN008198,1102.94,53,69,4,1354.98,0.0413,0.1564,0.0624,0,0,0,9,0
TXN008199,1102.55,44,116,1,1625.85,0.3036,0.1318,0.2317,0,0,0,5,0
TXN008200,1000.22,65,221,4,470.48,0.1638,0.163,0.425,0,0,0,4,0
TXN008201,687.79,40,432,3,739.08,0.6059,0.121,0.1417,0,0,1,20,0
TXN008202,968.85,33,76,4,1400.07,0.2671,0.1144,0.1531,0,0,0,10,0
TXN008203,1177.18,48,990,3,1793.08,0.314,0.2189,0.1681,0,0,0,0,0
TXN008204,906.27,52,497,4,752.09,0.3658,0.1582,0.3294,0,0,0,23,0
TXN008205,1921.5,40,309,1,1219.55,0.0634,0.0295,0.0927,0,0,0,23,0
TXN008206,1808.33,47,270,15,898.97,0.3657,0.0349,0.3263,0,0,0,12,0
TXN008207,1664.51,42,109,0,1825.29,0.1347,0.1721,0.0777,0,0,0,9,0
TXN008208,1391.78,33,75,3,1577.49,0.262,0.1717,0.5649,0,0,0,7,1
TXN008209,907.4,34,415,3,844.35,0.3363,0.3279,0.3237,0,0,0,22,0
TXN008210,1680.47,65,109,4,1532.89,0.0169,0.1864,0.3067,0,0,1,1,0
TXN008211,537.3,53,128,4,821.54,0.1385,0.0665,0.2645,0,0,0,6,0
TXN008212,3376.11,22,1106,1,1510.44,0.1316,0.266,0.3485,0,0,0,8,0
TXN008213,1543.99,68,154,1,1525.24,0.1982,0.375,0.4017,0,0,0,22,0
TXN008214,7737.54,55,56,5,5765.99,0.1092,0.161,0.2258,0,0,0,2,0
TXN008215,1094.51,20,63,5,866.63,0.1425,0.1705,0.1558,0,0,0,11,1
TXN008216,1240.51,55,218,3,993.38,0.1375,0.2823,0.2598,0,0,0,3,0
TXN008217,401.29,48,264,3,697.11,0.1044,0.2315,0.0776,0,0,0,23,1
TXN008218,530.33,65,87,3,532.2,0.04,0.2406,0.1531,1,0,0,14,0
TXN008219,2793.04,43,770,7,796.7,0.1712,0.0369,0.0566,1,1,1,20,1
TXN008220,4181.87,44,396,2,1746.85,0.127,0.0461,0.1497,1,0,0,1,0
TXN008221,2003.35,34,212,2,1837.61,0.2065,0.2078,0.2386,0,0,0,17,0
TXN008222,1102.35,34,342,5,1348.81,0.1116,0.1146,0.0784,0,0,0,12,0
TXN008223,263.27,50,86,2,891.55,0.3287,0.1869,0.0556,0,1,0,2,1
TXN008224,590.58,61,600,18,776.38,0.1771,0.3606,0.1888,0,1,0,17,0
TXN008225,552.85,64,191,3,577.22,0.3872,0.0747,0.2549,0,0,0,16,1
TXN008226,623.69,58,298,4,742.62,0.0559,0.3538,0.0661,0,0,0,15,0
TXN008227,386.52,49,521,2,442.93,0.1595,0.1899,0.0902,1,0,0,19,0
TXN008228,3995.16,44,92,1,2837.0,0.2839,0.4263,0.2765,0,0,0,17,0
TXN008229,2288.86,35,9,1,3967.95,0.0692,0.0865,0.0793,0,1,0,3,0
TXN008230,328.6,57,142,3,282.84,0.0861,0.225,0.212,0,0,0,9,0
TXN008231,1263.75,34,851,4,1342.76,0.3086,0.0634,0.3233,0,0,0,9,0
TXN008232,816.98,31,101,15,1327.28,0.3369,0.067,0.1679,0,0,0,3,0
TXN008233,3187.28,63,373,2,1269.23,0.1734,0.2165,0.2326,0,0,0,4,0
TXN008234,1092.66,48,525,2,724.21,0.147,0.2101,0.1906,0,0,0,0,0
TXN008235,1455.7,36,107,4,2243.43,0.3128,0.2902,0.1862,0,1,0,18,0
TXN008236,1942.68,62,555,0,1461.67,0.1037,0.1259,0.1295,0,1,0,22,0
TXN008237,1053.3,68,1102,25,2261.73,0.2378,0.3113,0.0473,1,0,0,4,1
TXN008238,454.33,34,32,4,654.41,0.0818,0.1955,0.1726,0,0,0,9,0
TXN008239,864.31,45,190,2,416.45,0.0746,0.2252,0.1283,0,0,0,10,0
TXN008240,1804.01,43,25,1,1486.88,0.3016,0.15,0.0374,0,0,0,3,0
TXN008241,648.78,54,750,14,558.88,0.062,0.1504,0.074,1,0,0,5,0
TXN008242,3948.35,67,525,4,2294.38,0.0675,0.328,0.1451,0,0,0,3,0
TXN008243,346.39,46,96,2,247.49,0.247,0.0805,0.3857,0,0,0,0,0
TXN008244,682.45,59,364,3,789.99,0.084,0.4177,0.1266,0,0,0,0,0
TXN008245,1192.58,48,196,1,712.55,0.2972,0.1228,0.309,0,0,0,3,0
TXN008246,343.23,64,121,1,868.99,0.3375,0.3395,0.0296,0,0,0,7,0
TXN008247,912.02,39,448,6,1316.55,0.0388,0.2172,0.1059,0,0,0,15,0
TXN008248,1372.02,38,111,3,1447.17,0.1074,0.1843,0.2559,0,1,0,4,0
TXN008249,2319.41,39,196,2,1716.11,0.3626,0.1131,0.0476,1,0,0,15,0
TXN008250,1555.79,69,104,2,1860.3,0.1376,0.0393,0.2045,0,1,1,17,0
TXN008251,364.56,49,420,1,972.56,0.2171,0.1243,0.0804,1,0,0,23,0
TXN008252,1665.08,25,121,0,4798.67,0.3677,0.2158,0.1404,0,0,0,1,0
TXN008253,2789.21,20,175,5,2895.65,0.0955,0.3991,0.2243,0,0,0,2,1
TXN008254,677.79,44,288,2,881.49,0.1292,0.505,0.2846,0,0,0,8,0
TXN008255,604.08,59,139,2,996.44,0.2728,0.1225,0.3169,0,0,0,21,0
TXN008256,480.28,42,202,1,868.59,0.2037,0.2696,0.1616,0,0,0,8,0
TXN008257,1522.16,47,1685,3,1414.19,0.0904,0.1725,0.1259,0,0,0,7,0
TXN008258,1136.7,59,246,2,555.37,0.1087,0.0552,0.2738,1,0,0,1,1
TXN008259,679.22,44,176,2,631.01,0.1797,0.3539,0.3038,1,0,0,13,0
TXN008260,495.93,65,362,3,240.53,0.1901,0.6297,0.2016,0,0,0,16,0
TXN008261,675.36,51,618,3,829.6,0.0993,0.2233,0.0627,0,0,1,14,1
TXN008262,2949.01,56,418,11,2310.76,0.1885,0.5849,0.1881,0,0,0,1,0
TXN008263,2073.83,58,867,3,985.87,0.1927,0.038,0.3369,0,0,0,16,0
TXN008264,939.98,50,549,5,1025.24,0.324,0.2783,0.5176,0,0,0,5,0
TXN008265,1351.53,20,130,18,1332.37,0.2741,0.1331,0.1441,0,0,0,7,1
TXN008266,442.51,40,169,2,543.72,0.2418,0.2451,0.1376,1,0,0,10,0
TXN008267,1546.24,25,48,3,1116.22,0.085,0.3489,0.248,1,0,0,4,0
TXN008268,3359.27,44,608,5,2045.16,0.4062,0.1963,0.021,0,1,1,0,1
TXN008269,1648.79,25,25,1,1359.12,0.0459,0.3958,0.1327,0,0,0,23,0
TXN008270,1917.01,44,677,0,2174.85,0.2948,0.0424,0.2616,0,0,0,21,0
TXN008271,1164.5,35,184,4,2656.84,0.0367,0.0183,0.2686,0,0,0,11,0
TXN008272,1697.95,19,442,5,1743.78,0.183,0.1302,0.2521,0,0,0,5,0
TXN008273,598.88,24,72,19,665.57,0.2237,0.2096,0.2389,0,0,0,22,1
TXN008274,981.32,44,99,2,861.87,0.1797,0.1951,0.1581,0,0,0,0,0
TXN008275,4520.05,22,1127,0,4238.83,0.239,0.2241,0.2657,0,0,0,12,0
TXN008276,3244.58,62,535,6,1366.38,0.23,0.0255,0.1641,0,0,0,6,0
TXN008277,848.65,57,79,13,1244.72,0.0411,0.1058,0.0539,0,0,0,1,0
TXN008278,252.56,54,78,8,600.66,0.1056,0.1392,0.1046,0,0,0,3,0
TXN008279,548.72,26,623,4,1028.62,0.1916,0.2258,0.3303,0,0,0,23,0
TXN008280,1277.89,59,159,4,1810.69,0.1279,0.3328,0.0759,0,0,0,6,0
TXN008281,2009.21,51,1758,7,1108.09,0.3483,0.2276,0.1837,0,1,0,19,0
TXN008282,373.51,38,231,5,762.37,0.0654,0.1546,0.0842,0,0,0,17,0
TXN008283,472.83,18,1405,0,896.8,0.1845,0.2498,0.4382,0,1,0,6,0
TXN008284,3171.39,45,151,1,2525.71,0.0875,0.2502,0.3546,0,0,1,2,0
TXN008285,2792.14,59,776,3,1750.13,0.2452,0.1965,0.1333,1,0,0,22,0
TXN008286,679.76,19,82,6,1593.72,0.2581,0.1279,0.142,0,0,0,7,0
TXN008287,563.4,20,525,10,1493.11,0.178,0.0581,0.1382,0,1,0,16,0
TXN008288,310.84,37,1127,5,479.09,0.2209,0.2907,0.3329,0,1,0,8,0
TXN008289,1904.92,44,276,5,1326.96,0.1805,0.2838,0.0722,0,0,1,23,0
TXN008290,2505.84,42,128,5,2316.02,0.3287,0.1843,0.0281,0,0,1,1,0
TXN008291,604.78,40,272,1,913.57,0.1974,0.1099,0.1518,0,0,1,0,0
TXN008292,3264.58,31,119,9,2173.73,0.0889,0.3915,0.2592,0,0,0,3,0
TXN008293,1719.91,21,642,1,1606.25,0.1101,0.1124,0.183,0,0,0,7,0
TXN008294,1844.92,19,31,13,1957.4,0.1634,0.1378,0.1903,1,0,0,19,0
TXN008295,467.67,23,71,5,1136.44,0.0922,0.3668,0.2452,0,0,0,3,0
TXN008296,1335.18,53,69,2,2039.81,0.3225,0.1222,0.1611,0,0,0,20,0
TXN008297,1154.05,58,271,0,393.36,0.2206,0.339,0.0896,0,0,0,14,0
TXN008298,932.85,40,51,1,1122.37,0.0453,0.1067,0.2293,1,0,0,11,0
TXN008299,1067.29,22,49,1,1806.43,0.2307,0.1192,0.0609,0,0,0,8,0
TXN008300,1093.54,39,561,9,1349.39,0.1712,0.1903,0.1117,1,0,0,2,0
TXN008301,2521.06,69,46,2,2361.23,0.1539,0.231,0.366,1,0,0,18,0
TXN008302,1596.98,30,440,1,982.43,0.1263,0.3261,0.2709,0,0,0,22,0
TXN008303,1051.93,43,96,3,747.54,0.1041,0.2024,0.3486,0,0,0,9,0
TXN008304,239.97,45,12,4,348.15,0.1079,0.1742,0.0839,0,0,0,10,0
TXN008305,1823.09,35,131,2,905.9,0.1227,0.0729,0.1878,0,0,0,1,0
TXN008306,2464.86,40,414,3,1574.69,0.2798,0.2029,0.4092,1,0,0,5,0
TXN008307,1462.47,42,162,4,1868.15,0.4867,0.2533,0.2421,1,0,0,12,1
TXN008308,383.78,42,45,3,411.81,0.3448,0.1346,0.1032,0,0,0,9,0
TXN008309,3474.12,55,287,3,2496.71,0.2993,0.1097,0.2028,0,0,0,11,0
TXN008310,1001.24,48,538,5,554.41,0.458,0.3026,0.057,0,1,0,15,0
TXN008311,437.0,20,249,2,1007.47,0.1203,0.3719,0.2204,0,0,0,19,0
TXN008312,765.54,18,1732,1,736.44,0.2132,0.1396,0.2809,1,0,0,4,0
TXN008313,1443.69,39,382,5,1468.61,0.109,0.2074,0.1849,0,0,0,9,0
TXN008314,855.77,65,294,4,1171.28,0.0166,0.4052,0.1733,0,0,1,11,0
TXN008315,1284.19,19,153,15,1762.66,0.1114,0.2893,0.0831,0,0,0,23,1
TXN008316,7119.34,21,233,5,3986.48,0.3402,0.2495,0.1747,0,1,0,20,0
TXN008317,1944.13,53,202,27,1448.81,0.1096,0.2564,0.119,0,0,0,22,1
TXN008318,2333.15,41,743,7,732.4,0.2082,0.3121,0.2996,0,1,0,9,0
TXN008319,1106.95,29,98,1,1514.36,0.2848,0.1888,0.1124,0,0,0,22,0
TXN008320,4614.79,28,934,3,4279.53,0.2354,0.1105,0.0521,0,0,0,17,0
TXN008321,2058.58,52,337,3,1736.17,0.0871,0.0658,0.1068,0,0,0,4,0
TXN008322,3480.15,45,520,1,2125.97,0.0146,0.1982,0.0376,0,0,1,9,0
TXN008323,758.71,51,702,22,359.42,0.0133,0.1293,0.1771,0,0,0,10,1
TXN008324,1513.68,32,521,2,1437.72,0.3162,0.0922,0.5763,0,0,1,17,0
TXN008325,497.83,45,226,5,909.04,0.1318,0.1634,0.1193,0,1,0,1,0
TXN008326,460.78,62,2,5,681.24,0.026,0.1837,0.0445,0,0,0,4,0
TXN008327,1167.8,34,1740,4,1079.63,0.1848,0.0882,0.1948,0,0,0,4,0
TXN008328,2194.18,38,89,20,1183.28,0.1149,0.4381,0.1219,0,1,0,17,1
TXN008329,319.71,26,59,14,708.34,0.2067,0.2353,0.4173,0,0,0,3,0
TXN008330,657.49,51,471,4,1251.28,0.2021,0.3075,0.3221,0,0,0,7,0
TXN008331,1472.91,19,440,0,971.23,0.2287,0.0382,0.263,1,0,0,1,0
TXN008332,880.26,30,70,4,1793.11,0.125,0.1537,0.151,0,1,0,1,0
TXN008333,692.66,55,1353,1,1286.01,0.1632,0.2161,0.1463,0,0,0,12,0
TXN008334,2665.75,19,570,2,1426.74,0.1239,0.285,0.048,0,0,0,13,0
TXN008335,1927.24,69,740,4,2176.71,0.046,0.1452,0.3172,0,1,0,3,0
TXN008336,1372.89,39,70,5,1617.23,0.1222,0.3395,0.1883,0,0,1,23,0
TXN008337,2317.63,38,46,4,1091.97,0.1856,0.3283,0.4748,0,0,0,18,0
TXN008338,141.81,45,442,2,254.46,0.2568,0.1761,0.6032,0,1,0,14,1
TXN008339,784.01,51,83,6,1571.22,0.1434,0.3114,0.1263,1,1,0,6,0
TXN008340,1419.02,41,139,3,579.2,0.3838,0.3415,0.2547,0,0,0,7,0
TXN008341,1173.75,63,950,5,1032.39,0.0801,0.1244,0.0468,0,1,0,21,0
TXN008342,2066.42,68,11,4,1421.88,0.0759,0.2139,0.4213,0,0,0,20,0
TXN008343,2349.66,28,756,3,2788.11,0.1536,0.4428,0.2982,0,0,1,22,0
TXN008344,3755.58,54,170,2,3982.34,0.0854,0.294,0.1106,0,0,0,19,0
TXN008345,390.75,33,275,2,575.45,0.0853,0.1328,0.206,0,0,1,23,0
TXN008346,520.02,69,723,5,436.55,0.2099,0.0827,0.1133,0,0,0,3,0
TXN008347,2176.03,31,613,5,1377.47,0.2094,0.2953,0.0158,0,0,0,21,0
TXN008348,1447.35,33,1626,13,1299.45,0.5771,0.1932,0.1578,0,0,0,8,0
TXN008349,847.41,55,1716,3,472.81,0.0841,0.3773,0.1148,0,0,0,0,0
TXN008350,1560.4,59,233,0,1083.96,0.2573,0.2472,0.1026,0,0,0,1,0
TXN008351,936.02,24,123,5,1666.16,0.4614,0.1773,0.1329,0,0,0,8,0
TXN008352,428.07,46,115,3,463.54,0.378,0.2436,0.1438,0,0,0,21,0
TXN008353,427.17,35,535,3,546.64,0.0417,0.0905,0.1769,0,0,0,0,0
TXN008354,1057.3,49,208,2,698.61,0.4522,0.1469,0.1994,0,0,0,20,0
TXN008355,1218.4,46,243,1,945.22,0.1308,0.0968,0.1093,0,1,1,12,0
TXN008356,1911.88,69,495,5,1782.51,0.2469,0.5252,0.2235,0,1,0,5,0
TXN008357,1523.76,66,547,4,872.59,0.2417,0.2435,0.1721,0,0,0,12,0
TXN008358,408.54,52,260,2,1139.93,0.0586,0.253,0.1581,0,0,0,10,0
TXN008359,3791.83,53,563,4,5283.4,0.3803,0.7097,0.2215,0,0,0,6,1
TXN008360,422.22,64,327,5,561.48,0.0913,0.2015,0.2402,0,0,0,23,0
TXN008361,797.4,27,123,3,694.3,0.1593,0.0742,0.1941,0,0,0,0,0
TXN008362,2389.19,55,161,4,1762.81,0.0198,0.2465,0.3157,0,0,0,5,0
TXN008363,2188.37,58,595,4,2189.94,0.1249,0.2546,0.3719,0,0,0,20,0
TXN008364,711.33,24,45,6,1466.1,0.3522,0.4067,0.1405,0,0,1,9,0
TXN008365,4865.87,63,671,1,3890.44,0.1581,0.1971,0.2303,0,0,0,16,0
TXN008366,1469.46,54,157,3,1369.52,0.0337,0.0541,0.2503,0,0,0,4,0
TXN008367,122.6,36,43,1,274.99,0.3879,0.159,0.0688,0,0,0,19,0
TXN008368,997.67,43,1381,24,1173.68,0.0214,0.0482,0.4359,1,0,0,7,1
TXN008369,903.27,43,441,2,735.32,0.0539,0.2463,0.0666,0,0,0,10,0
TXN008370,7171.95,65,2,1,2889.01,0.1329,0.038,0.1787,0,1,0,20,0
TXN008371,1183.52,68,58,4,2154.33,0.1436,0.0255,0.14,1,0,0,2,0
TXN008372,556.56,59,340,4,360.4,0.149,0.1108,0.037,0,0,0,9,0
TXN008373,1561.13,51,19,3,2822.06,0.2385,0.0154,0.0862,0,1,0,13,0
TXN008374,1052.29,23,149,6,2116.58,0.3338,0.0512,0.0889,0,0,0,1,0
TXN008375,448.77,65,247,6,873.82,0.1528,0.438,0.023,0,0,0,8,0
TXN008376,1447.87,24,768,4,1038.04,0.2341,0.3171,0.1086,0,1,0,6,0
TXN008377,3121.18,26,161,3,2905.97,0.3135,0.1284,0.0877,0,0,0,21,0
TXN008378,232.03,21,354,1,275.87,0.1939,0.231,0.2011,1,0,0,8,0
TXN008379,1926.74,67,489,0,1497.84,0.1251,0.2087,0.0875,0,0,0,15,0
TXN008380,2411.1,43,71,3,2357.57,0.2286,0.1214,0.1412,1,0,1,13,0
TXN008381,1095.19,30,360,3,1030.6,0.2561,0.3837,0.0691,0,0,1,17,0
TXN008382,1460.59,22,290,5,1725.96,0.0392,0.2667,0.2714,1,0,0,0,0
TXN008383,669.85,39,314,2,1178.75,0.1589,0.2626,0.24,0,1,0,1,1
TXN008384,1605.82,55,71,5,633.44,0.1866,0.2624,0.0886,0,0,0,4,0
TXN008385,1344.69,69,313,4,622.46,0.2173,0.1681,0.0506,0,0,0,0,0
TXN008386,4328.33,46,60,3,1805.06,0.1874,0.3623,0.3059,1,0,0,19,0
TXN008387,522.37,49,271,3,702.75,0.5087,0.3292,0.1771,0,0,0,10,0
TXN008388,259.23,61,1483,3,377.21,0.3483,0.1267,0.3357,0,0,0,3,0
TXN008389,951.21,64,105,5,1194.73,0.2772,0.2431,0.0506,0,0,0,5,0
TXN008390,1382.44,32,707,3,765.74,0.1417,0.1489,0.1188,0,0,0,9,0
TXN008391,473.67,69,123,2,473.72,0.1202,0.1245,0.1986,0,0,0,0,0
TXN008392,855.31,44,431,3,1153.12,0.1346,0.1955,0.2474,0,0,0,7,0
TXN008393,2292.09,66,274,4,1876.37,0.1463,0.3633,0.0805,1,0,0,11,0
TXN008394,741.78,24,989,5,1112.21,0.1447,0.1456,0.4538,0,1,0,17,1
TXN008395,246.7,23,146,3,519.9,0.0485,0.3077,0.1334,0,0,0,6,0
TXN008396,1649.69,63,1330,7,1536.5,0.0552,0.0683,0.3421,0,0,0,21,0
TXN008397,1704.06,52,135,5,2263.37,0.1387,0.2206,0.1664,0,0,1,23,0
TXN008398,5123.48,27,673,8,5162.23,0.4624,0.2102,0.2869,0,0,0,18,0
TXN008399,687.19,64,391,2,3008.78,0.3929,0.1159,0.1577,0,0,0,0,0
TXN008400,332.16,23,146,2,542.53,0.0427,0.194,0.0203,0,0,0,6,0
TXN008401,1950.57,53,614,4,1999.51,0.2451,0.1114,0.0766,0,0,1,13,0
TXN008402,569.95,28,3000,3,1312.34,0.1502,0.1489,0.0902,0,0,0,12,0
TXN008403,216.64,21,355,3,489.57,0.1217,0.1278,0.3292,0,0,0,6,0
TXN008404,1366.46,59,721,20,1337.63,0.1067,0.3772,0.0675,1,0,0,23,1
TXN008405,6179.2,62,100,3,4200.98,0.0247,0.112,0.2456,0,0,0,5,0
TXN008406,1551.01,23,380,4,2532.86,0.2027,0.0146,0.1905,0,0,1,16,0
TXN008407,467.04,22,843,2,539.47,0.1238,0.0867,0.3113,0,0,0,16,0
TXN008408,970.82,49,1860,3,1107.21,0.0706,0.2148,0.0611,1,0,0,2,0
TXN008409,655.17,19,104,2,1547.15,0.0639,0.5169,0.1386,0,0,0,12,0
TXN008410,626.54,56,553,4,326.71,0.2421,0.3207,0.0466,0,0,0,18,0
TXN008411,302.65,65,117,19,334.69,0.4925,0.1303,0.2163,0,0,1,10,0
TXN008412,1111.55,57,8,1,1221.99,0.0993,0.172,0.4006,0,0,0,15,0
TXN008413,1514.0,29,185,3,1233.21,0.2992,0.2854,0.1737,1,0,0,21,0
TXN008414,128.36,27,1016,4,302.73,0.1577,0.193,0.2349,0,0,0,9,0
TXN008415,2386.41,53,126,4,1438.82,0.1364,0.0973,0.1204,0,0,0,16,0
TXN008416,4182.69,21,102,3,2346.95,0.2156,0.0415,0.2381,0,0,0,19,0
TXN008417,1016.87,45,353,21,941.23,0.1429,0.2396,0.2994,0,0,0,12,1
TXN008418,1474.51,41,299,2,1143.52,0.2296,0.1152,0.1091,1,0,0,1,0
TXN008419,1367.37,56,156,4,1635.97,0.1907,0.1408,0.3816,0,0,0,22,0
TXN008420,2397.38,28,6,3,1491.18,0.029,0.1445,0.2504,0,1,0,6,1
TXN008421,216.88,57,176,3,341.03,0.16,0.1897,0.2918,0,1,0,17,0
TXN008422,571.69,54,306,5,581.97,0.4858,0.1593,0.2433,0,0,0,11,0
TXN008423,843.78,30,220,1,831.23,0.1454,0.2005,0.4339,0,0,0,3,0
TXN008424,587.66,36,48,1,600.29,0.1021,0.4365,0.3159,0,0,0,4,0
TXN008425,5513.18,21,50,3,3062.17,0.0349,0.3569,0.1078,0,0,0,4,0
TXN008426,5696.72,41,33,3,1709.8,0.396,0.1063,0.1777,0,0,0,7,0
TXN008427,474.75,31,62,6,504.31,0.0888,0.1235,0.2594,0,0,0,6,0
TXN008428,1222.51,23,172,3,943.85,0.136,0.1661,0.3907,0,0,0,10,0
TXN008429,1556.1,47,52,3,2419.4,0.3101,0.2528,0.1878,0,0,0,0,0
TXN008430,1230.52,47,694,4,697.59,0.0453,0.2006,0.1478,0,0,0,18,0
TXN008431,1497.41,22,105,4,1990.44,0.0226,0.0733,0.2926,1,0,0,14,0
TXN008432,16285.76,27,55,0,2887.73,0.0847,0.1945,0.2258,0,0,0,16,0
TXN008433,1024.94,22,673,0,2569.07,0.1252,0.2968,0.2281,0,0,0,16,0
TXN008434,4053.67,53,142,1,1244.24,0.299,0.2367,0.1975,0,0,0,16,0
TXN008435,4540.94,35,172,6,2632.57,0.0948,0.0816,0.195,0,0,0,3,1
TXN008436,410.43,21,64,2,760.85,0.244,0.2504,0.2439,1,0,0,18,0
TXN008437,22377.55,27,236,2,6248.63,0.246,0.411,0.4819,0,0,0,2,1
TXN008438,778.97,68,430,3,1298.02,0.2334,0.2813,0.0339,0,0,0,11,0
TXN008439,2058.79,31,114,5,2447.34,0.095,0.3957,0.2506,0,0,0,14,0
TXN008440,417.16,53,49,2,851.15,0.1673,0.0715,0.1217,0,1,0,12,0
TXN008441,1435.17,42,73,0,1555.56,0.0581,0.2281,0.4932,0,0,0,13,0
TXN008442,1558.44,27,1707,1,1604.27,0.3233,0.0481,0.1599,0,0,0,3,0
TXN008443,903.55,33,140,2,572.39,0.2592,0.1723,0.2173,0,0,0,18,0
TXN008444,2143.43,18,1030,5,560.65,0.0848,0.3447,0.2751,1,1,0,4,1
TXN008445,716.74,56,102,2,950.37,0.0868,0.3317,0.0759,0,0,0,0,0
TXN008446,523.11,35,1869,2,2377.33,0.1243,0.0367,0.3721,0,0,0,11,0
TXN008447,434.71,43,218,4,304.3,0.4435,0.4985,0.2068,0,0,0,5,0
TXN008448,628.5,25,385,1,850.65,0.1326,0.0858,0.3903,0,0,0,15,0
TXN008449,7458.13,60,37,7,2743.28,0.0519,0.1962,0.1337,0,0,0,7,0
TXN008450,454.18,29,247,2,462.9,0.0691,0.1159,0.2007,0,1,0,10,0
TXN008451,1737.55,47,273,6,2637.88,0.1344,0.1119,0.2043,0,0,0,4,0
TXN008452,285.26,63,1738,1,497.97,0.363,0.0288,0.095,0,0,0,8,0
TXN008453,813.23,55,897,5,577.33,0.2285,0.3115,0.0713,0,0,0,16,0
TXN008454,850.28,49,329,3,989.25,0.0328,0.074,0.1259,0,1,0,6,0
TXN008455,9123.97,64,873,1,4070.09,0.1322,0.0999,0.082,0,0,0,13,0
TXN008456,624.01,27,19,5,700.64,0.1385,0.0257,0.1633,0,0,0,7,0
TXN008457,709.79,68,1597,1,326.01,0.0709,0.2098,0.3927,0,0,0,4,0
TXN008458,192.4,46,399,0,411.02,0.3718,0.3348,0.1588,1,1,0,15,0
TXN008459,809.26,39,916,4,2105.62,0.3018,0.0878,0.111,0,0,0,15,0
TXN008460,670.31,31,333,3,424.83,0.2619,0.2938,0.0487,0,0,0,16,0
TXN008461,1951.09,56,1273,1,2518.89,0.0246,0.1103,0.1817,0,0,0,7,0
TXN008462,996.15,68,674,2,1151.54,0.3315,0.1209,0.1438,0,0,0,0,0
TXN008463,614.44,53,1206,4,1072.14,0.0432,0.1538,0.3617,0,1,0,17,0
TXN008464,743.29,19,612,2,1350.34,0.1739,0.3816,0.1198,0,0,0,3,1
TXN008465,888.0,42,415,2,626.0,0.2936,0.0577,0.069,1,0,0,5,0
TXN008466,1195.29,56,608,1,1207.75,0.5365,0.4701,0.0929,0,0,0,14,0
TXN008467,265.53,38,658,1,475.73,0.1632,0.1016,0.3194,0,0,0,3,0
TXN008468,4354.75,58,627,1,2819.24,0.0766,0.1111,0.2914,0,0,1,23,0
TXN008469,1019.53,54,1131,1,534.27,0.0418,0.2351,0.2286,1,0,0,19,0
TXN008470,1404.39,21,905,4,1491.02,0.4349,0.1497,0.2174,0,0,0,4,0
TXN008471,922.82,47,1145,1,531.48,0.1325,0.1657,0.2114,0,0,0,5,0
TXN008472,435.18,26,171,1,755.03,0.2266,0.4256,0.4935,0,0,0,1,0
TXN008473,1159.54,43,1525,2,844.14,0.2088,0.1196,0.4137,0,1,0,21,0
TXN008474,9661.52,37,296,2,8839.13,0.0335,0.1388,0.2995,0,0,0,8,0
TXN008475,702.42,59,106,2,1085.6,0.6295,0.231,0.4641,1,0,0,7,0
TXN008476,1908.57,63,94,3,617.04,0.2757,0.3512,0.2041,0,0,0,22,1
TXN008477,913.09,41,277,4,803.37,0.1035,0.1757,0.1915,0,0,0,17,0
TXN008478,276.38,45,95,5,382.5,0.1033,0.3412,0.0816,0,0,0,5,0
TXN008479,989.15,50,211,5,978.53,0.1622,0.1076,0.1126,0,0,0,22,0
TXN008480,2483.51,52,1044,5,4006.85,0.0329,0.3398,0.3136,0,0,0,17,0
TXN008481,734.32,51,85,18,1387.46,0.3215,0.1204,0.2115,0,0,0,6,1
TXN008482,1611.95,58,433,16,2063.96,0.0275,0.1371,0.1299,0,0,1,7,1
TXN008483,470.17,69,353,2,580.01,0.3447,0.6273,0.1891,1,0,0,20,0
TXN008484,611.16,61,36,1,951.14,0.1727,0.1107,0.2039,0,0,0,9,0
TXN008485,2517.05,25,195,7,1264.88,0.0976,0.158,0.1062,0,0,0,7,0
TXN008486,433.16,42,538,1,660.03,0.0409,0.1191,0.1977,0,0,1,9,0
TXN008487,868.94,41,739,1,1450.99,0.292,0.2615,0.1473,0,0,0,5,0
TXN008488,878.88,44,351,1,1687.16,0.3434,0.0546,0.1518,1,0,0,9,0
TXN008489,792.27,45,384,7,1603.58,0.4444,0.5035,0.0448,0,0,0,3,1
TXN008490,1736.0,55,1009,17,986.58,0.1417,0.2553,0.3158,0,0,1,10,1
TXN008491,2712.51,39,861,7,2353.45,0.2847,0.2881,0.1973,0,0,0,11,0
TXN008492,1338.56,31,101,18,915.68,0.0299,0.5469,0.0795,0,0,0,7,0
TXN008493,1504.1,41,179,6,859.05,0.2199,0.1011,0.2988,0,0,0,5,0
TXN008494,2504.29,62,474,3,3008.14,0.0941,0.2207,0.1126,0,1,0,1,0
TXN008495,1135.53,34,329,3,505.29,0.5856,0.2383,0.3334,0,0,0,8,0
TXN008496,235.83,19,475,5,332.93,0.2324,0.1945,0.2064,0,0,0,20,0
TXN008497,326.97,68,322,5,597.37,0.197,0.2889,0.3889,0,0,1,20,0
TXN008498,1766.15,28,467,2,1438.09,0.323,0.3874,0.236,0,0,0,12,0
TXN008499,2916.14,49,335,1,2693.28,0.2584,0.0489,0.1486,0,0,0,12,0
TXN008500,747.15,59,151,2,690.65,0.0296,0.2304,0.1048,0,0,0,23,0
TXN008501,6828.18,32,1167,7,3906.46,0.1242,0.0561,0.2907,0,0,0,20,0
TXN008502,1184.95,35,43,2,1117.71,0.1118,0.1214,0.1285,0,0,0,3,0
TXN008503,1201.48,32,228,2,1011.44,0.3757,0.0957,0.0584,0,0,0,19,0
TXN008504,1277.71,25,394,2,604.89,0.6653,0.0538,0.2132,0,0,1,22,0
TXN008505,4977.2,25,943,18,4298.19,0.1219,0.1561,0.2444,0,0,0,10,0
TXN008506,1295.48,27,318,3,987.13,0.2739,0.3086,0.2777,0,1,0,4,0
TXN008507,197.92,41,8,2,431.65,0.0172,0.2004,0.0085,0,0,0,9,0
TXN008508,47377.44,45,884,4,6126.43,0.4759,0.4392,0.2697,0,0,0,11,1
TXN008509,602.21,18,644,8,1444.57,0.1976,0.3509,0.0468,1,0,0,17,0
TXN008510,1425.89,62,310,21,1918.27,0.1668,0.1181,0.2688,0,0,0,2,1
TXN008511,2601.47,53,339,25,3558.49,0.2108,0.0632,0.0074,0,0,0,12,1
TXN008512,5375.1,21,196,1,1686.02,0.1047,0.2843,0.0782,1,1,0,23,1
TXN008513,1559.46,61,1171,5,2169.87,0.257,0.2807,0.4255,0,0,0,0,0
TXN008514,1452.53,19,64,1,1139.14,0.3257,0.0946,0.0683,1,0,0,1,0
TXN008515,1344.92,47,510,1,1832.82,0.4609,0.0951,0.0569,0,0,0,16,0
TXN008516,604.28,42,347,3,1070.72,0.1015,0.0726,0.412,0,0,0,9,0
TXN008517,1479.63,44,433,26,1081.23,0.0558,0.1203,0.163,0,0,0,8,1
TXN008518,803.01,67,485,5,1192.49,0.1267,0.1556,0.1251,1,0,0,4,0
TXN008519,931.13,66,858,2,830.67,0.0388,0.1441,0.2216,0,0,0,9,0
TXN008520,2203.37,32,30,2,1560.97,0.0769,0.2248,0.2869,0,1,0,0,0
TXN008521,4447.1,48,851,2,1558.21,0.3317,0.2284,0.0639,0,0,0,4,0
TXN008522,971.7,67,217,2,1945.44,0.1299,0.5589,0.2436,0,0,0,23,0
TXN008523,1577.63,55,831,3,1715.95,0.3935,0.4419,0.1753,0,0,0,15,0
TXN008524,4182.74,64,212,4,4447.2,0.0584,0.2259,0.0804,0,0,0,11,0
TXN008525,2292.39,40,541,3,2291.22,0.0751,0.0561,0.2465,0,0,0,9,0
TXN008526,3896.23,32,112,3,948.54,0.0532,0.1361,0.108,0,0,0,2,0
TXN008527,1368.97,44,1236,13,1505.91,0.1902,0.1939,0.0869,0,0,0,14,1
TXN008528,736.98,60,576,15,2948.02,0.1677,0.2269,0.1972,0,0,0,8,0
TXN008529,505.67,66,6,20,563.98,0.4739,0.1557,0.4255,0,0,0,10,1
TXN008530,4208.5,53,32,5,4491.62,0.1565,0.0788,0.2861,0,0,0,13,0
TXN008531,558.46,54,134,18,637.63,0.3171,0.1675,0.3762,0,0,0,13,1
TXN008532,1387.06,44,385,20,2059.45,0.0895,0.126,0.2129,0,0,0,6,1
TXN008533,532.67,34,197,4,1101.71,0.0961,0.3901,0.4289,0,0,0,5,0
TXN008534,3470.55,39,74,4,1058.22,0.1286,0.2255,0.0884,1,0,0,23,0
TXN008535,524.8,43,460,4,440.52,0.0888,0.1031,0.4991,0,0,0,10,0
TXN008536,1862.21,60,383,4,2069.89,0.176,0.0282,0.0253,0,0,0,1,0
TXN008537,1434.17,46,843,5,445.03,0.4105,0.2153,0.1881,0,1,0,15,0
TXN008538,247.72,59,165,4,399.44,0.1782,0.3363,0.21,0,0,0,20,0
TXN008539,3439.62,19,417,5,2469.55,0.0284,0.5773,0.3775,0,0,0,20,0
TXN008540,1930.9,57,1091,5,3838.07,0.3433,0.0755,0.0519,0,0,0,13,1
TXN008541,1038.82,44,1039,1,687.41,0.3592,0.1958,0.1676,0,0,0,11,0
TXN008542,1185.84,69,53,0,2213.16,0.1196,0.2511,0.2139,0,0,0,4,0
TXN008543,2480.77,42,783,5,1915.18,0.165,0.6901,0.1897,1,0,0,9,1
TXN008544,3011.57,42,87,6,1028.58,0.0719,0.3407,0.223,0,0,0,16,0
TXN008545,2940.89,24,80,1,2793.56,0.2321,0.1026,0.1128,0,0,0,6,0
TXN008546,292.82,59,4,5,977.96,0.3047,0.4349,0.1875,0,0,0,22,0
TXN008547,1606.72,54,1152,4,1575.41,0.3065,0.2317,0.1797,0,0,0,9,1
TXN008548,593.84,62,167,3,455.94,0.234,0.3454,0.356,0,1,0,2,1
TXN008549,771.1,22,291,2,469.79,0.1603,0.1525,0.165,0,0,0,16,0
TXN008550,5590.4,29,502,5,2485.75,0.1904,0.2191,0.3148,1,0,0,16,0
TXN008551,3730.72,63,6,2,1612.99,0.1727,0.1295,0.1744,0,1,0,19,1
TXN008552,923.59,20,342,2,992.55,0.2627,0.0623,0.1181,0,0,1,22,0
TXN008553,2900.97,44,104,4,4169.25,0.0929,0.2946,0.3662,0,1,1,15,0
TXN008554,2237.11,39,255,5,4138.63,0.2285,0.391,0.2422,0,0,0,12,0
TXN008555,1108.15,66,306,1,1491.32,0.1285,0.2017,0.368,0,0,1,22,0
TXN008556,514.47,62,45,1,395.85,0.2847,0.0618,0.0745,0,0,0,18,0
TXN008557,483.05,64,876,4,1014.23,0.0828,0.3327,0.0193,0,0,0,21,0
TXN008558,367.76,33,1406,1,612.28,0.1507,0.1307,0.2171,0,0,0,22,0
TXN008559,1590.69,48,101,2,1167.55,0.1135,0.1205,0.1364,0,0,0,11,0
TXN008560,399.02,54,632,21,569.41,0.1041,0.3329,0.3836,0,0,0,4,1
TXN008561,581.8,68,229,2,474.68,0.1359,0.3722,0.2613,0,0,0,20,1
TXN008562,143.78,18,73,4,225.02,0.1527,0.1169,0.0569,0,0,0,1,0
TXN008563,1444.28,68,712,3,1232.85,0.1886,0.1164,0.2907,0,0,0,1,1
TXN008564,143.5,36,545,19,219.39,0.0981,0.081,0.1698,0,0,0,19,1
TXN008565,307.89,24,1617,19,876.41,0.3983,0.1886,0.1124,0,0,0,8,1
TXN008566,3016.51,50,55,1,1783.05,0.1323,0.0166,0.246,0,0,0,8,0
TXN008567,451.15,58,166,0,661.52,0.1966,0.087,0.1044,0,0,0,23,0
TXN008568,447.59,24,522,2,513.18,0.1115,0.1999,0.2578,0,0,0,15,0
TXN008569,715.07,20,185,2,1045.77,0.0764,0.1717,0.4121,0,0,0,18,0
TXN008570,828.35,64,592,2,613.99,0.0942,0.1472,0.1144,0,0,1,2,1
TXN008571,1499.97,66,125,5,1248.83,0.088,0.2908,0.232,1,1,0,11,0
TXN008572,717.07,26,134,5,532.2,0.2365,0.0945,0.1863,0,0,0,19,0
TXN008573,753.41,65,575,4,1019.28,0.1089,0.2078,0.1286,0,0,0,20,0
TXN008574,837.28,65,158,4,860.49,0.1993,0.2496,0.2163,1,0,0,4,0
TXN008575,1368.27,69,319,4,1087.82,0.2308,0.2001,0.2048,0,1,1,15,1
TXN008576,8058.38,29,86,3,3444.75,0.3709,0.2371,0.2581,0,0,0,14,0
TXN008577,1492.88,48,167,7,1261.26,0.2028,0.2731,0.1446,0,0,0,8,0
TXN008578,898.99,69,96,6,1561.05,0.121,0.036,0.175,0,0,0,6,0
TXN008579,820.56,64,527,5,708.14,0.1839,0.3435,0.1191,0,0,0,22,0
TXN008580,1170.9,49,807,5,1282.13,0.0629,0.0755,0.1211,0,0,1,22,1
TXN008581,301.37,28,130,7,904.73,0.0923,0.0169,0.4487,0,1,0,8,0
TXN008582,405.83,22,144,3,1119.64,0.1755,0.3204,0.1156,0,0,1,17,0
TXN008583,1665.19,31,596,2,1727.21,0.2761,0.1199,0.2655,0,0,0,20,0
TXN008584,780.26,21,832,6,772.66,0.1505,0.5076,0.3265,0,1,0,16,1
TXN008585,705.75,28,328,6,829.95,0.5707,0.4354,0.2726,0,0,1,3,1
TXN008586,1268.78,21,173,4,780.17,0.3424,0.1932,0.1204,0,0,0,21,0
TXN008587,460.2,57,201,2,769.7,0.1583,0.1889,0.3118,1,1,0,13,0
TXN008588,577.59,48,1167,3,1238.02,0.1584,0.1333,0.3247,0,0,0,1,0
TXN008589,539.74,44,117,4,849.98,0.0849,0.187,0.3975,1,0,0,7,0
TXN008590,2237.67,60,111,6,3129.32,0.1295,0.1254,0.2153,0,0,0,1,0
TXN008591,6928.71,39,797,1,7153.91,0.0168,0.3317,0.1531,0,0,0,13,0
TXN008592,475.2,38,216,4,736.89,0.1538,0.2296,0.2457,0,0,0,23,0
TXN008593,414.82,28,1297,26,1347.22,0.2078,0.1003,0.0283,0,0,0,5,1
TXN008594,551.97,41,1455,11,2267.89,0.1187,0.3899,0.0488,0,0,1,16,1
TXN008595,974.29,27,104,4,910.48,0.2627,0.231,0.0187,0,0,0,14,0
TXN008596,293.82,48,629,3,546.71,0.3618,0.0369,0.0072,0,0,0,18,0
TXN008597,1228.78,69,60,21,3702.34,0.0355,0.3626,0.0552,0,0,0,5,0
TXN008598,2499.95,45,521,3,1772.79,0.4199,0.1403,0.1985,0,0,0,13,0
TXN008599,3206.49,33,873,2,1370.71,0.5004,0.1112,0.1894,0,0,0,2,0
TXN008600,2873.87,53,306,4,3027.12,0.2079,0.3643,0.0966,0,0,0,15,0
TXN008601,2179.4,60,125,4,1880.26,0.1391,0.4537,0.1409,0,1,0,17,0
TXN008602,1234.9,42,71,6,1060.45,0.1503,0.0828,0.1222,0,1,0,13,0
TXN008603,155.11,31,269,4,553.55,0.0936,0.0302,0.2577,0,1,0,17,0
TXN008604,1265.76,55,96,0,776.4,0.0838,0.3421,0.0357,0,0,0,9,0
TXN008605,5040.76,27,395,1,2548.8,0.2715,0.1476,0.1817,0,0,0,17,0
TXN008606,4854.69,69,290,1,1767.74,0.0368,0.067,0.1936,0,0,0,7,0
TXN008607,756.45,34,706,5,962.31,0.0479,0.2121,0.0431,0,1,1,5,1
TXN008608,2022.88,36,565,3,3776.66,0.0389,0.1349,0.177,0,0,1,7,0
TXN008609,2073.83,55,426,5,982.35,0.3088,0.1321,0.2304,0,0,0,8,0
TXN008610,2880.34,18,192,1,2189.14,0.1321,0.59,0.345,0,0,0,17,0
TXN008611,2069.56,28,1177,21,1279.25,0.2927,0.114,0.165,0,0,0,14,0
TXN008612,2972.55,24,854,5,4243.18,0.1928,0.0861,0.1478,0,0,0,0,0
TXN008613,2157.04,38,920,1,1857.77,0.2292,0.1788,0.2087,0,0,0,13,0
TXN008614,634.57,46,66,1,1132.65,0.121,0.1408,0.0461,0,0,0,10,0
TXN008615,964.83,27,12,3,967.62,0.1952,0.0244,0.0903,0,1,0,15,0
TXN008616,895.96,35,606,2,1084.9,0.0585,0.243,0.471,0,0,0,20,0
TXN008617,2395.09,58,188,0,659.99,0.123,0.104,0.0808,0,0,1,1,0
TXN008618,569.67,66,194,2,421.28,0.0807,0.2206,0.3281,0,0,0,21,0
TXN008619,416.76,18,57,2,1361.19,0.1795,0.2196,0.031,0,0,0,2,0
TXN008620,754.22,50,559,3,754.86,0.464,0.0901,0.116,0,0,0,8,0
TXN008621,922.58,19,1041,0,753.46,0.3875,0.2289,0.1515,1,0,0,15,1
TXN008622,794.04,45,2154,3,1030.51,0.0436,0.0973,0.193,0,0,0,10,0
TXN008623,620.2,63,1888,3,1137.46,0.0456,0.1266,0.1773,0,0,0,20,0
TXN008624,1585.17,59,1008,3,1102.31,0.08,0.4276,0.2616,0,0,0,3,0
TXN008625,2182.1,30,100,1,3702.66,0.0505,0.1701,0.0716,0,0,0,22,0
TXN008626,2392.66,31,157,5,1743.53,0.1527,0.2401,0.3392,0,0,0,1,0
TXN008627,2697.93,58,38,3,4795.68,0.4825,0.7306,0.2326,0,1,0,11,0
TXN008628,601.28,60,306,2,806.5,0.3274,0.0827,0.2699,1,0,0,0,0
TXN008629,3211.48,32,803,7,1898.09,0.2116,0.179,0.1759,0,0,0,15,0
TXN008630,1097.35,18,21,3,838.5,0.0964,0.07,0.0884,0,0,0,12,0
TXN008631,753.32,41,1986,4,740.41,0.0192,0.1322,0.1575,0,0,0,0,0
TXN008632,4843.69,50,70,3,4924.02,0.0845,0.085,0.3686,0,0,0,13,0
TXN008633,673.24,41,118,2,640.53,0.0358,0.0818,0.2612,0,0,0,11,0
TXN008634,148.78,66,511,5,229.93,0.2201,0.1107,0.2499,0,0,0,9,0
TXN008635,290.11,60,336,2,668.1,0.388,0.0712,0.2072,0,0,0,21,0
TXN008636,367.68,58,981,2,268.86,0.0134,0.3462,0.1111,1,0,0,7,0
TXN008637,1307.18,19,585,4,563.45,0.0507,0.3591,0.1102,0,0,0,20,0
TXN008638,838.2,62,23,2,601.2,0.4469,0.3069,0.0922,0,0,0,2,0
TXN008639,1292.7,57,934,1,1124.05,0.0789,0.3495,0.1854,0,1,0,15,0
TXN008640,134.37,38,653,27,261.2,0.0989,0.2226,0.0638,0,0,0,19,1
TXN008641,4103.57,48,459,2,2533.02,0.1349,0.1559,0.1578,0,1,0,9,0
TXN008642,384.42,60,20,3,295.0,0.0794,0.2713,0.1356,0,1,0,4,0
TXN008643,1523.33,65,623,2,1002.82,0.2996,0.1824,0.2439,0,0,0,18,0
TXN008644,1543.38,46,328,5,874.01,0.1057,0.164,0.0728,0,0,0,17,0
TXN008645,4675.3,20,520,19,1954.22,0.0629,0.1425,0.1188,1,0,0,15,0
TXN008646,759.75,50,870,4,1402.6,0.4537,0.1758,0.0354,0,0,0,4,0
TXN008647,1238.77,53,727,3,2516.97,0.1993,0.0854,0.2623,0,0,0,15,0
TXN008648,923.77,21,622,2,851.49,0.1369,0.2263,0.1242,0,0,0,7,1
TXN008649,476.89,60,463,2,792.09,0.1705,0.1386,0.4099,1,0,0,20,0
TXN008650,801.36,28,244,1,1464.04,0.1882,0.1373,0.0383,0,1,0,2,0
TXN008651,4409.4,64,679,3,2253.95,0.0961,0.06,0.2076,0,0,0,22,0
TXN008652,1121.66,46,276,3,1953.83,0.2026,0.2336,0.1403,0,0,0,13,0
TXN008653,1365.37,34,648,2,1373.71,0.1702,0.1487,0.2149,0,1,0,5,0
TXN008654,526.15,21,738,1,1290.6,0.1701,0.3493,0.1789,0,0,0,5,0
TXN008655,1106.85,18,214,3,1069.13,0.1983,0.1954,0.308,0,1,0,18,0
TXN008656,2800.35,56,411,2,1461.11,0.6042,0.165,0.2174,1,0,0,23,0
TXN008657,8880.88,37,288,4,4557.16,0.1161,0.2629,0.1231,0,0,0,1,0
TXN008658,1644.09,61,339,6,925.37,0.1623,0.0712,0.1789,0,0,0,11,0
TXN008659,813.83,29,67,7,849.68,0.1861,0.2027,0.2239,0,0,0,14,0
TXN008660,1484.14,65,1230,5,805.34,0.2544,0.1207,0.1047,0,0,0,7,0
TXN008661,1824.58,66,598,1,1440.23,0.2621,0.1117,0.3803,0,0,1,6,0
TXN008662,195.07,23,27,13,248.33,0.1728,0.2346,0.168,0,1,0,17,1
TXN008663,1230.77,51,268,0,997.7,0.0967,0.1896,0.0168,1,0,0,23,0
TXN008664,3306.26,66,402,4,2031.34,0.069,0.1327,0.1605,0,1,0,11,0
TXN008665,365.55,34,369,20,758.72,0.0678,0.1304,0.0891,0,0,0,22,1
TXN008666,697.47,21,1082,3,1249.74,0.0471,0.254,0.2066,0,0,0,19,0
TXN008667,4436.18,63,1135,1,4800.79,0.1329,0.3263,0.0394,0,0,0,23,0
TXN008668,706.38,42,1114,20,1383.15,0.2108,0.3813,0.1295,0,0,0,14,1
TXN008669,115.9,19,1247,4,228.73,0.195,0.0732,0.1243,0,0,0,21,0
TXN008670,324.33,61,385,2,408.74,0.0978,0.1359,0.2129,0,0,0,10,0
TXN008671,1587.46,53,160,4,919.93,0.088,0.2263,0.168,0,0,0,13,0
TXN008672,1066.95,21,149,21,624.73,0.1352,0.3363,0.1163,0,0,0,13,0
TXN008673,1406.64,31,780,3,1178.94,0.1582,0.438,0.2862,0,0,0,5,0
TXN008674,985.31,18,125,3,892.29,0.1285,0.3134,0.1336,0,1,0,0,0
TXN008675,7819.4,67,334,3,2480.59,0.0262,0.3235,0.1601,0,0,0,22,0
TXN008676,379.72,19,295,1,510.85,0.137,0.3327,0.2817,0,0,0,11,0
TXN008677,1082.84,59,1247,6,948.38,0.0545,0.3576,0.121,0,0,1,15,0
TXN008678,923.47,44,147,2,1276.76,0.2945,0.302,0.0793,0,0,0,23,0
TXN008679,685.89,48,498,4,1392.41,0.1174,0.0607,0.1002,0,0,0,14,0
TXN008680,2331.92,60,246,1,1215.32,0.2503,0.2364,0.1675,0,0,0,15,0
TXN008681,171.44,64,367,5,202.78,0.3855,0.3253,0.2495,0,0,0,5,0
TXN008682,1703.53,24,368,0,1162.47,0.2126,0.1132,0.2092,0,0,0,4,0
TXN008683,861.87,18,422,2,986.8,0.1055,0.4758,0.0265,0,0,0,5,0
TXN008684,3985.94,24,287,3,2007.96,0.0389,0.0155,0.0259,0,1,0,1,0
TXN008685,1051.11,53,519,2,1819.07,0.3148,0.0112,0.1391,0,1,0,7,0
TXN008686,2462.03,47,223,1,1298.01,0.3449,0.1723,0.2894,0,0,0,2,0
TXN008687,2232.84,22,41,3,1365.42,0.1148,0.198,0.239,1,0,0,0,0
TXN008688,1053.23,30,761,2,2826.14,0.0655,0.0491,0.0426,0,0,0,19,0
TXN008689,1846.29,45,104,3,2453.34,0.0711,0.1386,0.1562,0,0,0,5,0
TXN008690,2331.32,55,278,2,1329.73,0.0458,0.0822,0.0561,0,0,1,8,0
TXN008691,12116.49,35,101,4,4923.59,0.0582,0.1378,0.2403,0,0,0,20,0
TXN008692,1047.11,67,1409,1,706.46,0.0743,0.2452,0.2733,0,0,0,13,0
TXN008693,384.55,69,2265,4,478.28,0.1295,0.0311,0.0866,0,1,0,4,0
TXN008694,638.95,57,1204,4,1088.34,0.1094,0.1766,0.5471,1,1,0,10,0
TXN008695,1152.85,41,518,2,844.15,0.1389,0.1522,0.2243,0,0,0,16,0
TXN008696,154.46,63,86,24,195.25,0.0515,0.1647,0.051,0,0,1,3,1
TXN008697,562.49,55,1463,2,694.6,0.0406,0.3926,0.076,0,0,0,2,1
TXN008698,1233.02,45,117,9,1394.8,0.3091,0.3057,0.2263,0,1,0,0,0
TXN008699,1710.17,41,614,2,1052.98,0.1762,0.1582,0.0604,0,0,0,5,0
TXN008700,1719.9,61,239,10,636.81,0.2077,0.1395,0.2437,0,0,0,15,0
TXN008701,1987.06,46,42,2,1129.61,0.4069,0.1728,0.0379,0,1,0,5,0
TXN008702,1201.59,27,363,4,1195.3,0.2506,0.4632,0.277,0,0,0,2,0
TXN008703,1103.23,69,253,4,1809.04,0.4312,0.4062,0.4987,0,0,0,11,0
TXN008704,1010.43,21,1,5,699.91,0.0376,0.3237,0.2021,0,0,0,18,0
TXN008705,5052.78,54,314,5,2021.71,0.3051,0.051,0.4103,0,0,0,23,0
TXN008706,887.58,52,541,3,511.09,0.249,0.1784,0.0628,0,0,0,5,0
TXN008707,864.27,48,334,4,770.96,0.3611,0.191,0.1571,0,0,0,21,0
TXN008708,2752.7,20,112,2,3602.18,0.0932,0.254,0.2476,0,0,0,19,0
TXN008709,647.51,43,406,2,535.55,0.39,0.1869,0.1045,0,0,0,1,0
TXN008710,1304.9,64,267,5,691.5,0.5362,0.0747,0.0968,0,0,0,20,0
TXN008711,518.32,30,279,7,456.15,0.1368,0.1491,0.1596,0,0,0,11,0
TXN008712,580.58,53,710,2,614.56,0.1521,0.3759,0.1692,1,1,0,23,0
TXN008713,827.88,62,207,3,1208.16,0.2544,0.1071,0.1889,0,0,0,15,0
TXN008714,7470.85,67,154,2,1798.27,0.0639,0.2022,0.2352,0,0,0,2,0
TXN008715,663.11,44,325,2,1082.42,0.3625,0.1035,0.1558,0,0,0,17,0
TXN008716,508.71,34,242,6,873.68,0.2025,0.1856,0.0825,0,0,0,4,0
TXN008717,502.86,54,30,3,459.46,0.0608,0.2239,0.083,0,0,0,7,0
TXN008718,589.9,43,218,1,659.19,0.1567,0.1096,0.0577,0,0,0,7,0
TXN008719,652.35,50,1208,2,371.58,0.1471,0.2925,0.194,0,0,1,9,0
TXN008720,3284.61,56,937,16,1836.45,0.2389,0.3012,0.0951,0,0,0,20,0
TXN008721,988.7,54,1694,2,1928.02,0.2681,0.4368,0.2172,0,0,0,12,1
TXN008722,703.54,30,524,5,1066.02,0.1677,0.2742,0.0622,0,0,0,5,0
TXN008723,922.92,57,1578,4,1493.71,0.2839,0.209,0.1923,0,0,0,19,0
TXN008724,3117.71,46,243,3,2025.08,0.0745,0.2664,0.1549,0,0,0,11,0
TXN008725,1489.85,66,443,2,1177.14,0.1823,0.0407,0.265,0,0,0,22,0
TXN008726,2371.33,52,1128,4,2908.89,0.0234,0.1178,0.25,1,0,0,5,1
TXN008727,603.27,64,644,7,535.58,0.1867,0.3063,0.1711,0,0,0,5,0
TXN008728,462.43,68,244,0,859.14,0.1223,0.3739,0.1498,0,0,0,7,1
TXN008729,525.41,69,532,1,790.43,0.2034,0.2303,0.2377,0,1,0,1,0
TXN008730,843.92,56,128,2,1725.15,0.0977,0.4208,0.431,0,1,0,20,0
TXN008731,435.34,49,299,3,401.86,0.15,0.0699,0.0409,0,0,0,14,0
TXN008732,3266.63,24,158,2,3021.72,0.488,0.0433,0.167,0,1,0,5,0
TXN008733,945.62,38,444,0,1624.97,0.1954,0.2668,0.247,1,0,0,17,0
TXN008734,4707.31,42,149,4,3733.89,0.0777,0.1979,0.4937,0,0,0,4,0
TXN008735,1906.48,58,538,6,1065.93,0.1283,0.1713,0.2011,0,0,0,6,1
TXN008736,423.27,48,792,2,746.04,0.2085,0.1806,0.3378,0,0,0,11,0
TXN008737,1451.71,40,166,0,1737.1,0.1342,0.5386,0.1251,0,0,0,0,1
TXN008738,2992.57,25,789,3,2256.11,0.4267,0.2809,0.0534,0,0,0,13,0
TXN008739,662.75,55,503,3,665.08,0.4351,0.2758,0.2531,0,0,0,4,0
TXN008740,127.37,40,663,5,270.88,0.2949,0.0335,0.228,0,0,0,21,0
TXN008741,239.65,19,1704,26,305.4,0.1276,0.1865,0.1773,0,0,0,17,1
TXN008742,1014.63,32,742,20,1316.81,0.1661,0.0521,0.263,0,0,0,14,0
TXN008743,2934.82,63,371,2,3223.21,0.381,0.1481,0.3751,0,0,0,23,0
TXN008744,411.21,24,522,2,441.16,0.2104,0.0471,0.1969,0,1,0,18,0
TXN008745,2144.47,39,238,2,906.28,0.1593,0.0957,0.12,0,0,0,17,0
TXN008746,766.17,44,1017,1,859.27,0.1587,0.1743,0.3331,0,0,0,15,0
TXN008747,1635.05,22,412,5,4206.44,0.3162,0.1949,0.3038,0,0,0,14,0
TXN008748,5603.85,26,642,0,5329.9,0.2009,0.1452,0.0537,0,1,1,19,0
TXN008749,3859.84,66,3000,18,1476.04,0.0987,0.2261,0.1238,0,1,0,14,0
TXN008750,1875.61,48,217,19,2056.17,0.1397,0.1603,0.2772,0,0,1,13,1
TXN008751,1584.77,28,616,4,2016.54,0.021,0.1336,0.3036,0,0,0,11,0
TXN008752,378.4,26,689,4,447.54,0.1823,0.1856,0.116,1,0,0,7,0
TXN008753,2465.74,40,429,7,1788.2,0.0822,0.1243,0.0389,0,1,1,14,0
TXN008754,453.1,55,589,22,537.15,0.3401,0.2992,0.4854,0,0,0,18,1
TXN008755,422.56,55,909,5,972.55,0.0875,0.3771,0.0664,0,0,0,15,0
TXN008756,1683.01,28,1564,3,2435.28,0.1623,0.1155,0.1117,0,0,0,10,0
TXN008757,1119.99,55,136,5,1160.55,0.1919,0.1184,0.1992,0,0,0,8,0
TXN008758,3185.43,64,268,2,2372.61,0.1323,0.2076,0.0882,0,0,0,10,0
TXN008759,1976.34,29,21,8,2722.99,0.1401,0.3291,0.2113,0,0,1,23,1
TXN008760,272.39,19,150,4,320.58,0.1821,0.2116,0.0608,0,0,0,9,0
TXN008761,244.77,67,381,5,238.8,0.1121,0.2147,0.2939,0,0,0,17,0
TXN008762,1613.05,45,617,2,2473.69,0.2729,0.1111,0.362,0,0,0,14,0
TXN008763,2419.28,58,497,1,2544.49,0.0725,0.0685,0.0595,0,0,0,5,0
TXN008764,1696.94,34,51,6,1312.4,0.3524,0.363,0.0376,0,0,0,4,0
TXN008765,751.43,33,14,2,1443.1,0.0432,0.3401,0.2908,0,1,0,23,0
TXN008766,2425.24,29,1081,10,2049.05,0.1294,0.2514,0.1194,0,0,1,23,0
TXN008767,1110.34,29,264,2,2022.49,0.3575,0.2235,0.2463,0,0,0,2,0
TXN008768,491.97,42,217,5,886.31,0.0438,0.3265,0.1682,0,1,0,17,0
TXN008769,1487.06,23,161,1,2141.14,0.2957,0.0973,0.279,0,0,0,4,0
TXN008770,1823.38,61,188,1,860.46,0.1795,0.115,0.4403,1,0,0,15,0
TXN008771,506.3,44,176,1,1300.48,0.0735,0.1472,0.1019,0,0,0,23,0
TXN008772,977.35,65,592,4,1261.45,0.0593,0.1237,0.249,0,0,1,10,0
TXN008773,592.2,44,194,3,600.88,0.0754,0.0827,0.0643,0,0,0,21,0
TXN008774,1238.75,33,524,4,651.91,0.0398,0.1436,0.201,0,0,0,0,0
TXN008775,15294.44,44,250,2,5238.95,0.1585,0.2478,0.095,0,0,0,23,0
TXN008776,465.71,26,507,3,587.38,0.3196,0.2387,0.1693,0,1,0,14,0
TXN008777,1911.45,60,635,23,1420.79,0.0513,0.3042,0.0664,0,0,0,13,1
TXN008778,1562.21,55,848,5,1645.6,0.2265,0.1471,0.4894,0,0,1,12,0
TXN008779,998.76,25,1386,3,1055.79,0.3422,0.2088,0.3253,0,0,0,23,0
TXN008780,2039.26,48,730,0,1754.68,0.4183,0.1199,0.2391,0,0,0,16,0
TXN008781,577.25,45,1030,21,1380.62,0.1645,0.2775,0.2362,0,0,0,20,1
TXN008782,580.85,28,99,1,596.35,0.206,0.1758,0.0167,0,0,0,3,0
TXN008783,2046.1,24,178,2,1596.82,0.1915,0.0694,0.2463,0,0,0,6,0
TXN008784,466.77,57,44,4,748.97,0.1736,0.4221,0.1112,0,0,0,15,0
TXN008785,4769.72,31,48,1,3708.82,0.4062,0.1882,0.39,0,0,0,16,0
TXN008786,572.34,44,449,2,1480.87,0.2128,0.0363,0.0992,0,0,0,16,0
TXN008787,707.23,30,83,3,671.75,0.1083,0.2611,0.2128,0,0,0,0,0
TXN008788,2915.51,51,264,4,1393.54,0.2035,0.2049,0.2486,0,0,0,7,0
TXN008789,508.96,20,515,2,573.98,0.1744,0.1684,0.1144,0,0,0,11,0
TXN008790,766.97,36,489,6,1313.49,0.1723,0.0719,0.2208,0,0,0,16,0
TXN008791,427.6,46,32,2,936.37,0.0067,0.0847,0.0654,0,0,0,11,0
TXN008792,762.02,40,9,3,614.73,0.4717,0.1683,0.1734,0,0,0,19,0
TXN008793,1015.16,49,157,2,609.35,0.0697,0.0484,0.0598,0,0,0,13,0
TXN008794,5846.52,27,1302,0,6029.71,0.2269,0.1539,0.2289,1,0,0,1,0
TXN008795,905.91,40,15,2,1169.08,0.1437,0.0161,0.2992,0,0,0,2,1
TXN008796,280.28,57,45,2,810.61,0.1051,0.1604,0.3891,0,0,0,18,0
TXN008797,768.76,35,238,3,718.06,0.4078,0.1,0.1057,1,1,0,12,0
TXN008798,1043.9,26,105,24,1525.1,0.1046,0.2072,0.2162,0,0,0,17,1
TXN008799,495.51,62,132,1,701.38,0.3788,0.1989,0.1164,0,0,0,17,0
TXN008800,1239.91,58,259,3,509.67,0.2417,0.124,0.2457,0,1,0,4,0
TXN008801,397.99,53,1606,4,1072.03,0.3138,0.2859,0.1943,0,0,0,0,0
TXN008802,426.13,59,570,23,1066.38,0.4959,0.4968,0.2229,0,1,0,14,1
TXN008803,930.11,58,2,4,818.99,0.1945,0.2199,0.2453,0,0,0,11,0
TXN008804,475.41,56,227,5,587.63,0.1908,0.2606,0.3875,0,1,0,4,1
TXN008805,627.02,44,411,6,834.07,0.1236,0.6176,0.2712,0,0,0,20,1
TXN008806,917.1,19,150,3,789.38,0.1695,0.16,0.2875,0,0,0,8,1
TXN008807,824.6,49,1304,4,716.33,0.0826,0.1364,0.076,0,0,0,8,0
TXN008808,779.03,32,537,5,1330.82,0.0195,0.0774,0.1056,1,0,0,1,0
TXN008809,3762.83,58,82,4,5210.13,0.2951,0.5479,0.3531,0,0,0,3,0
TXN008810,2862.62,42,17,3,2785.65,0.1757,0.106,0.208,0,0,0,6,0
TXN008811,4680.85,65,207,4,4269.89,0.2253,0.1428,0.0784,1,0,0,19,0
TXN008812,961.41,48,750,4,737.02,0.2072,0.1278,0.1879,0,1,0,21,0
TXN008813,2569.69,46,414,3,3541.42,0.2885,0.3346,0.0801,0,0,0,8,0
TXN008814,1556.15,65,63,13,1285.74,0.1134,0.4998,0.1829,0,1,0,19,0
TXN008815,3689.13,42,1292,4,2187.37,0.0169,0.1515,0.0958,0,0,0,16,0
TXN008816,1550.24,37,30,1,1510.8,0.1378,0.3018,0.1637,0,0,1,14,0
TXN008817,814.97,37,352,3,862.39,0.3353,0.2525,0.2525,0,0,0,8,0
TXN008818,1594.16,63,402,20,1814.65,0.1524,0.3205,0.0512,0,0,0,7,1
TXN008819,1096.51,57,1318,1,1539.87,0.1847,0.1277,0.4318,0,1,0,2,0
TXN008820,189.88,26,140,3,318.07,0.2079,0.0059,0.3307,1,0,0,12,0
TXN008821,853.32,43,457,14,1005.37,0.4783,0.4915,0.2754,0,0,0,10,1
TXN008822,2587.95,37,163,5,2019.66,0.1456,0.2946,0.1635,0,0,0,7,1
TXN008823,816.61,51,377,1,1331.68,0.2096,0.074,0.2918,0,0,0,23,0
TXN008824,1461.41,20,21,1,1523.29,0.2564,0.3288,0.1637,0,0,0,12,0
TXN008825,583.31,55,470,7,648.07,0.1835,0.1342,0.1109,0,0,0,23,0
TXN008826,3488.2,56,19,5,1312.05,0.1773,0.2068,0.3831,0,0,0,23,0
TXN008827,1525.52,29,245,2,1025.12,0.2586,0.4275,0.0414,0,0,0,22,0
TXN008828,1402.75,25,92,1,951.07,0.1559,0.0697,0.0851,0,0,0,17,0
TXN008829,1130.65,50,809,4,681.65,0.0934,0.3227,0.0312,0,0,0,13,1
TXN008830,1541.13,31,90,2,2080.58,0.2604,0.189,0.2343,0,0,0,0,0
TXN008831,2978.11,66,141,3,1396.64,0.5144,0.2668,0.1,0,0,0,14,0
TXN008832,1420.45,58,383,7,1301.38,0.3456,0.117,0.1417,0,0,0,11,0
TXN008833,4496.18,67,351,4,4608.0,0.2755,0.1099,0.1693,0,0,0,17,1
TXN008834,783.33,45,415,1,1527.92,0.3484,0.098,0.2456,1,1,0,13,0
TXN008835,2037.46,66,114,3,2541.09,0.3398,0.177,0.4339,0,0,0,16,0
TXN008836,502.6,18,685,4,1327.5,0.2486,0.0991,0.1798,0,0,0,10,0
TXN008837,747.16,33,751,0,856.44,0.1077,0.34,0.1921,0,0,0,19,0
TXN008838,380.56,18,249,1,522.49,0.3466,0.2353,0.0972,0,0,1,4,0
TXN008839,1043.02,53,382,6,1298.51,0.0571,0.2714,0.3035,0,0,0,8,0
TXN008840,79.3,44,1196,1,169.96,0.0173,0.1084,0.1846,0,0,1,6,0
TXN008841,1954.15,32,456,14,1327.07,0.1663,0.4826,0.2256,0,1,0,8,1
TXN008842,1894.43,33,298,2,1367.55,0.2087,0.1555,0.352,0,0,0,9,0
TXN008843,2385.3,51,189,5,941.72,0.4369,0.2897,0.0631,0,0,0,5,0
TXN008844,2563.56,27,453,9,1027.97,0.2673,0.3381,0.2497,0,0,0,20,1
TXN008845,497.75,44,429,2,456.77,0.5093,0.3934,0.0781,0,0,0,21,0
TXN008846,5078.62,49,1160,6,2892.63,0.1077,0.1528,0.3242,0,0,0,13,0
TXN008847,999.89,30,72,3,866.03,0.0655,0.1897,0.0982,0,0,0,15,0
TXN008848,439.0,29,132,4,555.31,0.0915,0.5145,0.0626,0,0,0,12,0
TXN008849,1377.87,36,174,1,1605.62,0.1532,0.1887,0.139,0,0,0,18,0
TXN008850,1684.01,48,33,2,1185.04,0.0184,0.2942,0.289,0,0,0,1,0
TXN008851,8083.04,31,1430,7,853.35,0.4453,0.1039,0.0813,1,0,0,17,1
TXN008852,1505.62,37,900,4,792.49,0.1999,0.4549,0.0798,0,0,0,23,0
TXN008853,1250.85,46,991,4,1092.31,0.1163,0.4242,0.1026,0,1,0,16,0
TXN008854,3670.77,27,488,2,2813.18,0.0369,0.3629,0.1865,0,0,0,14,0
TXN008855,1978.04,47,461,1,1523.37,0.1667,0.0801,0.2308,0,0,0,22,0
TXN008856,1018.67,25,607,3,1070.54,0.067,0.309,0.2441,0,0,0,10,0
TXN008857,3019.25,25,226,6,1991.62,0.1078,0.158,0.1559,0,0,0,2,0
TXN008858,1026.35,30,117,3,1117.97,0.2094,0.0906,0.1892,0,0,0,19,0
TXN008859,832.77,32,481,5,1452.57,0.1759,0.1399,0.2393,1,0,0,2,1
TXN008860,1588.75,19,397,5,1219.0,0.2789,0.2968,0.0397,0,0,0,12,0
TXN008861,2324.55,68,1091,16,1657.14,0.1667,0.3327,0.1255,1,1,0,6,0
TXN008862,741.67,34,158,4,803.6,0.1454,0.3089,0.1513,0,0,0,3,0
TXN008863,585.74,59,55,5,493.96,0.3066,0.2242,0.1565,0,0,0,8,1
TXN008864,3509.69,64,1100,4,2068.94,0.1622,0.3067,0.098,0,0,0,10,0
TXN008865,3056.28,59,218,2,3144.62,0.1004,0.1481,0.2012,0,0,0,0,0
TXN008866,399.35,61,730,4,510.65,0.2484,0.4504,0.1723,1,0,0,7,0
TXN008867,841.66,23,405,2,1243.27,0.1627,0.1755,0.3193,0,0,0,7,0
TXN008868,696.6,37,288,3,800.94,0.2067,0.1282,0.1757,0,0,0,5,1
TXN008869,4734.14,56,248,2,2035.23,0.1868,0.2246,0.0553,0,0,0,2,0
TXN008870,1168.59,47,1726,2,1303.3,0.2632,0.366,0.3158,0,1,0,1,1
TXN008871,13724.37,18,788,2,11262.46,0.3491,0.1722,0.0629,0,0,0,2,0
TXN008872,742.88,47,606,16,888.02,0.2274,0.1828,0.2405,0,0,0,21,0
TXN008873,2566.96,59,180,4,3216.68,0.4501,0.1029,0.3365,0,0,0,6,0
TXN008874,2123.08,61,290,6,3443.49,0.1746,0.1023,0.0866,0,1,1,20,0
TXN008875,1683.57,37,222,4,1593.23,0.1462,0.1028,0.2134,0,1,0,1,0
TXN008876,846.88,30,1641,1,1125.47,0.2521,0.1387,0.0398,0,1,0,16,0
TXN008877,2361.14,34,1438,2,1171.91,0.26,0.2942,0.2132,1,0,0,22,0
TXN008878,1041.08,33,476,3,1104.49,0.1392,0.2567,0.3069,0,0,1,7,0
TXN008879,2365.67,36,1316,2,2424.33,0.05,0.0892,0.2102,0,1,0,5,0
TXN008880,539.18,33,159,0,595.35,0.1813,0.2382,0.1281,0,0,0,5,0
TXN008881,1201.58,41,560,5,979.76,0.2639,0.1905,0.1792,0,0,0,3,0
TXN008882,2043.6,20,545,5,900.07,0.348,0.0816,0.2342,1,1,0,6,0
TXN008883,184.89,32,329,2,327.56,0.17,0.2309,0.113,0,0,0,22,0
TXN008884,2330.96,34,180,3,2000.68,0.2266,0.1298,0.1843,0,0,1,3,1
TXN008885,973.81,25,921,0,2307.79,0.2559,0.1472,0.0216,0,0,1,6,0
TXN008886,1378.58,63,811,3,703.49,0.3555,0.226,0.2198,0,0,0,0,0
TXN008887,2125.19,53,255,2,2255.42,0.2384,0.0976,0.2819,0,0,0,22,0
TXN008888,159.05,65,97,4,361.93,0.0855,0.1417,0.0328,0,0,0,11,0
TXN008889,552.85,47,196,2,1115.18,0.2394,0.0262,0.1837,0,0,0,14,0
TXN008890,1570.67,23,930,3,1003.87,0.4493,0.0487,0.1545,1,0,0,9,0
TXN008891,466.79,65,629,2,1166.1,0.1954,0.2351,0.2465,0,0,0,1,0
TXN008892,1354.03,41,163,5,1161.86,0.2615,0.1648,0.1176,0,0,0,12,0
TXN008893,820.87,53,509,4,1039.06,0.5639,0.4756,0.2114,0,0,0,23,0
TXN008894,751.03,37,49,3,835.94,0.1921,0.3892,0.2235,0,0,0,0,0
TXN008895,701.55,43,555,13,1016.28,0.117,0.0632,0.0401,0,1,0,21,1
TXN008896,1686.12,43,216,20,2847.67,0.1715,0.1178,0.1095,0,0,1,0,1
TXN008897,559.37,32,554,4,731.35,0.3722,0.182,0.102,0,0,0,12,0
TXN008898,7283.17,46,525,1,5317.39,0.1241,0.2789,0.137,0,0,0,2,0
TXN008899,598.52,56,68,6,703.02,0.083,0.0159,0.2251,0,0,0,15,0
TXN008900,1635.53,19,650,3,1297.3,0.2513,0.0597,0.0181,0,0,0,1,0
TXN008901,1431.69,24,311,7,1635.73,0.3097,0.0739,0.2035,0,0,0,5,0
TXN008902,1251.32,61,1906,1,894.06,0.0115,0.1752,0.1877,0,0,0,22,0
TXN008903,3625.95,47,484,3,2886.08,0.2408,0.3521,0.5144,1,0,0,20,0
TXN008904,1193.03,68,332,7,1606.24,0.1894,0.0938,0.0886,0,0,0,19,0
TXN008905,562.31,49,148,3,950.1,0.1907,0.2137,0.1064,0,0,0,10,0
TXN008906,4843.99,51,370,3,2863.74,0.0519,0.3369,0.1126,0,0,0,0,0
TXN008907,344.4,64,122,2,538.7,0.1267,0.2913,0.0868,0,0,0,5,0
TXN008908,972.23,52,487,6,738.16,0.2075,0.1248,0.1482,0,0,1,7,0
TXN008909,1653.91,35,690,2,1625.87,0.1242,0.1735,0.1809,0,0,0,15,0
TXN008910,1489.72,45,484,5,1921.82,0.249,0.4603,0.1271,0,0,0,21,0
TXN008911,1740.7,30,987,3,1374.49,0.3381,0.4933,0.2212,0,0,0,17,0
TXN008912,2128.77,35,51,2,1003.22,0.2795,0.0971,0.5988,1,0,0,1,0
TXN008913,1297.27,53,79,2,919.65,0.1436,0.1546,0.1603,0,0,0,3,0
TXN008914,2599.54,25,1032,4,2421.11,0.3604,0.0265,0.0781,0,0,0,8,0
TXN008915,3165.58,52,10,3,1297.61,0.0551,0.0746,0.0289,0,0,0,0,0
TXN008916,237.12,48,86,6,595.52,0.2525,0.2361,0.2583,0,0,0,17,0
TXN008917,310.24,34,610,3,571.96,0.1281,0.0404,0.0813,0,1,0,11,1
TXN008918,2450.32,20,379,1,3163.46,0.0868,0.0859,0.0544,0,0,1,4,0
TXN008919,1447.36,54,51,27,663.06,0.0329,0.1885,0.5134,0,0,0,8,1
TXN008920,2229.37,60,32,28,1327.31,0.3181,0.2101,0.1902,0,0,0,10,1
TXN008921,1098.47,55,101,3,2823.22,0.1611,0.1825,0.0839,0,0,0,20,0
TXN008922,1260.76,39,144,1,1602.75,0.386,0.1169,0.3978,0,0,0,3,0
TXN008923,311.55,51,816,3,645.26,0.0193,0.3159,0.1123,0,0,0,15,0
TXN008924,526.77,39,468,1,538.62,0.3049,0.1889,0.1745,0,0,0,1,0
TXN008925,6667.03,36,367,4,4059.93,0.0155,0.0757,0.1049,0,0,0,22,0
TXN008926,904.87,35,19,1,529.1,0.0251,0.0432,0.067,0,0,0,16,0
TXN008927,862.74,28,213,4,744.5,0.1824,0.3066,0.0816,0,0,0,12,0
TXN008928,1126.64,68,499,3,1423.33,0.1598,0.2717,0.1684,0,0,0,11,0
TXN008929,892.76,52,736,1,940.85,0.3181,0.1975,0.153,0,0,0,4,0
TXN008930,2386.22,27,430,3,1638.71,0.29,0.2792,0.3955,0,0,0,20,0
TXN008931,1427.35,62,253,4,392.51,0.0816,0.1901,0.1026,0,0,0,14,0
TXN008932,493.2,25,1080,0,946.45,0.2196,0.1051,0.0599,0,0,1,4,0
TXN008933,4222.78,48,20,2,1762.31,0.1831,0.1133,0.1696,1,0,1,18,0
TXN008934,2020.26,26,468,0,1766.49,0.0936,0.306,0.2424,0,0,0,3,0
TXN008935,1153.35,36,405,3,734.57,0.2052,0.1858,0.524,0,0,0,1,0
TXN008936,593.86,52,342,4,536.36,0.2948,0.1719,0.0829,0,1,0,1,0
TXN008937,2757.02,69,221,6,1273.6,0.2638,0.0837,0.2243,0,0,0,18,0
TXN008938,524.58,69,287,2,437.59,0.3342,0.2225,0.1718,0,0,0,1,0
TXN008939,1885.92,64,229,1,2694.56,0.4632,0.0564,0.4497,0,0,0,18,0
TXN008940,1568.3,30,171,0,1224.38,0.2013,0.0915,0.1069,0,0,0,21,0
TXN008941,1251.32,22,252,3,673.33,0.0749,0.5416,0.0575,0,0,1,19,0
TXN008942,524.25,65,819,1,524.19,0.2294,0.4203,0.1039,0,1,0,13,0
TXN008943,225.0,66,221,3,704.06,0.1757,0.017,0.3031,0,0,0,23,0
TXN008944,344.96,32,404,1,367.47,0.2353,0.2962,0.289,0,0,0,12,0
TXN008945,1636.43,18,176,1,1550.52,0.0816,0.2992,0.3091,0,0,0,19,0
TXN008946,609.9,51,10,1,625.16,0.2152,0.2398,0.2806,0,0,0,0,1
TXN008947,1104.62,21,125,3,1450.65,0.1034,0.287,0.2356,1,1,0,20,0
TXN008948,3307.48,20,50,1,1597.64,0.0405,0.1616,0.1747,0,0,0,13,0
TXN008949,584.68,66,197,3,2156.41,0.2213,0.2008,0.3761,0,0,0,7,0
TXN008950,1377.44,43,36,5,1308.05,0.3052,0.0081,0.0722,0,0,0,16,0
TXN008951,2558.19,23,424,4,2410.68,0.2047,0.1245,0.311,0,0,0,0,0
TXN008952,9158.58,52,424,5,2893.66,0.2103,0.1301,0.4609,0,0,0,14,0
TXN008953,1303.5,37,224,2,1313.89,0.055,0.4491,0.2622,0,0,0,20,0
TXN008954,1751.21,45,11,4,1370.55,0.0757,0.1971,0.0982,0,0,0,20,0
TXN008955,795.15,64,764,2,742.31,0.3131,0.3353,0.3505,0,0,0,12,0
TXN008956,578.59,30,555,4,549.31,0.376,0.2398,0.2196,1,0,0,4,0
TXN008957,7094.53,51,201,2,2690.42,0.2258,0.1733,0.2132,1,0,0,11,0
TXN008958,909.24,61,1125,3,1675.76,0.1263,0.1123,0.5419,0,1,0,13,0
TXN008959,1228.83,40,11,2,1773.62,0.1995,0.1465,0.2315,0,0,0,20,0
TXN008960,1098.06,68,202,5,725.24,0.0887,0.2412,0.3245,0,0,0,16,0
TXN008961,3936.34,41,177,1,3417.78,0.1151,0.3599,0.2157,0,0,0,5,0
TXN008962,799.67,41,1,4,934.46,0.0892,0.3631,0.065,0,0,0,8,0
TXN008963,601.79,63,344,2,625.6,0.1678,0.2983,0.3678,0,0,0,14,0
TXN008964,1213.28,51,496,3,733.94,0.1552,0.2272,0.1853,0,0,0,17,0
TXN008965,4301.13,63,823,2,3293.92,0.1622,0.1544,0.4579,0,0,0,7,0
TXN008966,340.41,59,643,3,503.84,0.0554,0.2045,0.0157,0,0,0,4,1
TXN008967,738.77,55,317,2,648.21,0.1849,0.155,0.0988,0,0,0,23,0
TXN008968,8115.78,30,97,0,8341.15,0.2323,0.1979,0.298,0,0,0,15,0
TXN008969,2744.79,38,46,3,2119.06,0.083,0.1405,0.181,0,0,0,5,0
TXN008970,550.19,62,745,0,656.46,0.2253,0.0535,0.3026,0,0,0,1,0
TXN008971,264.65,50,844,7,514.39,0.2225,0.0227,0.0455,0,1,0,4,0
TXN008972,492.22,32,630,5,340.06,0.0728,0.1749,0.4777,1,0,0,6,0
TXN008973,1587.19,35,1225,4,1173.77,0.1702,0.2283,0.1773,0,0,0,1,0
TXN008974,3975.99,58,1159,2,1825.51,0.1764,0.0768,0.0957,0,0,0,2,0
TXN008975,1539.53,27,759,4,3175.3,0.1595,0.0626,0.0948,0,0,0,3,0
TXN008976,280.2,23,643,1,291.26,0.1054,0.4561,0.2942,0,0,0,16,0
TXN008977,382.04,57,1018,2,433.65,0.0575,0.0423,0.0476,0,0,0,3,0
TXN008978,811.1,32,330,3,1008.6,0.0878,0.4224,0.3108,0,1,0,6,0
TXN008979,3307.04,57,149,2,7718.45,0.4264,0.0729,0.1073,1,0,0,13,0
TXN008980,1134.19,45,149,1,2038.83,0.3568,0.2747,0.0533,0,0,0,4,0
TXN008981,1652.01,69,665,20,1423.62,0.16,0.1521,0.219,0,0,0,23,0
TXN008982,353.43,45,687,5,465.24,0.1297,0.2003,0.1471,1,0,0,12,1
TXN008983,157.82,63,222,2,248.64,0.3659,0.0978,0.2619,1,0,0,2,0
TXN008984,2474.79,62,104,6,1126.87,0.1744,0.3855,0.2744,0,0,0,10,0
TXN008985,3774.37,29,1022,21,1022.95,0.1181,0.1738,0.2083,0,0,0,22,1
TXN008986,881.39,69,1133,3,909.17,0.0323,0.4077,0.1434,0,0,0,2,0
TXN008987,367.79,56,258,4,840.25,0.0683,0.1477,0.2692,0,0,0,11,0
TXN008988,807.69,23,215,1,649.47,0.1905,0.0234,0.1363,0,0,0,3,0
TXN008989,175.69,18,289,0,553.16,0.1481,0.1428,0.0617,0,0,0,8,0
TXN008990,1380.31,32,34,23,2900.55,0.1596,0.1472,0.3302,0,0,0,4,1
TXN008991,740.21,18,684,3,589.59,0.1953,0.1291,0.1858,0,0,0,4,0
TXN008992,422.27,36,122,1,903.88,0.1948,0.0341,0.1831,1,0,0,4,0
TXN008993,906.71,69,591,1,1067.04,0.044,0.1528,0.3185,0,1,0,8,0
TXN008994,795.05,42,254,6,1797.94,0.3477,0.132,0.3079,0,0,0,5,0
TXN008995,623.07,19,664,3,604.09,0.1834,0.3034,0.0389,1,0,0,12,0
TXN008996,4033.66,43,195,4,2174.7,0.1254,0.3612,0.0499,1,0,0,5,0
TXN008997,521.74,29,267,3,730.87,0.297,0.2109,0.1302,0,0,0,3,1
TXN008998,968.74,62,484,2,979.14,0.1806,0.0881,0.2209,0,0,0,3,0
TXN008999,2211.56,22,41,5,3463.96,0.4518,0.2361,0.1148,0,1,0,7,0
TXN009000,369.21,58,483,25,556.43,0.1039,0.3552,0.3366,0,0,1,2,1
TXN009001,1149.84,41,53,4,1816.44,0.0547,0.0433,0.0785,0,0,0,23,0
TXN009002,3413.49,18,253,1,2215.49,0.1786,0.1579,0.2867,0,0,0,15,0
TXN009003,626.1,53,591,2,1362.3,0.2794,0.217,0.1238,0,0,0,16,0
TXN009004,841.52,41,373,3,1010.02,0.1054,0.1322,0.3473,0,0,0,4,0
TXN009005,6083.84,58,288,4,4856.11,0.2266,0.0926,0.1938,0,0,0,7,0
TXN009006,1791.3,50,278,5,1086.06,0.2365,0.202,0.0782,0,1,0,7,0
TXN009007,1611.93,58,353,4,1265.03,0.1462,0.3103,0.2643,0,0,0,23,0
TXN009008,832.54,41,451,3,866.47,0.1626,0.1415,0.0653,0,1,0,5,0
TXN009009,891.47,18,86,2,1218.96,0.0936,0.1074,0.351,0,0,0,10,0
TXN009010,3582.47,24,764,1,2153.57,0.1252,0.236,0.2254,0,0,0,12,1
TXN009011,561.33,41,565,5,904.41,0.2072,0.2162,0.1594,1,0,0,7,0
TXN009012,156.85,38,325,1,250.64,0.1231,0.1618,0.1504,0,0,0,21,0
TXN009013,3305.6,59,32,27,1571.05,0.1576,0.1805,0.1726,0,0,0,13,1
TXN009014,628.48,39,140,2,515.51,0.2406,0.1177,0.0909,0,0,0,17,0
TXN009015,2291.35,62,1344,4,1843.3,0.0646,0.1085,0.1711,0,0,0,2,1
TXN009016,1522.75,27,303,0,1095.62,0.3055,0.1542,0.0955,1,0,0,5,0
TXN009017,2014.26,38,934,2,2122.13,0.1432,0.1301,0.1081,1,0,0,20,0
TXN009018,256.06,57,148,3,564.62,0.3253,0.4038,0.2244,0,0,0,9,0
TXN009019,865.66,24,456,4,753.96,0.033,0.5507,0.0797,0,0,0,22,0
TXN009020,855.72,34,237,3,864.35,0.0838,0.379,0.1218,0,0,1,23,0
TXN009021,242.24,57,319,2,388.54,0.1386,0.1135,0.0617,0,0,0,2,0
TXN009022,1311.62,48,734,1,2387.48,0.2111,0.1785,0.4725,0,0,0,17,0
TXN009023,342.62,58,553,2,351.5,0.2242,0.1661,0.08,0,0,0,19,0
TXN009024,1120.28,44,304,4,2364.02,0.3827,0.1292,0.1665,0,0,0,2,0
TXN009025,1364.04,62,2129,4,1475.98,0.4444,0.3392,0.0371,0,0,0,23,0
TXN009026,825.15,63,406,2,954.12,0.2777,0.1451,0.421,0,0,0,17,0
TXN009027,1307.73,68,245,2,1396.3,0.3383,0.0182,0.2906,0,0,0,13,0
TXN009028,1709.36,24,1221,4,1369.79,0.2074,0.09,0.0539,0,0,0,1,0
TXN009029,1166.51,48,377,2,828.57,0.0733,0.2565,0.034,0,1,0,13,0
TXN009030,913.59,23,176,2,1351.14,0.5075,0.1555,0.0778,0,0,0,22,0
TXN009031,2951.93,29,1375,19,1829.56,0.0574,0.267,0.229,0,0,0,5,1
TXN009032,501.73,33,146,3,566.07,0.044,0.0662,0.0656,0,0,0,18,0
TXN009033,3665.25,51,157,1,1397.36,0.1549,0.1621,0.2536,0,0,1,18,0
TXN009034,126.42,40,152,2,174.44,0.0439,0.2156,0.274,1,0,0,21,0
TXN009035,117.1,62,30,2,284.09,0.2174,0.0418,0.0378,0,0,0,4,0
TXN009036,2575.17,33,57,1,1628.1,0.1289,0.1707,0.0442,0,0,1,19,0
TXN009037,1034.44,50,72,4,818.54,0.3774,0.4819,0.0597,0,0,0,10,0
TXN009038,1168.54,57,37,3,603.41,0.1382,0.1332,0.0501,0,0,0,12,0
TXN009039,1252.86,68,265,1,1056.67,0.16,0.111,0.1554,0,0,1,12,0
TXN009040,3010.43,30,651,1,831.17,0.0909,0.0997,0.1871,0,0,0,23,0
TXN009041,494.77,56,66,3,548.93,0.1088,0.1851,0.2923,0,0,0,9,0
TXN009042,619.02,22,125,3,348.16,0.2474,0.227,0.0848,0,0,1,0,1
TXN009043,207.12,46,1103,4,276.52,0.0303,0.2723,0.1013,0,0,0,15,0
TXN009044,2410.6,39,241,1,1839.33,0.3906,0.1472,0.1903,0,0,0,21,0
TXN009045,1184.6,67,49,3,815.87,0.3889,0.3179,0.0751,0,0,0,12,0
TXN009046,3417.26,58,219,5,2161.77,0.0821,0.199,0.2351,0,0,0,0,0
TXN009047,1241.56,66,1338,0,810.09,0.0294,0.208,0.3538,0,0,0,16,0
TXN009048,237.05,62,388,3,1405.96,0.0351,0.1237,0.2715,0,0,1,9,0
TXN009049,967.24,39,1,2,1004.47,0.2484,0.4105,0.1176,0,0,0,0,0
TXN009050,824.52,56,2066,20,1131.29,0.0256,0.3061,0.043,1,0,0,5,0
TXN009051,950.79,19,1295,3,1170.43,0.1942,0.3329,0.1144,0,0,0,2,0
TXN009052,686.86,47,796,2,802.72,0.5622,0.2448,0.1014,0,1,1,1,0
TXN009053,793.84,20,2,1,463.71,0.2624,0.0833,0.1228,0,0,0,0,0
TXN009054,2095.84,55,456,4,1874.87,0.1197,0.248,0.2433,0,0,0,3,0
TXN009055,2530.94,68,2242,4,3345.87,0.338,0.1234,0.3997,0,0,0,6,1
TXN009056,1562.29,53,27,8,3503.27,0.3987,0.118,0.2235,0,0,0,11,1
TXN009057,1730.03,61,1316,4,744.5,0.3253,0.0726,0.2247,0,0,0,18,0
TXN009058,459.78,30,701,7,656.41,0.441,0.2801,0.2272,1,0,0,9,0
TXN009059,692.37,69,171,6,743.97,0.4717,0.0979,0.027,0,0,0,15,0
TXN009060,3144.13,46,786,8,969.63,0.1503,0.0272,0.0541,0,1,0,1,1
TXN009061,751.61,53,27,2,1057.09,0.0746,0.1078,0.3203,0,0,0,5,1
TXN009062,468.64,58,156,4,545.36,0.0287,0.1914,0.2907,0,0,0,19,0
TXN009063,442.25,51,22,1,389.24,0.266,0.1136,0.1923,0,0,0,14,0
TXN009064,469.51,34,195,3,1135.65,0.082,0.2324,0.1794,0,0,0,7,0
TXN009065,50.0,49,513,4,100.0,0.2385,0.3137,0.1288,0,0,0,4,0
TXN009066,784.19,52,896,4,1022.02,0.2825,0.1224,0.1533,1,0,0,15,0
TXN009067,442.67,62,1093,2,566.05,0.1212,0.2428,0.1298,0,1,0,13,0
TXN009068,2038.42,43,726,5,1893.36,0.286,0.2074,0.2152,0,0,0,20,0
TXN009069,1333.35,44,1195,6,2283.23,0.1216,0.2252,0.2785,0,0,0,16,0
TXN009070,2947.05,44,1190,8,2321.28,0.0815,0.1195,0.1787,1,0,1,4,1
TXN009071,262.77,23,382,4,860.48,0.2249,0.0357,0.1512,0,0,0,6,0
TXN009072,476.63,22,166,2,495.42,0.633,0.3177,0.2593,0,1,0,4,0
TXN009073,755.88,19,1934,3,620.04,0.3495,0.1307,0.0456,0,0,0,2,0
TXN009074,1606.75,52,69,1,1341.21,0.5818,0.4239,0.1504,0,0,0,2,0
TXN009075,316.83,39,254,26,346.5,0.1125,0.222,0.1612,0,0,0,12,1
TXN009076,2022.92,63,316,4,2908.77,0.3586,0.1109,0.0263,1,0,0,20,0
TXN009077,782.92,54,348,4,870.06,0.2826,0.365,0.4602,0,0,0,12,1
TXN009078,3068.06,25,275,7,1556.39,0.1896,0.2172,0.2219,0,0,0,11,1
TXN009079,226.62,23,953,3,315.14,0.2698,0.3939,0.0456,0,0,0,8,0
TXN009080,982.18,37,329,3,573.53,0.5801,0.2937,0.0344,0,0,0,23,0
TXN009081,539.97,65,649,4,288.88,0.4393,0.1408,0.0806,0,1,0,16,0
TXN009082,862.72,20,64,3,2241.35,0.2012,0.1919,0.0836,0,1,0,23,0
TXN009083,913.58,27,2062,2,980.3,0.3467,0.1395,0.183,1,0,1,21,1
TXN009084,955.42,19,218,5,1635.84,0.0544,0.3664,0.1537,1,0,0,13,0
TXN009085,501.89,39,65,1,1146.41,0.169,0.2151,0.2697,0,0,0,7,0
TXN009086,2353.24,69,436,5,1522.23,0.3705,0.0733,0.3261,0,0,0,2,0
TXN009087,1123.4,53,218,3,865.92,0.1519,0.2692,0.3127,1,0,0,12,0
TXN009088,1099.29,43,926,19,951.0,0.1483,0.2043,0.4817,0,0,0,0,1
TXN009089,566.1,25,239,2,1028.43,0.289,0.2382,0.1431,0,0,0,21,0
TXN009090,1635.49,36,41,1,1456.72,0.1867,0.1372,0.287,0,0,0,14,0
TXN009091,721.79,45,1480,14,1483.98,0.2806,0.0934,0.3375,0,0,0,5,0
TXN009092,8188.61,32,143,5,7847.94,0.0743,0.2656,0.2423,0,0,0,21,0
TXN009093,2473.2,54,192,10,3558.6,0.0945,0.3549,0.0629,0,0,0,11,1
TXN009094,562.73,68,325,0,315.72,0.1724,0.0886,0.1625,0,0,0,4,0
TXN009095,812.48,28,209,3,992.1,0.1349,0.2496,0.201,0,0,0,7,0
TXN009096,937.35,31,161,3,825.4,0.3506,0.1947,0.2848,0,0,0,0,0
TXN009097,3054.72,24,105,22,2686.76,0.2355,0.4463,0.0972,0,0,0,0,1
TXN009098,843.27,55,108,1,879.17,0.2538,0.1318,0.2394,0,0,0,16,0
TXN009099,1608.3,42,334,1,1517.78,0.3148,0.405,0.3545,0,0,0,7,1
TXN009100,252.43,32,752,5,213.59,0.189,0.1174,0.0653,0,0,0,19,0
TXN009101,232.17,29,109,3,380.12,0.1054,0.5059,0.2757,0,0,1,6,0
TXN009102,5920.77,21,249,21,4743.85,0.087,0.0747,0.1668,0,0,0,20,1
TXN009103,1826.75,42,388,5,1135.89,0.1525,0.0565,0.0928,0,0,0,20,0
TXN009104,678.32,53,1061,2,545.16,0.398,0.2407,0.2947,0,0,1,10,0
TXN009105,1069.79,30,167,3,1299.86,0.1359,0.2752,0.444,0,0,0,9,0
TXN009106,577.54,18,994,6,524.72,0.2603,0.2265,0.3805,0,0,0,10,0
TXN009107,736.25,42,425,6,899.32,0.0348,0.2048,0.2042,1,0,0,23,0
TXN009108,371.62,53,489,2,396.69,0.0689,0.0554,0.0677,0,0,0,18,1
TXN009109,328.54,35,519,26,631.37,0.1062,0.4027,0.1852,0,0,1,0,1
TXN009110,1750.4,31,1062,3,819.39,0.0854,0.2483,0.2693,0,0,0,11,0
TXN009111,6967.47,26,217,1,2403.04,0.4206,0.3247,0.1456,0,0,1,2,0
TXN009112,1030.37,56,1,1,1517.52,0.2946,0.0691,0.1146,0,0,0,1,0
TXN009113,2642.18,62,16,13,1714.65,0.334,0.1285,0.2499,0,0,0,4,1
TXN009114,2401.35,58,1118,4,1077.02,0.0896,0.1746,0.1642,0,1,0,9,0
TXN009115,1152.05,44,22,15,1950.8,0.2782,0.086,0.5577,1,0,0,18,1
TXN009116,181.53,55,235,3,594.99,0.1425,0.3374,0.0806,0,0,0,5,0
TXN009117,1512.24,38,2500,3,656.62,0.0685,0.1861,0.0441,0,0,0,2,0
TXN009118,1450.46,19,674,0,1458.72,0.1626,0.2013,0.7045,0,0,0,20,0
TXN009119,677.82,37,525,3,901.98,0.1484,0.3732,0.2032,1,0,0,10,0
TXN009120,1114.7,54,204,2,1086.06,0.1825,0.0645,0.0743,0,0,0,22,0
TXN009121,798.0,51,416,4,977.6,0.3121,0.1155,0.228,0,0,0,19,0
TXN009122,13428.26,69,388,2,2637.05,0.1344,0.0695,0.0964,0,0,0,21,0
TXN009123,2042.64,69,766,2,2735.0,0.0533,0.4842,0.092,0,0,0,15,0
TXN009124,847.01,30,641,4,707.46,0.2479,0.4492,0.0718,0,0,0,5,0
TXN009125,651.21,18,150,7,319.93,0.139,0.048,0.0997,0,0,0,9,0
TXN009126,1352.94,32,257,1,666.44,0.1477,0.3801,0.0776,0,0,0,19,0
TXN009127,1069.47,63,75,4,585.3,0.3368,0.4952,0.489,1,1,0,19,1
TXN009128,1553.25,60,52,4,1962.99,0.2362,0.3798,0.2685,0,0,0,12,0
TXN009129,1921.18,23,765,5,2088.81,0.414,0.2289,0.1752,0,0,0,21,0
TXN009130,161.14,26,363,4,532.85,0.293,0.1118,0.3741,0,0,0,23,0
TXN009131,620.72,47,354,3,646.68,0.1057,0.2222,0.0204,0,0,0,2,0
TXN009132,396.52,52,883,1,389.43,0.4634,0.3062,0.1805,0,0,0,21,1
TXN009133,1811.69,69,727,4,1204.8,0.1258,0.2296,0.2453,0,0,0,6,0
TXN009134,2852.86,57,387,4,1062.69,0.1974,0.1342,0.0671,0,0,0,1,0
TXN009135,2817.5,29,43,1,1905.28,0.2373,0.2721,0.2575,0,1,0,10,0
TXN009136,2798.52,19,36,4,1553.07,0.1129,0.106,0.0386,0,1,0,19,0
TXN009137,1664.93,50,155,1,1681.0,0.0344,0.0349,0.1825,0,0,0,22,0
TXN009138,755.18,46,328,3,372.63,0.0398,0.0821,0.1912,0,1,0,13,0
TXN009139,711.73,65,1078,5,707.38,0.4314,0.1875,0.0643,0,0,0,9,0
TXN009140,3990.06,47,740,2,2130.75,0.0574,0.1853,0.3772,0,0,0,13,0
TXN009141,1170.83,44,768,2,752.2,0.1729,0.1146,0.153,0,0,0,0,0
TXN009142,435.59,33,57,3,350.97,0.2047,0.3312,0.0818,1,0,0,6,0
TXN009143,827.32,22,23,6,1930.61,0.1316,0.1432,0.175,0,0,0,20,1
TXN009144,1335.76,63,428,6,732.1,0.3224,0.0785,0.2457,0,0,0,12,0
TXN009145,2840.74,60,931,3,2307.33,0.2338,0.0731,0.1755,0,0,0,13,0
TXN009146,1593.24,26,157,1,1082.59,0.0748,0.1011,0.0273,0,0,0,6,0
TXN009147,1073.19,54,215,2,903.2,0.2649,0.099,0.2175,0,0,0,14,0
TXN009148,3720.06,36,659,3,2847.61,0.2943,0.1383,0.0606,0,0,0,0,0
TXN009149,901.0,40,1361,2,440.6,0.1672,0.1529,0.06,0,1,0,0,0
TXN009150,2306.06,62,90,2,2992.77,0.3078,0.2684,0.1272,1,0,0,14,0
TXN009151,906.56,61,2846,10,700.96,0.2033,0.2598,0.1157,0,0,0,8,0
TXN009152,801.17,27,97,3,1228.63,0.168,0.1589,0.161,0,0,0,12,0
TXN009153,1698.41,33,208,0,1236.79,0.2222,0.2084,0.2815,0,0,1,5,0
TXN009154,933.76,60,513,1,813.23,0.0909,0.2108,0.431,0,0,0,15,0
TXN009155,454.63,65,317,4,643.24,0.0178,0.2271,0.0938,0,0,0,20,0
TXN009156,891.26,22,152,1,846.51,0.421,0.1016,0.1827,0,0,0,16,0
TXN009157,394.26,61,312,2,539.05,0.0239,0.4848,0.1928,0,0,0,11,0
TXN009158,3517.38,43,168,6,4330.21,0.0592,0.5115,0.3693,0,1,0,3,0
TXN009159,951.8,48,309,6,783.06,0.2215,0.2265,0.0928,0,0,0,7,0
TXN009160,2860.87,21,957,6,2468.25,0.1677,0.0957,0.2383,0,0,0,11,0
TXN009161,782.71,53,497,2,2250.76,0.2765,0.1176,0.4343,0,0,0,3,0
TXN009162,1733.36,53,472,2,1413.82,0.2808,0.082,0.1554,0,1,0,17,1
TXN009163,844.03,52,144,2,997.27,0.1586,0.2219,0.2253,0,0,0,8,0
TXN009164,1000.02,59,1219,2,1255.95,0.3436,0.0805,0.2915,0,0,0,2,0
TXN009165,880.58,67,1444,2,1636.83,0.3393,0.2282,0.3285,0,0,0,19,0
TXN009166,1147.52,62,322,2,1176.53,0.4084,0.4373,0.3364,0,0,0,17,0
TXN009167,274.68,56,198,4,366.24,0.1469,0.3952,0.3713,1,0,0,19,0
TXN009168,618.7,69,236,1,307.1,0.1334,0.041,0.2038,0,0,0,22,0
TXN009169,1204.84,53,1114,2,3153.57,0.2339,0.368,0.0812,0,0,0,16,0
TXN009170,102.06,52,254,3,173.42,0.1001,0.1024,0.1756,0,0,0,13,0
TXN009171,713.07,46,4,2,1257.62,0.2924,0.2954,0.1616,0,0,0,1,0
TXN009172,1072.53,57,48,3,930.31,0.2731,0.0775,0.7007,0,0,0,6,0
TXN009173,2339.71,21,27,4,1227.29,0.3281,0.0496,0.2444,0,0,0,8,0
TXN009174,651.15,44,434,6,493.75,0.3747,0.2036,0.1446,0,0,0,16,0
TXN009175,767.71,40,878,2,1401.75,0.4486,0.1666,0.301,0,0,0,21,1
TXN009176,1000.38,65,203,8,1266.75,0.3603,0.0497,0.066,0,0,0,9,0
TXN009177,4854.5,21,374,2,7575.75,0.2055,0.0752,0.3885,0,0,0,13,0
TXN009178,1588.01,51,30,1,1201.09,0.5605,0.0861,0.0624,0,0,0,22,0
TXN009179,2200.63,27,456,4,2817.95,0.3041,0.2121,0.3367,1,0,0,1,0
TXN009180,176.6,63,1292,2,384.11,0.1497,0.0245,0.146,0,0,1,6,0
TXN009181,3089.16,62,705,3,2239.63,0.1064,0.1432,0.1678,0,0,0,10,0
TXN009182,2573.92,30,1237,8,1284.84,0.1229,0.2496,0.3717,0,0,0,1,0
TXN009183,1200.56,63,235,3,1324.54,0.3639,0.0796,0.205,0,0,0,7,0
TXN009184,1428.98,43,274,0,1337.42,0.0859,0.0409,0.1433,0,0,1,7,0
TXN009185,1581.25,68,486,5,3620.75,0.1867,0.4701,0.1161,0,0,0,18,1
TXN009186,422.42,55,92,3,1311.04,0.0754,0.2426,0.1575,0,0,0,22,0
TXN009187,229.09,19,1478,2,633.41,0.1254,0.1282,0.1509,0,0,0,7,0
TXN009188,695.23,28,589,5,712.55,0.1636,0.1319,0.1024,0,0,0,13,0
TXN009189,1640.28,38,73,1,1943.0,0.1258,0.032,0.3067,0,0,0,6,0
TXN009190,2025.65,28,200,4,1500.0,0.1225,0.1175,0.1157,0,0,0,9,0
TXN009191,336.96,24,188,2,375.65,0.1433,0.0867,0.2041,1,1,0,3,1
TXN009192,2706.79,68,1019,4,1572.23,0.315,0.2115,0.0601,0,0,0,18,0
TXN009193,830.57,63,1124,2,514.07,0.1534,0.2749,0.1955,1,0,0,16,0
TXN009194,1248.16,40,183,3,1490.37,0.2315,0.2572,0.1943,0,0,0,11,0
TXN009195,359.32,29,842,4,623.98,0.2918,0.2433,0.4047,0,0,0,16,0
TXN009196,313.9,27,151,2,900.51,0.102,0.49,0.1403,0,0,0,8,0
TXN009197,1647.64,65,415,0,748.92,0.1699,0.4766,0.3532,0,0,0,0,0
TXN009198,1890.98,35,60,2,3175.56,0.049,0.2711,0.1411,1,0,0,2,0
TXN009199,637.95,18,1046,4,1452.87,0.0615,0.0694,0.2953,0,0,0,13,0
TXN009200,2847.51,38,192,1,2651.23,0.0824,0.2176,0.0791,0,0,0,21,0
TXN009201,3672.03,41,969,6,8321.92,0.2551,0.2066,0.1409,0,0,0,20,0
TXN009202,1216.38,50,553,1,1133.16,0.0425,0.0922,0.2852,0,0,0,22,0
TXN009203,2608.22,35,183,2,3138.16,0.2802,0.2359,0.1596,0,1,0,3,0
TXN009204,1117.0,65,739,4,672.08,0.062,0.0978,0.2567,1,0,0,2,1
TXN009205,4182.22,51,93,4,2639.68,0.63,0.0618,0.0984,0,0,0,12,0
TXN009206,1143.18,69,489,1,623.12,0.1664,0.1072,0.1357,0,0,0,1,0
TXN009207,1212.64,37,884,3,1082.59,0.1977,0.3014,0.4016,0,0,0,5,0
TXN009208,995.98,51,473,26,1596.89,0.1131,0.4195,0.3438,0,0,0,2,0
TXN009209,1007.95,36,423,17,1782.84,0.2921,0.083,0.3789,0,0,0,10,0
TXN009210,336.07,54,124,3,449.98,0.2386,0.4328,0.1984,0,0,0,23,1
TXN009211,1789.94,56,448,10,597.7,0.1606,0.1843,0.242,0,0,0,21,0
TXN009212,1466.98,34,939,3,1682.46,0.191,0.1322,0.2018,0,0,0,12,0
TXN009213,926.26,66,481,1,847.76,0.0606,0.1516,0.3165,0,0,0,8,0
TXN009214,950.59,62,163,3,412.34,0.3406,0.0962,0.0961,0,0,1,18,0
TXN009215,1200.33,64,27,5,1043.48,0.1164,0.2558,0.0814,0,0,0,0,1
TXN009216,668.45,29,126,6,1009.0,0.1091,0.3523,0.2713,0,0,0,11,0
TXN009217,1854.61,55,1107,3,1241.21,0.2223,0.1572,0.2816,0,0,0,5,0
TXN009218,1254.9,23,294,1,1588.38,0.3579,0.127,0.1612,0,0,0,11,0
TXN009219,1781.08,23,34,3,1519.23,0.2398,0.1788,0.0912,0,0,0,7,0
TXN009220,848.92,68,420,5,640.52,0.2536,0.3325,0.2096,0,0,0,11,0
TXN009221,626.75,25,104,10,822.56,0.2316,0.106,0.2504,1,0,0,9,1
TXN009222,2326.12,62,1660,6,2099.49,0.3654,0.2608,0.1977,1,1,1,5,0
TXN009223,1807.67,40,861,2,749.77,0.0837,0.1963,0.37,0,0,0,14,0
TXN009224,589.24,33,1607,4,831.67,0.2075,0.2829,0.2697,0,0,0,6,0
TXN009225,789.42,21,611,7,382.61,0.0588,0.0909,0.3384,0,1,0,4,1
TXN009226,776.77,53,104,5,1074.84,0.4678,0.3271,0.2318,0,0,0,1,0
TXN009227,3762.46,55,36,3,1396.45,0.3557,0.0438,0.0666,0,0,0,22,0
TXN009228,171.85,42,434,3,275.11,0.2359,0.4242,0.0195,0,0,0,0,0
TXN009229,417.47,60,32,1,518.44,0.277,0.327,0.4226,0,1,0,3,0
TXN009230,929.21,34,2281,2,405.37,0.0996,0.0887,0.2705,0,1,0,9,0
TXN009231,4471.93,46,230,6,1904.26,0.4028,0.0616,0.145,0,0,0,16,0
TXN009232,451.01,32,655,2,287.54,0.3314,0.1709,0.0597,0,0,1,22,0
TXN009233,572.44,48,318,2,1037.86,0.1095,0.2601,0.1719,0,0,0,1,0
TXN009234,1896.62,25,453,3,1812.57,0.1191,0.3076,0.2007,0,0,0,2,0
TXN009235,1251.58,42,477,4,1250.72,0.0789,0.2458,0.2799,0,0,0,22,0
TXN009236,503.37,46,1379,1,805.96,0.0953,0.1692,0.0566,0,0,0,0,0
TXN009237,2050.4,46,826,5,1397.62,0.294,0.1024,0.2487,0,0,0,14,0
TXN009238,1478.38,41,78,4,2266.25,0.1289,0.2045,0.3242,0,1,0,16,0
TXN009239,500.12,51,1099,0,1017.06,0.186,0.203,0.0973,0,0,0,22,0
TXN009240,93.81,44,52,2,228.78,0.2937,0.0837,0.21,1,0,0,17,0
TXN009241,6280.31,32,117,1,2448.95,0.1497,0.0907,0.3017,0,0,0,1,0
TXN009242,1096.0,29,287,2,1451.26,0.2639,0.2717,0.1585,0,0,0,12,0
TXN009243,818.62,51,5,2,1071.53,0.149,0.3563,0.1516,0,0,0,23,0
TXN009244,155.54,66,67,1,274.17,0.0635,0.0429,0.2093,1,0,0,18,0
TXN009245,1888.51,57,5,5,889.97,0.4204,0.1122,0.1125,0,0,0,0,0
TXN009246,278.11,51,211,3,594.17,0.3527,0.0487,0.0506,0,0,0,7,0
TXN009247,241.37,65,107,4,468.06,0.1597,0.3077,0.1555,0,1,0,1,0
TXN009248,835.04,64,411,22,996.74,0.2403,0.1734,0.2096,0,0,0,8,1
TXN009249,744.69,44,849,4,753.57,0.1344,0.2291,0.0977,0,0,0,20,0
TXN009250,1133.63,23,217,1,789.13,0.1374,0.2659,0.2854,0,0,0,18,0
TXN009251,1269.22,50,349,1,1840.4,0.0724,0.1848,0.3838,0,0,0,20,0
TXN009252,3066.48,50,15,3,1311.47,0.2534,0.0343,0.2134,0,0,0,1,0
TXN009253,536.63,32,314,4,775.21,0.2293,0.178,0.2034,0,1,0,19,0
TXN009254,407.33,62,94,2,709.34,0.1136,0.3149,0.3074,0,0,0,7,0
TXN009255,434.64,63,287,2,797.59,0.2869,0.0342,0.2341,0,0,0,19,0
TXN009256,602.54,35,424,6,922.22,0.2536,0.1407,0.2587,0,0,0,12,0
TXN009257,867.95,42,2571,5,1650.5,0.2409,0.0803,0.0813,1,0,0,4,0
TXN009258,798.88,28,1620,3,528.59,0.1851,0.2554,0.1645,1,0,1,16,0
TXN009259,1755.39,27,326,3,3043.94,0.2064,0.2933,0.1363,0,0,0,13,0
TXN009260,1535.0,31,660,5,1651.34,0.0953,0.1638,0.3369,0,0,0,4,0
TXN009261,91.58,37,86,7,161.33,0.2062,0.1649,0.1991,0,0,0,2,0
TXN009262,610.2,32,379,5,1164.15,0.1103,0.2103,0.3706,0,0,0,6,0
TXN009263,4176.01,25,443,0,2272.23,0.1877,0.3623,0.1393,0,0,0,20,0
TXN009264,3475.94,41,287,4,1439.56,0.07,0.0974,0.1697,0,0,1,20,0
TXN009265,1651.29,50,196,2,821.69,0.1017,0.4629,0.0992,0,0,0,3,0
TXN009266,467.78,34,563,5,1050.73,0.1489,0.0495,0.2799,1,0,0,20,0
TXN009267,596.99,45,58,2,1242.43,0.0701,0.3321,0.2594,0,0,0,1,1
TXN009268,5579.31,32,458,4,1879.41,0.3627,0.054,0.1244,0,1,0,14,0
TXN009269,354.09,54,17,5,407.25,0.1393,0.3418,0.049,0,0,0,22,0
TXN009270,337.09,51,14,3,718.01,0.166,0.1827,0.2353,0,0,0,21,0
TXN009271,6261.88,67,107,3,3453.02,0.2533,0.1811,0.2792,0,1,0,23,0
TXN009272,1164.59,20,837,0,1122.22,0.433,0.1857,0.0692,0,0,0,6,0
TXN009273,4371.03,62,211,3,3195.6,0.0708,0.2061,0.1585,0,0,0,9,0
TXN009274,2589.13,35,598,2,8865.43,0.0178,0.0869,0.0872,0,0,0,10,0
TXN009275,649.45,21,443,0,777.11,0.0885,0.0893,0.2072,0,0,0,14,0
TXN009276,799.31,53,931,4,474.33,0.2111,0.2762,0.0567,0,0,0,20,0
TXN009277,640.3,26,37,1,910.62,0.5195,0.3027,0.1746,0,0,0,7,0
TXN009278,4668.28,27,1290,3,2366.8,0.1331,0.2578,0.367,1,0,0,11,0
TXN009279,1265.23,68,288,1,2610.32,0.0941,0.0852,0.186,0,0,0,11,0
TXN009280,5056.68,29,281,2,5379.68,0.1239,0.2918,0.0766,0,0,0,17,0
TXN009281,2641.08,46,451,4,1068.74,0.2119,0.2092,0.3446,1,0,0,15,0
TXN009282,819.48,28,940,4,1543.24,0.0968,0.2187,0.0726,1,0,0,5,0
TXN009283,773.61,24,1411,2,666.31,0.0244,0.0759,0.2585,0,0,0,6,0
TXN009284,261.63,18,235,3,189.64,0.2678,0.2707,0.1386,0,0,0,2,0
TXN009285,1121.6,18,283,3,1066.61,0.0807,0.1342,0.154,1,0,0,1,0
TXN009286,426.17,42,95,1,489.0,0.0864,0.1364,0.2292,0,0,0,0,0
TXN009287,1062.49,40,349,1,1720.47,0.1657,0.0908,0.19,0,0,0,3,0
TXN009288,327.38,20,73,2,293.84,0.398,0.1742,0.3624,0,0,0,8,0
TXN009289,617.7,36,149,4,653.58,0.1636,0.0461,0.2188,0,0,0,21,0
TXN009290,600.29,32,80,4,1322.63,0.2914,0.2406,0.0555,0,0,0,20,0
TXN009291,2605.99,47,281,5,1423.19,0.1134,0.0933,0.2133,0,0,0,6,0
TXN009292,643.08,69,402,13,1060.81,0.0851,0.123,0.3988,0,0,0,12,0
TXN009293,1865.84,53,434,1,4052.71,0.3276,0.2874,0.1771,0,0,0,12,0
TXN009294,2370.84,65,607,3,3289.94,0.1693,0.0721,0.3057,0,1,0,10,0
TXN009295,415.7,27,1103,6,679.24,0.1261,0.1794,0.5096,0,0,0,20,0
TXN009296,2935.27,29,208,3,3383.23,0.3496,0.2655,0.1635,0,0,0,0,0
TXN009297,1901.11,57,582,4,3765.14,0.1323,0.1782,0.0086,0,0,0,20,0
TXN009298,1286.46,34,195,4,1005.53,0.2964,0.2205,0.0605,0,0,0,21,0
TXN009299,2419.61,62,198,4,1132.05,0.1681,0.2181,0.5279,1,0,0,0,0
TXN009300,1121.83,42,1068,6,1058.38,0.3569,0.1426,0.2874,0,0,0,1,0
TXN009301,315.5,28,292,1,698.2,0.3196,0.0752,0.1898,0,0,0,22,0
TXN009302,452.94,61,11,6,748.47,0.3043,0.3456,0.0866,0,0,0,5,0
TXN009303,3118.88,46,177,5,2761.49,0.0915,0.3133,0.1472,0,0,0,8,0
TXN009304,504.89,59,555,4,1489.45,0.0935,0.1961,0.3158,0,0,0,13,0
TXN009305,377.68,41,223,3,744.02,0.1268,0.2243,0.4489,0,0,0,11,0
TXN009306,231.75,24,444,7,573.53,0.5862,0.1668,0.1774,0,0,0,20,1
TXN009307,687.33,53,90,3,645.05,0.1066,0.1325,0.0335,0,1,0,18,0
TXN009308,3211.52,24,378,6,977.8,0.4062,0.1747,0.0578,0,0,0,18,0
TXN009309,1038.65,52,1755,4,2078.12,0.1243,0.3428,0.14,0,0,0,5,1
TXN009310,940.98,39,227,5,600.61,0.2616,0.2342,0.0507,0,0,0,8,0
TXN009311,1511.81,59,133,6,2061.51,0.1544,0.0621,0.0831,0,0,0,16,0
TXN009312,608.97,63,490,4,1258.74,0.1681,0.2976,0.0524,0,0,0,2,0
TXN009313,2864.82,39,344,7,1211.95,0.087,0.1179,0.124,0,0,0,0,0
TXN009314,7375.89,63,2052,2,2248.59,0.2612,0.2109,0.3429,0,0,0,13,0
TXN009315,2482.14,23,930,4,1979.01,0.0355,0.1607,0.1201,0,0,0,13,0
TXN009316,500.81,23,238,7,410.28,0.2108,0.2784,0.1133,0,0,0,0,1
TXN009317,531.36,69,634,2,513.47,0.2967,0.1631,0.2202,0,0,0,8,0
TXN009318,860.75,47,420,1,933.87,0.1109,0.214,0.0854,0,0,0,5,0
TXN009319,1696.33,41,504,2,1406.95,0.1602,0.0621,0.3273,0,0,0,1,0
TXN009320,4134.28,26,289,3,2850.37,0.2776,0.2065,0.0903,0,0,0,6,0
TXN009321,2865.17,33,119,1,1147.74,0.1008,0.3298,0.231,0,1,0,5,0
TXN009322,2711.03,53,9,6,3614.06,0.1313,0.1556,0.1047,0,0,0,7,0
TXN009323,717.23,60,255,6,668.69,0.1757,0.1655,0.4592,0,0,0,22,1
TXN009324,716.98,65,328,5,752.72,0.1776,0.3658,0.1331,0,0,0,22,0
TXN009325,1555.04,39,59,1,885.38,0.3194,0.2783,0.157,0,0,0,20,0
TXN009326,2316.9,41,727,2,618.9,0.3811,0.178,0.0829,0,0,0,22,0
TXN009327,4419.55,26,173,3,2469.04,0.0544,0.117,0.0198,0,0,0,0,0
TXN009328,244.73,22,325,1,157.77,0.1293,0.3191,0.0849,0,0,0,11,1
TXN009329,1270.08,40,808,2,770.86,0.2341,0.002,0.0947,0,0,0,3,0
TXN009330,4918.84,48,281,3,2449.76,0.0996,0.4894,0.3832,0,0,0,16,0
TXN009331,3325.33,23,567,5,881.28,0.3417,0.2627,0.1327,1,0,0,8,0
TXN009332,919.71,39,781,0,2323.94,0.2403,0.2493,0.2896,0,1,0,21,0
TXN009333,7102.17,51,344,3,5107.06,0.0464,0.0273,0.0552,0,0,0,14,0
TXN009334,280.51,60,125,7,1160.11,0.4695,0.202,0.2206,0,0,1,10,0
TXN009335,4194.37,66,10,3,2485.56,0.1137,0.0808,0.1473,0,1,0,12,1
TXN009336,8074.51,35,358,3,5963.4,0.1726,0.0779,0.133,1,0,0,0,0
TXN009337,1075.68,38,635,1,1453.11,0.1697,0.3377,0.1142,0,0,0,16,0
TXN009338,244.16,63,610,3,1060.35,0.0189,0.1227,0.0385,1,0,0,0,0
TXN009339,2046.34,54,1537,4,2062.61,0.3434,0.1581,0.0871,0,0,0,7,0
TXN009340,2839.87,32,546,2,2512.29,0.32,0.0888,0.1316,0,0,0,8,0
TXN009341,1030.83,53,372,4,1067.24,0.3199,0.0147,0.0483,0,0,0,0,0
TXN009342,555.31,26,25,13,781.57,0.0243,0.3367,0.1175,0,0,0,18,0
TXN009343,2228.19,41,609,4,3648.88,0.123,0.3026,0.221,0,0,0,3,0
TXN009344,881.91,33,689,4,907.39,0.4227,0.3382,0.1323,0,0,0,7,0
TXN009345,1627.14,69,255,3,2529.08,0.1543,0.3984,0.2501,1,0,0,12,0
TXN009346,2057.24,19,69,2,1318.18,0.0719,0.0276,0.1091,0,0,0,19,0
TXN009347,3772.86,62,510,2,3939.76,0.152,0.1961,0.2697,0,0,0,16,0
TXN009348,234.42,32,522,2,605.27,0.269,0.1201,0.2029,0,0,0,11,0
TXN009349,666.14,19,314,2,604.45,0.3112,0.2918,0.2498,0,0,0,10,1
TXN009350,2504.75,52,206,5,1994.48,0.0077,0.1937,0.1446,0,0,0,20,0
TXN009351,1210.34,53,167,2,497.09,0.2687,0.311,0.0574,0,0,1,23,0
TXN009352,1982.5,25,83,1,1189.92,0.0512,0.1116,0.092,0,0,0,2,0
TXN009353,1977.54,19,359,4,3241.81,0.07,0.2378,0.2812,0,0,0,15,0
TXN009354,688.71,23,17,2,314.38,0.2829,0.1226,0.5067,0,0,0,17,0
TXN009355,678.02,39,99,6,1453.16,0.1061,0.2352,0.3039,0,0,0,0,0
TXN009356,2601.16,24,52,0,2561.18,0.5156,0.2666,0.0911,1,0,0,12,0
TXN009357,1630.43,54,189,2,1076.92,0.1188,0.0211,0.223,0,0,0,14,0
TXN009358,1278.34,22,77,0,573.09,0.0972,0.0944,0.1297,0,0,0,20,0
TXN009359,2578.78,59,125,2,912.49,0.0786,0.154,0.0854,0,0,0,0,0
TXN009360,1229.22,63,755,1,609.74,0.1512,0.2256,0.0615,0,0,0,19,0
TXN009361,1067.71,55,25,4,1151.03,0.59,0.1331,0.2126,1,0,0,10,0
TXN009362,1242.8,67,308,2,903.53,0.1977,0.294,0.1405,1,0,1,13,0
TXN009363,866.22,66,128,3,765.64,0.2815,0.0574,0.0144,1,0,0,7,0
TXN009364,1028.76,20,782,4,1519.75,0.354,0.1881,0.0664,0,0,0,2,0
TXN009365,3108.16,35,42,2,3312.24,0.1378,0.1829,0.1256,0,0,0,1,0
TXN009366,3708.1,57,585,4,1379.5,0.2497,0.1987,0.2885,0,0,0,12,0
TXN009367,4007.63,35,438,3,2808.95,0.0788,0.3885,0.2815,0,0,0,18,0
TXN009368,10278.71,56,192,1,3311.57,0.2784,0.258,0.097,0,1,0,1,0
TXN009369,401.01,58,1169,3,727.31,0.088,0.112,0.1184,1,0,0,8,0
TXN009370,1077.66,69,649,4,1329.29,0.3243,0.2109,0.1997,0,1,0,12,0
TXN009371,1023.44,35,916,1,814.47,0.4566,0.3217,0.1825,0,0,0,10,0
TXN009372,584.51,36,535,3,388.57,0.3337,0.2688,0.4101,0,0,0,0,0
TXN009373,1319.23,19,908,6,1406.74,0.1647,0.2781,0.0581,1,0,0,3,0
TXN009374,815.47,32,639,5,525.05,0.248,0.1837,0.2799,0,0,0,10,0
TXN009375,2380.67,32,1298,6,1539.19,0.1959,0.1295,0.0863,0,0,1,16,0
TXN009376,172.01,41,266,5,369.03,0.2044,0.1485,0.1058,0,0,0,5,0
TXN009377,1870.74,39,575,4,1236.07,0.1623,0.1238,0.1597,0,0,1,14,1
TXN009378,659.04,62,1178,2,365.22,0.3985,0.0746,0.2036,0,0,0,7,0
TXN009379,2068.52,58,695,2,1757.6,0.0613,0.2974,0.103,0,1,0,1,0
TXN009380,302.67,55,694,2,832.67,0.1994,0.1047,0.0881,0,0,0,5,0
TXN009381,668.4,18,19,2,778.33,0.0825,0.0984,0.1038,0,0,1,2,0
TXN009382,3069.96,42,930,1,2412.82,0.261,0.2515,0.2135,0,0,0,12,0
TXN009383,543.9,55,198,5,875.59,0.0167,0.1085,0.1961,0,0,0,12,0
TXN009384,1963.86,30,745,5,1185.12,0.1946,0.1022,0.1263,0,0,0,5,0
TXN009385,1425.45,40,861,1,954.29,0.2198,0.4474,0.0953,0,0,0,22,0
TXN009386,1684.36,55,54,1,1564.27,0.1404,0.2976,0.2385,0,0,1,22,0
TXN009387,2297.68,59,1282,3,2275.74,0.047,0.2207,0.0625,0,0,0,21,0
TXN009388,2188.63,62,163,6,1968.34,0.0924,0.2457,0.1371,0,1,0,5,0
TXN009389,789.26,40,424,2,791.03,0.132,0.2816,0.0926,0,0,0,3,0
TXN009390,1260.56,38,167,3,2556.34,0.5135,0.0712,0.0709,0,1,0,11,0
TXN009391,455.77,37,4,3,577.41,0.1146,0.3243,0.2544,0,0,0,19,1
TXN009392,678.66,52,266,7,652.14,0.2451,0.0928,0.0836,0,0,0,15,0
TXN009393,2188.06,39,19,3,1002.79,0.251,0.2405,0.2516,0,0,0,15,0
TXN009394,3338.86,38,223,3,2281.89,0.2681,0.4112,0.0372,0,0,0,10,0
TXN009395,1086.45,26,172,2,483.42,0.3452,0.301,0.2575,1,0,0,11,0
TXN009396,945.12,42,748,1,2046.81,0.2288,0.5066,0.3193,0,0,0,19,0
TXN009397,867.64,30,368,0,1055.4,0.0683,0.1115,0.2671,1,1,0,23,0
TXN009398,2532.62,45,93,4,809.48,0.3491,0.2867,0.0975,0,0,0,17,0
TXN009399,1571.57,64,151,3,2364.84,0.1777,0.2738,0.0933,0,0,0,16,0
TXN009400,410.97,58,530,2,625.24,0.341,0.2967,0.1646,0,0,0,15,0
TXN009401,4677.45,42,63,2,5431.51,0.3731,0.4301,0.2534,0,0,0,11,0
TXN009402,2940.43,68,127,4,969.08,0.1604,0.0919,0.1189,0,0,1,3,0
TXN009403,841.81,68,15,2,1217.91,0.0809,0.2176,0.5013,0,0,0,9,1
TXN009404,4388.09,41,367,4,3229.34,0.0303,0.2409,0.2797,0,1,0,11,0
TXN009405,1538.82,57,489,2,1240.35,0.187,0.0798,0.3685,1,0,0,22,0
TXN009406,872.65,35,34,3,2520.49,0.3801,0.0839,0.0414,0,0,0,3,0
TXN009407,277.04,63,256,6,279.44,0.1027,0.2982,0.3094,0,0,0,11,0
TXN009408,593.52,37,2742,5,804.47,0.3575,0.3898,0.2365,0,0,0,10,0
TXN009409,2101.9,31,74,2,1447.67,0.2623,0.0428,0.259,0,0,1,15,0
TXN009410,6084.39,24,1644,5,2337.87,0.0429,0.1455,0.2576,0,0,0,6,0
TXN009411,1555.09,61,561,6,1879.55,0.092,0.2017,0.2074,0,0,0,7,0
TXN009412,1456.36,33,75,1,1760.27,0.1415,0.0863,0.3801,0,0,0,14,0
TXN009413,9205.4,60,214,3,2304.78,0.1263,0.2445,0.4977,0,1,0,9,0
TXN009414,1033.98,22,764,14,1529.22,0.0253,0.263,0.1047,1,0,0,21,1
TXN009415,116.88,44,103,23,244.64,0.2109,0.139,0.3683,0,0,0,14,0
TXN009416,6420.21,40,99,2,3009.54,0.15,0.0734,0.1636,0,0,0,20,0
TXN009417,593.35,40,191,2,610.11,0.0973,0.0488,0.349,1,1,0,17,0
TXN009418,1596.17,26,158,3,1365.86,0.1984,0.1397,0.0987,0,0,0,0,0
TXN009419,4247.27,21,157,2,1244.77,0.1017,0.1299,0.0845,0,0,0,7,0
TXN009420,524.0,36,1362,1,1133.57,0.3904,0.3918,0.2343,0,0,1,17,1
TXN009421,454.08,42,754,4,505.61,0.4381,0.1516,0.254,0,0,0,16,0
TXN009422,143.02,59,135,3,282.28,0.1592,0.1663,0.2558,0,0,0,10,0
TXN009423,653.72,42,532,3,543.67,0.1064,0.2138,0.2667,0,0,0,2,0
TXN009424,1442.62,30,582,1,1955.43,0.1829,0.173,0.1693,0,1,0,2,0
TXN009425,208.98,31,172,3,398.36,0.1428,0.1068,0.1313,0,0,0,22,0
TXN009426,885.86,49,2457,4,592.18,0.031,0.2986,0.1856,0,1,0,15,0
TXN009427,1477.81,40,212,3,1469.43,0.2498,0.1841,0.3702,0,0,0,12,0
TXN009428,268.38,64,207,1,534.22,0.2241,0.2359,0.3643,0,0,0,4,0
TXN009429,389.62,40,289,25,749.84,0.1254,0.1046,0.0609,0,0,0,2,1
TXN009430,1301.89,47,591,23,1161.28,0.2827,0.1293,0.3527,0,0,0,10,1
TXN009431,533.21,21,2484,6,1336.55,0.1743,0.2236,0.1281,1,0,1,8,0
TXN009432,597.08,28,369,5,526.86,0.3436,0.3522,0.2183,0,1,0,2,1
TXN009433,2528.59,62,156,2,1210.34,0.1143,0.2504,0.2098,0,1,0,21,0
TXN009434,2092.43,35,160,16,1449.83,0.243,0.4279,0.1093,0,0,0,9,0
TXN009435,319.24,39,320,3,449.78,0.1542,0.0729,0.332,0,0,0,2,0
TXN009436,1482.19,48,66,2,1274.6,0.0201,0.2545,0.1753,0,0,0,16,0
TXN009437,333.63,21,214,11,664.07,0.0323,0.3857,0.2886,1,0,0,5,1
TXN009438,1289.1,44,310,5,1196.0,0.1034,0.1215,0.1117,0,0,0,2,0
TXN009439,1519.88,36,1773,4,1819.21,0.0621,0.0901,0.1013,0,0,1,4,0
TXN009440,547.29,25,2896,1,969.34,0.4779,0.2455,0.3734,1,0,0,16,1
TXN009441,2929.05,39,1011,16,2078.48,0.0422,0.1037,0.1227,0,0,0,4,0
TXN009442,642.88,41,468,2,1907.54,0.1372,0.129,0.2826,0,0,0,13,0
TXN009443,1078.45,27,948,1,2070.37,0.2424,0.392,0.256,0,0,0,13,0
TXN009444,809.25,46,28,3,1454.15,0.3892,0.0437,0.1472,0,0,1,7,1
TXN009445,1795.24,56,84,4,2369.74,0.2296,0.0615,0.366,0,0,0,0,0
TXN009446,2934.24,31,70,3,1435.93,0.1616,0.1854,0.1677,0,0,0,9,0
TXN009447,516.85,68,312,5,341.35,0.061,0.1172,0.1147,0,0,0,16,0
TXN009448,667.46,49,245,5,629.89,0.0244,0.1337,0.1679,0,0,0,11,0
TXN009449,976.63,58,209,3,945.88,0.3373,0.2426,0.2715,0,0,0,16,0
TXN009450,1025.03,21,109,1,1031.68,0.3539,0.3835,0.0385,0,0,0,9,0
TXN009451,2995.66,57,428,2,1408.69,0.1552,0.1305,0.1321,0,0,0,23,0
TXN009452,229.64,35,57,3,623.37,0.3072,0.1779,0.3003,0,0,0,11,0
TXN009453,6839.38,54,14,4,4474.26,0.385,0.2459,0.2092,0,0,0,23,1
TXN009454,771.84,59,173,2,1020.74,0.1957,0.1482,0.3732,0,0,0,11,0
TXN009455,1438.37,31,121,3,1090.75,0.4195,0.2582,0.2595,0,1,0,4,0
TXN009456,906.65,31,204,4,685.72,0.2189,0.0188,0.1883,1,0,1,6,0
TXN009457,813.15,21,122,17,543.29,0.185,0.4027,0.2187,0,0,0,7,1
TXN009458,2398.49,49,218,7,1003.84,0.4181,0.2869,0.1311,0,0,0,13,0
TXN009459,525.96,58,1162,4,1117.99,0.2468,0.3433,0.2875,0,0,0,15,0
TXN009460,1793.93,39,67,5,1031.91,0.1613,0.1034,0.1679,0,0,0,9,0
TXN009461,3372.77,26,117,3,3493.32,0.2623,0.3788,0.0632,0,0,0,2,0
TXN009462,779.08,34,237,2,1003.84,0.2946,0.2468,0.2439,0,0,0,15,0
TXN009463,3160.29,38,2867,1,1032.61,0.066,0.2002,0.2059,0,0,0,14,0
TXN009464,2854.8,65,1,4,1940.51,0.1433,0.1857,0.2341,0,0,0,15,0
TXN009465,773.4,24,191,6,972.87,0.0549,0.371,0.0767,0,0,0,21,0
TXN009466,2708.25,35,712,4,1599.65,0.066,0.2679,0.0251,0,0,0,10,0
TXN009467,436.74,51,417,2,447.94,0.0477,0.1713,0.0638,0,1,1,5,0
TXN009468,355.0,30,276,3,450.43,0.1404,0.1575,0.1295,0,0,0,17,0
TXN009469,855.85,64,68,26,1194.45,0.1375,0.2686,0.2212,0,0,0,17,1
TXN009470,1102.55,65,30,2,932.5,0.2559,0.064,0.1925,0,0,0,11,0
TXN009471,444.1,37,1079,4,622.46,0.3427,0.1419,0.6562,0,0,0,18,0
TXN009472,1300.86,56,558,5,1194.28,0.1184,0.175,0.4116,0,0,0,10,0
TXN009473,2067.78,57,79,4,1269.49,0.2539,0.0742,0.0947,0,0,0,7,0
TXN009474,709.0,53,200,17,667.19,0.3793,0.1564,0.3952,0,0,0,21,0
TXN009475,2261.81,27,781,2,762.68,0.2733,0.24,0.0888,0,0,0,6,0
TXN009476,1285.49,20,454,3,1276.19,0.1047,0.1869,0.2352,1,0,0,7,0
TXN009477,1126.89,36,599,3,536.6,0.3018,0.0439,0.049,0,0,0,7,0
TXN009478,1229.23,24,417,6,718.51,0.2516,0.2696,0.167,0,0,0,5,0
TXN009479,3687.38,33,311,0,1593.61,0.3223,0.2747,0.3755,0,0,0,16,0
TXN009480,3190.62,51,30,5,1078.49,0.3812,0.4597,0.3046,0,1,0,0,1
TXN009481,298.04,48,34,4,785.22,0.1525,0.3964,0.3623,0,0,0,13,0
TXN009482,674.31,28,1203,1,582.8,0.3044,0.4577,0.2007,0,0,0,9,0
TXN009483,507.36,18,711,2,539.56,0.1375,0.1814,0.2002,0,0,0,17,0
TXN009484,1063.22,29,33,4,1000.02,0.2432,0.2495,0.4301,0,0,0,11,0
TXN009485,3639.13,41,543,12,4528.15,0.0635,0.1986,0.4621,0,1,1,17,1
TXN009486,1208.52,58,209,26,1629.54,0.1282,0.0851,0.1693,1,0,0,2,1
TXN009487,235.62,36,73,2,431.38,0.0979,0.2625,0.1876,0,0,0,0,0
TXN009488,1898.11,32,142,9,1799.12,0.19,0.2229,0.3169,0,0,0,22,0
TXN009489,1077.6,46,1032,4,644.7,0.3319,0.0563,0.0724,0,0,0,13,0
TXN009490,833.03,21,506,1,1092.91,0.0314,0.1164,0.1563,0,0,0,11,0
TXN009491,606.14,29,3,3,726.18,0.2791,0.4774,0.1493,0,1,0,13,0
TXN009492,3077.86,19,577,2,4518.47,0.2733,0.1849,0.2553,0,0,0,14,0
TXN009493,286.93,45,1,3,495.78,0.1199,0.3135,0.1202,0,0,0,0,0
TXN009494,1199.49,41,998,3,1365.85,0.3423,0.1609,0.5374,0,1,0,8,0
TXN009495,819.79,48,438,3,678.76,0.2601,0.5104,0.1446,1,0,0,19,0
TXN009496,3672.84,50,460,3,1839.37,0.3358,0.4422,0.0485,0,0,0,9,0
TXN009497,699.08,38,7,2,1346.71,0.0894,0.0882,0.08,0,0,0,6,0
TXN009498,2595.35,63,32,3,2639.08,0.0363,0.2998,0.2398,0,0,0,12,0
TXN009499,3465.66,65,324,13,1812.9,0.3229,0.4241,0.0621,0,0,0,23,0
TXN009500,352.89,23,155,2,674.87,0.1548,0.0728,0.2198,1,0,0,19,0
TXN009501,16953.01,65,315,4,8445.1,0.1346,0.1038,0.528,1,0,0,18,0
TXN009502,1270.76,28,257,3,1617.76,0.1205,0.2655,0.1096,0,0,0,21,0
TXN009503,1102.98,30,808,0,745.86,0.2039,0.2811,0.0278,0,0,0,8,0
TXN009504,1123.21,45,65,4,1266.33,0.0691,0.0616,0.1302,0,0,0,12,0
TXN009505,2194.91,19,204,6,1705.45,0.101,0.1801,0.1149,0,0,0,0,0
TXN009506,4023.58,36,177,1,1660.64,0.1402,0.1316,0.2822,0,0,0,4,0
TXN009507,1451.63,28,929,3,1551.88,0.2273,0.2664,0.112,0,0,0,6,0
TXN009508,3731.68,43,430,5,2157.14,0.253,0.0692,0.2391,0,0,0,12,0
TXN009509,2342.02,60,117,0,2013.68,0.3733,0.0676,0.2247,0,0,0,6,0
TXN009510,393.23,66,208,3,605.89,0.0582,0.2246,0.189,0,0,0,18,0
TXN009511,4427.39,29,120,0,4796.48,0.3438,0.1822,0.112,0,0,0,16,0
TXN009512,3880.67,46,252,0,4351.26,0.035,0.178,0.0918,0,0,0,11,0
TXN009513,883.76,42,299,11,1921.14,0.1163,0.1907,0.0913,0,0,0,12,0
TXN009514,1450.35,39,530,2,1126.74,0.106,0.3439,0.2516,0,0,0,17,0
TXN009515,1637.63,50,315,4,1140.38,0.1703,0.3963,0.1669,0,0,0,6,0
TXN009516,1366.73,69,1100,4,874.25,0.0831,0.2298,0.1671,0,0,0,15,0
TXN009517,2101.31,39,391,3,957.12,0.1261,0.1947,0.5287,0,0,0,3,0
TXN009518,400.98,21,99,6,237.28,0.0682,0.2044,0.3596,0,0,0,10,0
TXN009519,2297.37,65,494,3,3200.89,0.1366,0.3334,0.0597,0,0,1,16,0
TXN009520,2017.49,66,390,5,2500.43,0.1063,0.2466,0.1457,0,0,0,7,0
TXN009521,537.88,34,55,13,339.11,0.1395,0.1803,0.2431,0,0,0,14,1
TXN009522,2533.43,44,23,3,2044.67,0.1237,0.3555,0.0611,0,0,0,15,0
TXN009523,1080.09,62,104,4,1090.73,0.2843,0.1604,0.0626,0,0,0,2,0
TXN009524,589.67,44,215,2,954.0,0.4118,0.3831,0.3864,0,0,0,7,0
TXN009525,1156.43,43,45,2,1548.42,0.1549,0.1669,0.0682,0,0,1,1,0
TXN009526,446.12,65,33,4,323.78,0.1544,0.1608,0.2663,0,0,0,0,0
TXN009527,372.1,61,344,0,1088.03,0.1491,0.479,0.068,0,0,0,16,0
TXN009528,320.11,44,50,3,1159.38,0.1156,0.1844,0.1638,1,1,0,15,0
TXN009529,1698.79,26,1375,1,1160.16,0.2889,0.2295,0.2042,0,0,0,21,1
TXN009530,313.98,40,351,3,421.05,0.3293,0.2578,0.1821,0,0,0,21,0
TXN009531,1940.18,53,79,2,1499.43,0.3479,0.3887,0.371,0,0,0,0,1
TXN009532,5480.99,32,1742,20,2302.78,0.4677,0.2595,0.1125,1,0,0,17,1
TXN009533,835.43,45,382,3,1458.45,0.1391,0.0683,0.2649,0,0,0,15,0
TXN009534,372.89,52,1013,10,934.09,0.1597,0.0844,0.4025,0,0,0,6,0
TXN009535,6187.64,22,313,5,7203.54,0.1326,0.1724,0.265,0,0,1,8,0
TXN009536,393.92,47,268,6,574.1,0.1711,0.1335,0.2476,1,0,0,12,0
TXN009537,1858.39,56,1303,0,1884.5,0.1205,0.4065,0.062,0,0,0,19,0
TXN009538,1747.97,29,571,0,1300.22,0.129,0.269,0.2952,0,0,0,8,0
TXN009539,5368.48,46,396,1,4485.56,0.4356,0.2824,0.163,1,0,0,1,0
TXN009540,1474.63,54,251,6,1437.59,0.3686,0.3006,0.449,0,0,0,21,0
TXN009541,2989.3,20,356,4,1670.38,0.116,0.2361,0.2636,0,0,1,22,1
TXN009542,2259.47,51,517,4,1562.44,0.1695,0.1063,0.1889,1,0,0,16,0
TXN009543,473.15,31,479,3,522.79,0.1007,0.233,0.0799,1,1,0,16,0
TXN009544,846.55,38,278,4,596.92,0.2159,0.2757,0.2621,0,0,0,20,0
TXN009545,386.43,51,137,1,904.18,0.3072,0.2146,0.053,0,0,1,20,0
TXN009546,3847.7,18,103,2,2143.44,0.1319,0.2065,0.208,0,0,1,15,0
TXN009547,1306.85,18,161,5,1290.99,0.3943,0.1323,0.4389,0,0,0,8,0
TXN009548,490.25,41,127,1,948.88,0.2458,0.3304,0.2642,0,1,0,10,0
TXN009549,2278.76,67,1,6,2865.62,0.0529,0.2565,0.1077,0,0,0,1,0
TXN009550,484.42,18,389,4,273.77,0.2131,0.3239,0.0839,0,1,0,18,1
TXN009551,290.24,59,591,7,442.71,0.3131,0.3251,0.3859,0,0,0,6,0
TXN009552,239.42,21,1077,4,191.02,0.3749,0.1597,0.2381,0,0,0,14,0
TXN009553,4142.87,43,1854,2,2555.03,0.0852,0.0935,0.1366,0,1,0,22,1
TXN009554,1038.71,40,693,5,1024.84,0.1493,0.1809,0.2078,1,0,0,19,0
TXN009555,1340.61,42,274,3,2156.85,0.2726,0.1828,0.4443,0,0,1,8,0
TXN009556,980.8,22,174,2,1015.89,0.0972,0.2565,0.1212,0,0,0,5,0
TXN009557,1033.87,57,494,4,2244.48,0.186,0.0917,0.2243,0,0,0,8,0
TXN009558,767.02,32,877,5,1003.52,0.2092,0.1254,0.2264,0,0,0,20,0
TXN009559,794.7,58,273,1,1461.09,0.3619,0.1197,0.1191,0,0,0,21,0
TXN009560,1285.19,52,185,4,1318.78,0.1355,0.0644,0.0476,0,0,0,5,0
TXN009561,691.09,46,783,1,1389.08,0.261,0.369,0.0247,0,0,0,15,0
TXN009562,3733.86,34,13,3,3566.41,0.0386,0.1347,0.273,0,0,0,9,0
TXN009563,655.88,51,753,4,351.74,0.3253,0.3427,0.2061,0,0,0,15,0
TXN009564,2017.77,69,81,6,1045.38,0.0602,0.0916,0.0541,0,0,0,4,0
TXN009565,634.98,66,51,4,1259.65,0.21,0.549,0.1642,0,0,0,6,0
TXN009566,786.39,65,409,6,1134.33,0.1073,0.3398,0.0876,0,0,0,9,0
TXN009567,1326.77,29,963,5,830.05,0.2633,0.2977,0.2135,0,0,0,15,0
TXN009568,1110.9,48,264,6,754.23,0.0771,0.1517,0.0263,0,0,0,6,0
TXN009569,2281.64,38,413,4,3200.33,0.2136,0.2824,0.2501,0,0,0,8,0
TXN009570,798.66,68,1259,2,1043.67,0.1321,0.1748,0.06,0,0,1,16,0
TXN009571,6322.11,67,99,1,6042.44,0.1284,0.1555,0.2894,0,0,0,2,0
TXN009572,579.1,63,372,3,1587.3,0.3773,0.1572,0.1552,0,1,0,9,1
TXN009573,1195.32,26,674,2,895.37,0.1277,0.1115,0.0516,0,0,0,4,0
TXN009574,2929.43,34,633,3,1614.65,0.1465,0.1857,0.2795,0,1,0,2,1
TXN009575,955.51,54,466,3,1183.53,0.4159,0.2212,0.4619,0,0,0,6,0
TXN009576,1285.4,56,106,1,2805.68,0.1761,0.1842,0.2592,1,0,0,11,0
TXN009577,1053.14,36,196,1,484.25,0.0972,0.1078,0.0577,1,0,0,4,0
TXN009578,350.67,25,34,3,310.81,0.0761,0.0265,0.032,0,0,0,21,0
TXN009579,2085.19,25,589,4,1411.89,0.2969,0.078,0.2126,0,0,0,16,0
TXN009580,951.81,53,51,4,1968.42,0.3317,0.2343,0.4673,0,0,0,8,0
TXN009581,649.06,41,4,1,1339.61,0.3546,0.1609,0.078,0,0,0,3,0
TXN009582,2205.04,43,126,2,1755.89,0.1825,0.2156,0.353,0,0,0,1,0
TXN009583,2787.68,60,273,4,1584.15,0.196,0.0903,0.3864,1,1,0,12,0
TXN009584,209.06,18,98,3,389.05,0.129,0.4648,0.1875,0,0,0,5,0
TXN009585,1262.53,57,497,4,1335.24,0.1297,0.234,0.2008,0,0,0,16,0
TXN009586,1151.45,32,158,1,2756.58,0.2637,0.0519,0.1154,0,0,0,5,0
TXN009587,840.82,66,259,3,1236.74,0.2861,0.0718,0.1164,1,0,0,2,0
TXN009588,380.57,67,593,3,438.36,0.1166,0.6334,0.3032,0,0,0,0,0
TXN009589,1135.86,44,214,3,868.09,0.1412,0.2396,0.2511,0,0,0,21,0
TXN009590,508.54,34,312,2,1619.27,0.0947,0.0884,0.2269,0,0,0,19,0
TXN009591,7967.77,30,151,3,3854.29,0.0202,0.1425,0.0513,0,0,0,20,0
TXN009592,253.85,27,302,1,278.82,0.1126,0.1155,0.1371,1,0,0,17,0
TXN009593,2877.78,69,81,2,1412.14,0.3972,0.2805,0.3247,0,0,0,0,1
TXN009594,838.6,27,54,3,571.04,0.3959,0.3738,0.0724,0,0,0,8,0
TXN009595,2500.32,41,1513,3,1564.64,0.113,0.2287,0.0563,0,0,0,15,0
TXN009596,5027.33,42,509,6,1654.88,0.2893,0.0885,0.2447,0,0,0,0,0
TXN009597,606.02,53,526,2,931.5,0.2238,0.2242,0.0966,0,0,0,1,0
TXN009598,1838.33,61,167,5,1706.36,0.2342,0.1252,0.1381,0,0,0,1,0
TXN009599,1412.39,47,190,3,2435.55,0.3377,0.1295,0.1835,0,0,0,9,0
TXN009600,923.88,57,553,2,977.31,0.1958,0.183,0.2493,0,0,0,22,0
TXN009601,639.09,47,676,1,430.09,0.2641,0.2949,0.1734,0,0,0,11,0
TXN009602,5529.96,40,33,3,2974.71,0.0199,0.1306,0.1879,0,0,0,22,0
TXN009603,1587.39,26,80,2,1958.8,0.166,0.1718,0.0757,1,0,0,20,0
TXN009604,838.82,28,116,23,1627.22,0.3492,0.1763,0.1474,0,0,0,19,1
TXN009605,703.9,40,477,5,676.09,0.2747,0.2134,0.1364,0,0,1,13,0
TXN009606,1368.01,20,1174,13,2185.95,0.1502,0.1999,0.0884,0,0,0,1,0
TXN009607,3333.79,34,690,5,4581.12,0.1747,0.1924,0.0837,0,0,0,14,0
TXN009608,1457.58,42,545,1,1007.35,0.0639,0.3424,0.1174,0,0,0,16,0
TXN009609,1530.33,42,31,0,1171.62,0.0684,0.1511,0.2258,0,0,0,16,0
TXN009610,823.18,60,142,7,520.28,0.269,0.229,0.0869,0,0,0,6,0
TXN009611,550.51,68,1160,1,662.7,0.1618,0.1258,0.0687,0,1,0,13,0
TXN009612,900.31,55,22,26,516.88,0.3128,0.2788,0.0841,0,0,0,21,1
TXN009613,1211.32,22,757,6,1201.8,0.0998,0.3297,0.2854,0,0,0,15,0
TXN009614,738.9,39,84,21,863.9,0.0293,0.2844,0.2013,0,0,1,11,1
TXN009615,777.92,55,317,3,1423.62,0.341,0.2127,0.2063,0,1,0,14,0
TXN009616,186.09,48,17,1,587.38,0.1044,0.109,0.2545,0,0,0,6,0
TXN009617,412.63,41,827,3,975.27,0.1726,0.3592,0.1991,0,0,0,1,0
TXN009618,633.35,40,165,2,562.58,0.399,0.212,0.1137,0,0,0,19,0
TXN009619,759.12,39,951,0,1250.5,0.2631,0.2638,0.0783,0,0,0,5,0
TXN009620,141.53,48,427,5,349.8,0.3201,0.1403,0.6071,0,0,0,8,1
TXN009621,968.21,27,1506,2,1219.39,0.2349,0.3886,0.1681,0,0,0,16,0
TXN009622,1052.34,44,779,12,902.25,0.1242,0.088,0.038,0,1,1,1,1
TXN009623,1563.94,28,4,2,1244.73,0.308,0.3423,0.4037,0,0,0,6,0
TXN009624,339.52,53,262,1,344.95,0.1309,0.1743,0.0395,0,0,0,18,0
TXN009625,1677.11,62,610,24,1734.2,0.222,0.1973,0.2728,0,0,0,15,1
TXN009626,661.66,44,379,7,889.7,0.1467,0.0799,0.1994,0,0,0,12,0
TXN009627,1809.18,38,1090,4,1276.63,0.0121,0.2324,0.2273,0,0,0,14,0
TXN009628,268.73,66,277,1,296.17,0.3211,0.0984,0.1897,1,0,0,22,0
TXN009629,440.59,52,552,5,459.48,0.4629,0.1642,0.0933,0,0,0,17,0
TXN009630,1476.91,40,106,1,834.55,0.1294,0.3008,0.4491,0,0,0,22,1
TXN009631,4439.94,19,646,8,2872.25,0.2014,0.2029,0.4569,0,0,0,1,0
TXN009632,1432.84,18,249,18,1586.19,0.0809,0.3208,0.5495,0,0,0,8,1
TXN009633,1003.28,29,134,2,1201.0,0.147,0.1625,0.1253,0,0,0,19,0
TXN009634,477.62,30,646,5,574.2,0.2665,0.2344,0.1318,0,0,0,12,0
TXN009635,166.32,55,1456,1,505.53,0.6111,0.1321,0.3663,0,0,0,4,0
TXN009636,2433.17,44,159,6,1330.96,0.1489,0.2194,0.2559,0,0,0,5,0
TXN009637,1228.86,69,28,3,1790.92,0.1872,0.0646,0.51,0,0,0,18,1
TXN009638,2031.08,46,131,2,1269.38,0.154,0.3583,0.5459,0,0,0,13,0
TXN009639,3712.88,64,78,2,3628.92,0.0345,0.0527,0.1827,0,0,0,4,0
TXN009640,1462.19,46,948,5,680.13,0.1678,0.4289,0.2285,0,0,0,3,0
TXN009641,1663.66,36,670,4,1243.34,0.2351,0.0699,0.4171,0,0,0,10,0
TXN009642,553.6,55,89,0,335.22,0.0645,0.2548,0.0959,0,0,0,20,0
TXN009643,917.9,41,1110,2,1271.22,0.1414,0.0896,0.0675,0,0,0,14,0
TXN009644,1512.6,32,585,3,3067.33,0.2285,0.1247,0.1112,0,0,0,7,0
TXN009645,573.69,42,1327,2,528.98,0.0898,0.2556,0.0684,0,1,0,16,0
TXN009646,688.86,52,154,7,1977.31,0.0215,0.1988,0.0855,0,0,0,7,0
TXN009647,2324.72,37,458,5,3007.09,0.1202,0.2726,0.0638,0,0,0,23,1
TXN009648,351.78,54,352,5,676.68,0.1646,0.0507,0.0852,0,0,0,4,0
TXN009649,958.19,68,229,5,1520.6,0.1154,0.1331,0.0888,0,0,0,7,0
TXN009650,4597.98,39,62,7,3313.44,0.6376,0.2466,0.3443,0,0,0,17,1
TXN009651,1724.71,33,363,3,1288.63,0.277,0.1668,0.051,0,0,1,21,0
TXN009652,1739.97,38,113,7,1902.07,0.0801,0.2865,0.1108,1,0,0,12,0
TXN009653,377.75,61,643,2,316.79,0.0651,0.3081,0.3526,0,0,0,14,0
TXN009654,1237.21,27,1714,4,1665.69,0.2676,0.2289,0.0973,0,0,0,3,0
TXN009655,5983.32,68,587,4,1575.09,0.0925,0.0878,0.0679,0,0,0,20,0
TXN009656,511.38,39,16,2,433.4,0.3232,0.0351,0.1178,0,0,0,19,0
TXN009657,403.55,61,223,1,558.34,0.1129,0.1014,0.2227,0,0,0,21,0
TXN009658,2708.78,58,173,14,1673.72,0.231,0.4418,0.2802,0,0,0,3,1
TXN009659,1754.96,58,493,4,887.23,0.388,0.2163,0.0934,0,0,0,8,0
TXN009660,1560.15,65,1113,2,2388.35,0.1215,0.3104,0.1371,0,0,0,8,0
TXN009661,624.72,27,1438,1,1363.09,0.3197,0.0874,0.3617,0,0,0,3,0
TXN009662,583.05,48,485,2,1140.84,0.4575,0.0613,0.1124,0,0,0,10,0
TXN009663,673.31,23,252,3,973.29,0.3294,0.2512,0.3882,0,0,0,14,0
TXN009664,1306.4,33,332,5,1345.98,0.2303,0.2577,0.0991,0,0,0,2,0
TXN009665,785.27,20,199,2,1923.79,0.1228,0.0707,0.2004,1,0,0,4,0
TXN009666,1266.05,53,170,3,1593.51,0.3312,0.2063,0.125,0,1,0,10,0
TXN009667,727.44,49,217,3,815.58,0.1246,0.5256,0.2782,0,0,0,12,0
TXN009668,3122.16,56,15,1,2611.31,0.3469,0.4573,0.1006,0,0,0,11,1
TXN009669,2432.97,27,429,1,1737.82,0.0798,0.3463,0.3399,0,0,0,7,0
TXN009670,1790.97,35,1117,2,1436.07,0.0498,0.1457,0.3279,0,0,0,10,0
TXN009671,3133.43,53,1405,2,1169.33,0.6215,0.113,0.1618,0,0,0,18,0
TXN009672,2840.69,60,261,6,1556.25,0.3284,0.1398,0.096,0,0,0,14,0
TXN009673,343.75,64,113,23,304.24,0.1514,0.1595,0.0864,0,0,0,23,1
TXN009674,761.39,21,162,3,1298.44,0.3926,0.3071,0.1319,0,0,0,2,0
TXN009675,2384.17,38,378,3,3456.9,0.141,0.0811,0.4168,0,0,0,19,0
TXN009676,583.02,18,304,3,1279.2,0.3599,0.4276,0.0365,0,0,0,10,1
TXN009677,1264.93,60,92,1,1162.62,0.0524,0.0522,0.213,0,0,0,1,0
TXN009678,867.08,24,232,1,722.62,0.2043,0.5599,0.3021,1,0,1,4,1
TXN009679,2530.09,60,597,0,1548.29,0.2992,0.2037,0.4312,0,0,0,17,0
TXN009680,1108.18,26,101,5,956.66,0.3832,0.1318,0.2599,0,0,0,2,0
TXN009681,4896.15,18,127,27,2742.18,0.2589,0.5572,0.0801,0,1,0,20,1
TXN009682,1081.86,63,384,2,599.12,0.1413,0.1715,0.2054,0,0,0,6,0
TXN009683,453.93,40,906,2,799.02,0.2346,0.1861,0.258,0,0,0,0,0
TXN009684,541.56,40,262,3,720.1,0.3231,0.1048,0.121,0,0,0,12,0
TXN009685,3936.84,51,70,1,3960.82,0.1756,0.1814,0.1174,0,0,0,6,0
TXN009686,651.2,32,70,7,960.22,0.2153,0.2371,0.2231,1,1,0,10,0
TXN009687,653.61,53,244,5,747.21,0.356,0.1238,0.2203,0,0,0,2,0
TXN009688,299.55,40,1642,4,253.81,0.304,0.0448,0.1485,0,0,0,0,0
TXN009689,541.5,32,1291,2,579.43,0.2847,0.1138,0.138,0,0,0,14,0
TXN009690,1587.14,38,469,0,1586.87,0.288,0.1117,0.0729,0,1,0,1,0
TXN009691,942.24,18,575,3,1582.42,0.2033,0.2357,0.1359,0,0,0,2,0
TXN009692,918.46,33,281,3,695.17,0.3019,0.2798,0.0671,0,0,1,5,0
TXN009693,917.21,48,769,14,722.73,0.1601,0.1334,0.2549,0,0,0,11,0
TXN009694,2650.58,25,55,4,4031.56,0.1964,0.0468,0.4833,0,0,1,0,0
TXN009695,3555.29,24,1084,1,7240.65,0.1168,0.1126,0.1777,0,0,0,7,0
TXN009696,4824.56,52,159,3,2452.45,0.0659,0.1462,0.4268,0,0,0,16,0
TXN009697,8544.07,40,813,5,3266.57,0.07,0.1639,0.046,0,0,0,8,0
TXN009698,4311.7,25,555,3,3789.53,0.1231,0.3029,0.1418,0,0,0,11,1
TXN009699,4235.57,56,214,11,5167.79,0.1463,0.12,0.4273,0,0,1,10,0
TXN009700,1578.3,58,301,22,887.71,0.2407,0.199,0.1005,1,0,0,21,1
TXN009701,768.09,19,405,4,593.01,0.1419,0.2761,0.3497,1,0,0,14,0
TXN009702,3524.71,28,352,4,3957.8,0.134,0.0889,0.0921,0,0,0,20,0
TXN009703,950.92,37,1234,5,558.35,0.0452,0.1073,0.1085,0,0,0,7,0
TXN009704,341.96,56,527,0,533.78,0.2252,0.0145,0.2462,0,0,0,1,0
TXN009705,370.97,21,113,2,542.43,0.4978,0.0921,0.1424,0,0,1,10,0
TXN009706,1221.73,59,1296,5,1000.27,0.2192,0.3268,0.0697,0,0,0,19,0
TXN009707,291.13,34,295,3,273.4,0.0983,0.2451,0.3069,0,0,0,19,0
TXN009708,570.96,24,71,4,402.15,0.1758,0.1409,0.1919,1,0,1,2,0
TXN009709,1367.44,62,69,11,709.36,0.2055,0.1764,0.2409,0,0,0,19,0
TXN009710,202.15,22,184,1,474.78,0.0965,0.1348,0.1637,0,1,0,4,0
TXN009711,2356.92,24,2,5,2306.97,0.0727,0.1936,0.4695,0,1,0,4,0
TXN009712,3134.57,67,321,4,1101.75,0.1427,0.32,0.0705,0,0,0,12,0
TXN009713,1183.0,45,4,2,1642.4,0.1319,0.2856,0.0756,0,1,0,22,0
TXN009714,1026.76,42,180,2,1521.22,0.1562,0.3,0.2782,0,0,0,15,0
TXN009715,276.64,53,247,3,948.86,0.1567,0.4069,0.3605,0,0,0,17,0
TXN009716,2316.13,50,237,2,2190.08,0.0988,0.4001,0.2448,0,0,0,3,1
TXN009717,2071.11,49,913,2,1504.93,0.0531,0.2243,0.2087,0,0,0,16,0
TXN009718,1206.31,19,14,6,877.54,0.061,0.1118,0.4916,0,0,0,22,0
TXN009719,190.73,46,475,4,337.4,0.0837,0.2792,0.4511,0,0,0,6,0
TXN009720,1571.32,32,27,2,1578.86,0.1933,0.2978,0.4405,0,0,0,17,0
TXN009721,512.31,59,787,1,453.54,0.065,0.0768,0.2409,0,0,1,7,0
TXN009722,1472.71,44,70,5,1431.1,0.3006,0.1268,0.3164,0,0,0,6,0
TXN009723,634.65,24,326,7,1158.89,0.2883,0.3429,0.2508,0,0,1,10,0
TXN009724,441.54,64,640,3,423.16,0.1232,0.2805,0.1566,0,0,0,4,0
TXN009725,839.55,32,810,4,1314.06,0.1839,0.0155,0.1845,1,0,0,9,1
TXN009726,447.81,32,738,1,1253.79,0.3138,0.1779,0.1698,0,0,0,7,0
TXN009727,1828.37,66,296,7,1256.97,0.1543,0.3115,0.2033,0,0,0,23,0
TXN009728,1312.8,58,1025,2,1215.48,0.2505,0.0988,0.1704,0,0,0,3,0
TXN009729,961.86,62,788,0,694.59,0.217,0.0755,0.229,0,0,0,18,0
TXN009730,1236.67,52,1295,3,1659.26,0.0321,0.1685,0.3354,0,0,0,3,0
TXN009731,956.46,65,459,1,677.66,0.0569,0.2273,0.197,0,1,0,5,0
TXN009732,906.83,23,558,2,516.87,0.1296,0.3223,0.0367,0,0,0,5,0
TXN009733,4614.4,49,196,3,1758.55,0.2284,0.2334,0.279,0,0,0,12,0
TXN009734,3304.77,33,153,1,2112.23,0.4201,0.3789,0.4346,1,0,0,9,0
TXN009735,2071.39,38,12,3,1676.29,0.0927,0.0421,0.2201,0,0,0,1,0
TXN009736,444.09,30,268,4,948.58,0.3906,0.3214,0.4917,0,0,0,22,0
TXN009737,266.08,28,341,4,282.13,0.0526,0.1111,0.143,0,0,0,1,0
TXN009738,1414.77,41,94,1,3093.89,0.2881,0.2857,0.202,1,1,0,16,0
TXN009739,177.87,65,43,4,279.06,0.117,0.3407,0.2028,0,1,1,2,0
TXN009740,4844.14,51,303,1,1652.83,0.098,0.1488,0.4117,0,0,1,3,0
TXN009741,2736.67,36,425,1,4803.82,0.2227,0.3269,0.2748,0,0,0,20,1
TXN009742,335.69,40,2289,5,1217.59,0.1305,0.3002,0.2285,0,0,0,12,0
TXN009743,2102.97,45,672,2,1344.62,0.184,0.3107,0.0918,0,0,0,22,0
TXN009744,987.66,30,21,2,1430.14,0.3103,0.4961,0.1259,0,0,0,5,0
TXN009745,1922.0,45,296,1,1259.81,0.1918,0.0892,0.1672,0,0,0,20,0
TXN009746,2986.5,54,23,4,5684.11,0.5969,0.2103,0.3558,1,0,0,19,1
TXN009747,480.84,30,142,4,607.76,0.0726,0.4631,0.3377,0,0,0,0,0
TXN009748,1074.52,48,183,1,556.62,0.3223,0.4377,0.4841,0,0,0,18,0
TXN009749,421.42,54,491,3,871.96,0.1457,0.1585,0.2025,0,1,1,16,0
TXN009750,3379.51,45,783,5,3709.24,0.4324,0.2098,0.2607,0,0,0,6,0
TXN009751,859.55,33,273,3,732.3,0.4568,0.2392,0.4121,0,1,1,6,1
TXN009752,997.88,46,238,3,1482.09,0.4348,0.1878,0.1223,0,0,1,6,1
TXN009753,2651.26,59,378,4,2320.89,0.07,0.4315,0.1928,0,0,0,20,0
TXN009754,1908.16,29,124,5,1891.81,0.1324,0.1578,0.1133,0,0,0,2,0
TXN009755,3000.85,47,179,8,2236.46,0.1736,0.4523,0.2248,0,0,0,1,1
TXN009756,8150.2,53,433,1,2958.95,0.0751,0.2359,0.0414,0,0,0,18,0
TXN009757,5926.14,34,140,2,1360.71,0.3584,0.0827,0.2772,0,0,0,15,0
TXN009758,1027.51,38,27,2,796.37,0.0891,0.0311,0.3328,0,0,1,1,0
TXN009759,1144.06,64,191,2,1215.67,0.1222,0.0741,0.1769,0,0,0,23,0
TXN009760,1102.32,36,161,4,864.94,0.0601,0.2501,0.2046,0,0,0,13,0
TXN009761,5638.39,49,121,2,6406.62,0.1732,0.0876,0.0708,1,0,0,12,0
TXN009762,315.48,25,16,4,755.32,0.2104,0.2404,0.1157,0,1,0,7,0
TXN009763,1499.03,66,1578,2,1537.94,0.1519,0.2949,0.1387,0,0,0,15,0
TXN009764,695.45,49,110,5,383.52,0.0879,0.3786,0.1318,0,0,0,12,0
TXN009765,537.73,57,463,3,1203.48,0.2062,0.0419,0.2738,0,0,0,11,0
TXN009766,521.91,49,180,25,896.97,0.1666,0.1895,0.249,0,0,0,15,1
TXN009767,1277.81,36,1125,3,1759.84,0.1154,0.2099,0.4,0,0,0,2,1
TXN009768,2199.57,35,48,2,1792.25,0.0982,0.2336,0.2305,0,0,0,19,0
TXN009769,10929.8,54,1010,1,2956.91,0.0522,0.2667,0.0726,0,0,0,4,0
TXN009770,1792.16,62,27,4,2796.99,0.2135,0.2385,0.086,0,0,0,23,0
TXN009771,1100.76,24,903,24,1046.9,0.0527,0.1164,0.5673,0,0,0,13,1
TXN009772,567.99,61,652,5,566.19,0.0807,0.1264,0.3325,0,0,0,21,0
TXN009773,520.79,61,327,2,614.63,0.3322,0.2957,0.2321,0,0,0,1,0
TXN009774,1320.39,23,525,20,1355.49,0.0738,0.3099,0.1657,0,0,0,11,1
TXN009775,948.46,23,56,5,1224.7,0.135,0.0509,0.1624,0,0,0,4,0
TXN009776,5938.35,54,407,1,1313.63,0.1133,0.1885,0.0837,0,0,0,0,0
TXN009777,1138.82,61,867,4,754.02,0.1062,0.0491,0.3373,1,0,0,17,1
TXN009778,2333.65,38,1896,4,2999.1,0.0988,0.1001,0.1435,0,0,0,8,0
TXN009779,750.01,51,34,0,391.16,0.174,0.0358,0.145,0,0,0,5,0
TXN009780,835.35,69,505,25,725.36,0.2882,0.2997,0.1249,0,0,0,18,1
TXN009781,532.67,34,137,2,515.96,0.048,0.1542,0.1227,1,0,0,16,0
TXN009782,857.15,29,165,7,947.4,0.3956,0.3399,0.1407,0,0,0,23,0
TXN009783,2287.19,69,211,2,2624.37,0.1435,0.1931,0.1469,0,0,0,8,0
TXN009784,458.33,32,356,0,896.57,0.1801,0.0654,0.149,0,0,0,21,0
TXN009785,468.96,42,1349,1,1177.36,0.1835,0.3526,0.166,1,0,0,13,0
TXN009786,2140.68,40,72,23,1745.8,0.1323,0.2368,0.1485,0,0,1,16,1
TXN009787,780.26,45,517,2,867.21,0.1427,0.3501,0.3314,0,0,0,9,0
TXN009788,2322.56,31,13,6,1433.45,0.2229,0.2272,0.3565,0,0,0,10,0
TXN009789,801.18,53,366,4,1307.05,0.1424,0.1305,0.2689,1,0,0,17,0
TXN009790,271.66,53,64,2,496.92,0.0811,0.3427,0.2839,0,0,0,9,0
TXN009791,1214.24,28,372,2,792.33,0.2876,0.0995,0.2527,0,0,1,6,0
TXN009792,1194.85,43,513,2,1405.59,0.4016,0.1188,0.0269,0,1,0,7,0
TXN009793,4307.82,20,267,2,2690.64,0.2985,0.1905,0.1058,0,0,0,19,0
TXN009794,2738.83,29,208,0,2688.89,0.3406,0.1425,0.078,0,0,0,17,0
TXN009795,13352.76,69,311,5,4754.47,0.3476,0.0183,0.0724,0,0,0,23,1
TXN009796,2334.32,44,210,3,1540.43,0.2504,0.0546,0.1817,0,0,0,16,0
TXN009797,1028.69,50,753,4,821.13,0.2489,0.0885,0.012,0,0,0,18,0
TXN009798,1628.14,64,529,1,1048.62,0.0606,0.1475,0.4,0,0,0,2,0
TXN009799,871.55,55,338,2,1012.69,0.0699,0.2839,0.0744,0,0,0,20,0
TXN009800,333.91,59,383,1,824.26,0.2077,0.264,0.0724,0,0,0,22,0
TXN009801,1748.61,55,227,5,1433.78,0.0707,0.1723,0.1596,1,0,0,5,0
TXN009802,4309.24,43,68,3,1481.25,0.1163,0.2754,0.324,0,1,0,21,0
TXN009803,136.81,50,105,2,482.21,0.0834,0.0193,0.2078,0,0,0,2,0
TXN009804,3040.41,33,294,7,2348.94,0.3269,0.2304,0.1157,0,0,0,17,0
TXN009805,130.31,64,39,2,303.15,0.3756,0.3449,0.2658,0,0,0,5,1
TXN009806,926.53,27,1063,2,938.48,0.3684,0.0678,0.2663,0,0,0,20,0
TXN009807,2561.18,63,636,3,2451.66,0.1642,0.1367,0.3018,0,0,0,22,0
TXN009808,2529.92,63,561,2,1677.69,0.2845,0.0694,0.3086,0,0,0,22,0
TXN009809,958.82,25,564,4,854.16,0.0878,0.1039,0.1253,0,0,0,7,0
TXN009810,9261.41,54,40,3,4351.07,0.0841,0.1519,0.2949,0,0,1,0,0
TXN009811,1530.68,69,267,5,805.89,0.25,0.0391,0.0979,0,0,0,3,0
TXN009812,242.37,47,1009,5,270.06,0.0368,0.1535,0.2929,1,0,0,19,0
TXN009813,2748.56,35,427,2,1505.56,0.3071,0.2404,0.013,0,0,0,0,0
TXN009814,265.87,63,509,3,315.78,0.2672,0.1223,0.1446,0,0,0,20,0
TXN009815,469.33,44,3000,3,612.77,0.4242,0.1342,0.0961,1,0,0,18,0
TXN009816,874.38,24,33,20,1695.83,0.1947,0.1747,0.2348,0,0,0,9,0
TXN009817,1634.32,30,100,16,794.25,0.2505,0.1069,0.4693,0,0,0,4,1
TXN009818,1396.06,53,119,0,1646.53,0.1514,0.2025,0.1333,0,0,0,4,0
TXN009819,128.7,41,327,8,487.52,0.2893,0.0979,0.0386,0,1,0,23,0
TXN009820,2694.78,29,1675,2,2000.07,0.5059,0.0238,0.1251,0,0,0,19,0
TXN009821,264.44,59,205,2,335.74,0.0882,0.1269,0.3038,0,0,1,1,0
TXN009822,2342.1,24,1347,14,2760.16,0.3037,0.2585,0.1252,0,0,0,20,1
TXN009823,691.28,29,9,2,786.23,0.0706,0.0246,0.103,0,0,0,8,0
TXN009824,2661.66,42,557,3,3202.9,0.1188,0.016,0.1885,0,0,0,15,0
TXN009825,2729.61,20,842,2,608.89,0.1306,0.1185,0.0748,0,0,0,18,0
TXN009826,10528.32,38,118,3,4218.93,0.152,0.1651,0.1926,0,0,0,5,0
TXN009827,824.01,65,130,2,560.95,0.2425,0.1779,0.1539,0,0,0,16,0
TXN009828,356.72,66,764,20,312.38,0.1895,0.0976,0.1796,1,0,0,14,1
TXN009829,2102.73,63,247,3,1130.23,0.205,0.2773,0.2793,1,0,0,20,0
TXN009830,2974.42,34,297,1,2601.37,0.4797,0.08,0.4478,0,0,0,18,0
TXN009831,2987.76,21,434,2,1907.51,0.3206,0.4605,0.1271,0,0,0,16,0
TXN009832,3364.73,60,247,3,2475.21,0.0566,0.1605,0.1408,0,0,0,14,0
TXN009833,2075.49,37,462,1,1934.04,0.1505,0.1491,0.0537,1,0,0,17,0
TXN009834,1035.86,56,100,0,617.58,0.2286,0.0792,0.1974,0,1,0,23,0
TXN009835,1488.31,24,1231,1,1875.24,0.3712,0.0595,0.1144,0,0,0,21,0
TXN009836,1208.5,52,1068,2,1170.26,0.0598,0.2694,0.1702,0,0,0,14,0
TXN009837,389.36,48,238,5,667.27,0.2657,0.2174,0.102,0,0,0,17,0
TXN009838,773.07,65,62,15,1243.33,0.3238,0.1684,0.1629,0,1,0,14,1
TXN009839,262.31,23,217,6,1054.24,0.0628,0.0952,0.2473,1,0,0,14,1
TXN009840,3798.29,39,145,1,2954.83,0.1261,0.0926,0.3244,0,0,1,5,0
TXN009841,1143.58,69,73,5,764.78,0.1017,0.1699,0.0935,0,0,0,4,0
TXN009842,1344.6,38,372,22,740.16,0.1874,0.1295,0.3029,0,0,0,17,1
TXN009843,366.73,52,223,0,672.47,0.2016,0.0326,0.0401,0,0,0,5,0
TXN009844,5269.78,26,415,5,4137.28,0.0395,0.0981,0.0173,0,0,0,2,0
TXN009845,699.05,55,239,0,699.33,0.0816,0.1761,0.4341,0,0,0,2,0
TXN009846,4078.39,32,1705,6,2718.37,0.3043,0.2213,0.4405,0,0,0,5,0
TXN009847,372.32,47,28,3,532.74,0.0898,0.2128,0.1736,0,0,0,16,0
TXN009848,1299.42,63,728,1,1563.43,0.2987,0.2457,0.1964,0,0,0,2,0
TXN009849,560.78,52,232,4,1317.85,0.1304,0.0688,0.1347,0,0,1,6,1
TXN009850,1752.94,42,35,2,2600.24,0.1715,0.1799,0.287,0,0,0,17,0
TXN009851,2353.29,27,579,2,2349.28,0.1137,0.1232,0.1637,0,1,0,11,1
TXN009852,1278.05,35,251,2,1161.33,0.1365,0.1573,0.3509,0,0,0,2,0
TXN009853,297.92,62,619,1,752.99,0.1918,0.3494,0.2253,0,1,1,15,0
TXN009854,2581.63,29,412,1,3420.26,0.2303,0.0311,0.0859,0,0,0,15,0
TXN009855,766.86,52,852,4,702.14,0.1438,0.0219,0.1755,0,0,0,17,0
TXN009856,486.39,43,259,1,224.21,0.1016,0.1061,0.2219,0,0,0,10,0
TXN009857,187.59,34,1342,2,298.57,0.1291,0.1329,0.215,0,0,1,10,1
TXN009858,463.59,55,236,5,354.06,0.1119,0.161,0.1766,0,0,0,12,0
TXN009859,1221.86,36,14,3,1664.01,0.1903,0.2936,0.2212,0,0,0,19,0
TXN009860,4043.84,32,2388,5,5167.41,0.1226,0.0743,0.206,0,0,0,17,0
TXN009861,162.29,45,242,4,262.97,0.1695,0.3349,0.1579,0,0,0,2,0
TXN009862,357.03,57,171,3,634.1,0.1311,0.2678,0.2489,0,0,0,21,0
TXN009863,898.91,62,110,3,1167.15,0.1699,0.0489,0.2825,0,0,1,6,0
TXN009864,5757.51,50,206,2,3235.23,0.2044,0.1627,0.1458,0,0,0,22,0
TXN009865,417.05,52,323,2,631.72,0.4758,0.0792,0.2677,0,0,0,13,0
TXN009866,1004.91,58,198,1,1658.32,0.2255,0.0741,0.0189,0,0,0,1,0
TXN009867,1032.73,32,351,1,920.52,0.2141,0.08,0.1018,0,0,0,4,0
TXN009868,6821.81,31,221,2,6802.28,0.3881,0.098,0.1592,0,0,0,21,0
TXN009869,1168.7,43,387,1,1213.4,0.2831,0.1036,0.2384,0,1,0,12,0
TXN009870,1617.56,50,46,19,1406.67,0.0829,0.2296,0.2431,0,0,0,13,1
TXN009871,667.62,51,89,1,1163.26,0.1137,0.2873,0.0847,0,0,0,17,0
TXN009872,500.36,25,154,2,820.34,0.3308,0.0485,0.1087,0,0,0,21,0
TXN009873,3667.8,58,194,4,2132.2,0.2279,0.0557,0.1249,0,0,0,8,0
TXN009874,449.63,36,190,6,487.2,0.166,0.3324,0.1259,0,0,0,5,0
TXN009875,374.9,63,395,15,270.06,0.245,0.1095,0.0168,0,0,0,7,0
TXN009876,1935.43,55,2158,4,987.19,0.0365,0.167,0.1449,1,1,0,9,0
TXN009877,3090.39,69,190,5,1940.88,0.0947,0.0664,0.1067,0,0,0,16,0
TXN009878,343.8,50,1210,2,730.3,0.3343,0.1271,0.2824,0,1,0,4,1
TXN009879,1172.0,45,751,2,1249.56,0.1715,0.0248,0.129,0,0,0,23,0
TXN009880,827.14,27,859,2,466.62,0.0952,0.0551,0.1806,0,0,0,22,0
TXN009881,3075.97,38,215,1,2307.37,0.2175,0.1395,0.0628,0,0,0,5,0
TXN009882,1915.06,62,452,3,1730.8,0.0021,0.3212,0.3302,0,0,0,23,0
TXN009883,451.27,37,613,19,1111.88,0.0747,0.3079,0.2539,0,0,0,18,1
TXN009884,879.21,20,87,4,1234.12,0.2433,0.2502,0.0733,0,0,0,20,0
TXN009885,429.5,30,956,2,413.43,0.1659,0.5067,0.2231,0,0,0,11,0
TXN009886,194.71,48,188,2,426.57,0.2659,0.1727,0.0616,1,0,0,1,1
TXN009887,1557.92,50,117,0,1006.87,0.0446,0.0872,0.104,0,0,0,17,0
TXN009888,1472.82,69,787,1,1571.23,0.2585,0.1707,0.1481,0,0,0,14,0
TXN009889,547.99,66,715,1,1627.93,0.2353,0.0632,0.3379,0,0,0,19,0
TXN009890,622.85,45,538,1,850.6,0.246,0.1247,0.0919,1,0,1,10,1
TXN009891,1578.59,46,1,5,1847.83,0.4067,0.1556,0.1283,0,1,0,14,0
TXN009892,2760.38,59,343,2,2964.77,0.3646,0.0699,0.3122,0,0,1,22,1
TXN009893,2250.09,20,94,4,1030.64,0.1635,0.2183,0.0156,0,0,0,19,1
TXN009894,1872.29,48,89,3,1362.08,0.3362,0.4472,0.5038,0,0,0,8,0
TXN009895,447.42,42,951,1,948.14,0.0915,0.1749,0.2625,1,0,0,7,0
TXN009896,442.46,58,152,5,1003.84,0.2031,0.1984,0.1111,0,1,0,17,0
TXN009897,1066.3,59,413,2,1234.84,0.2068,0.5116,0.3495,0,0,0,10,0
TXN009898,3872.67,52,183,5,3612.97,0.0724,0.2047,0.1443,0,0,1,19,0
TXN009899,3592.15,52,168,3,2081.19,0.0817,0.1153,0.1528,0,0,0,1,0
TXN009900,5059.74,53,318,3,1953.99,0.1215,0.2213,0.249,0,0,0,22,0
TXN009901,2129.63,48,103,2,798.22,0.0989,0.2144,0.2244,0,0,0,4,0
TXN009902,458.51,29,1328,3,584.8,0.0923,0.1713,0.2492,0,1,0,1,0
TXN009903,2408.3,32,185,4,1440.4,0.0195,0.2698,0.0956,0,0,0,19,0
TXN009904,3310.05,56,931,10,2619.19,0.0504,0.3334,0.0591,0,0,0,1,0
TXN009905,2011.13,50,195,2,3664.27,0.2782,0.3277,0.0924,0,0,0,21,0
TXN009906,69.74,30,315,4,196.99,0.0647,0.0615,0.0683,0,0,0,22,0
TXN009907,6579.61,63,14,2,6078.25,0.1043,0.1933,0.0725,0,0,0,15,0
TXN009908,645.19,68,518,2,1468.34,0.3894,0.0939,0.1485,0,0,1,3,1
TXN009909,1297.18,50,1008,5,2071.96,0.147,0.2136,0.0991,0,0,0,17,0
TXN009910,222.6,29,895,4,324.42,0.2577,0.1001,0.0905,0,0,0,15,0
TXN009911,1047.83,66,434,3,929.05,0.278,0.0692,0.0705,0,0,0,19,0
TXN009912,3945.52,30,69,1,1950.8,0.4765,0.365,0.3338,0,0,0,5,0
TXN009913,485.26,40,437,2,481.87,0.3447,0.5313,0.0872,0,0,0,6,0
TXN009914,107.96,62,178,3,145.21,0.0549,0.1138,0.1441,0,0,0,5,0
TXN009915,444.61,45,210,3,1386.94,0.1207,0.2876,0.3152,0,1,1,16,1
TXN009916,1362.75,30,1010,5,1059.08,0.1402,0.1307,0.1442,1,0,0,9,0
TXN009917,3055.34,22,502,2,3007.72,0.2085,0.1352,0.175,0,0,0,21,0
TXN009918,724.68,36,278,2,980.49,0.0674,0.4036,0.0709,0,1,0,21,0
TXN009919,1959.9,52,1658,25,1032.04,0.204,0.3026,0.3775,0,1,0,20,1
TXN009920,928.37,55,97,2,1787.14,0.2434,0.0736,0.1196,0,0,0,19,0
TXN009921,1551.19,29,270,5,2260.78,0.2598,0.0672,0.563,0,0,0,10,0
TXN009922,583.54,26,73,4,667.72,0.1648,0.03,0.3039,0,0,0,7,0
TXN009923,1559.23,54,812,2,2124.2,0.2105,0.0466,0.144,0,0,0,22,0
TXN009924,1030.4,26,55,4,761.12,0.1231,0.2102,0.3107,0,0,0,1,0
TXN009925,1431.84,21,1048,2,1109.39,0.1108,0.0387,0.3665,1,0,0,10,0
TXN009926,3126.2,43,220,0,1753.8,0.2529,0.3336,0.0803,0,0,1,22,0
TXN009927,2612.0,47,41,3,1981.47,0.1491,0.2232,0.1581,0,0,0,6,0
TXN009928,1286.09,30,97,5,1370.35,0.194,0.0382,0.4049,0,1,0,19,0
TXN009929,426.97,28,522,5,514.71,0.1022,0.2388,0.3403,0,0,0,12,1
TXN009930,380.4,30,102,10,296.14,0.3297,0.1587,0.2391,0,0,0,16,0
TXN009931,865.89,35,197,4,961.44,0.3354,0.3085,0.088,0,0,0,6,0
TXN009932,2221.36,18,129,6,2164.4,0.4451,0.309,0.1688,0,1,0,19,1
TXN009933,1988.46,18,754,4,1502.35,0.2042,0.0649,0.1768,0,0,0,3,0
TXN009934,1401.96,37,411,3,1299.09,0.3226,0.0695,0.151,0,0,0,2,0
TXN009935,1293.11,19,773,2,1091.25,0.3317,0.1621,0.2922,0,0,0,21,0
TXN009936,881.27,34,41,3,1361.54,0.1283,0.2142,0.1386,0,0,0,0,0
TXN009937,1148.8,48,175,14,546.83,0.209,0.1896,0.7253,0,0,0,19,0
TXN009938,1030.16,19,38,2,1893.42,0.2513,0.1411,0.0494,1,0,0,20,0
TXN009939,2524.94,50,244,20,1983.1,0.1802,0.3968,0.3279,0,0,0,14,1
TXN009940,654.65,50,155,2,855.18,0.0258,0.1718,0.4632,0,0,0,15,0
TXN009941,2700.51,47,4,1,1489.07,0.3179,0.2876,0.4149,0,0,0,0,0
TXN009942,536.18,50,106,3,329.78,0.5056,0.2907,0.0966,0,1,0,18,0
TXN009943,1242.53,60,119,6,1243.93,0.2115,0.1463,0.0499,0,0,0,0,0
TXN009944,2349.38,21,415,0,999.06,0.2158,0.2001,0.2804,0,0,0,13,0
TXN009945,2388.43,26,12,3,2647.74,0.0512,0.4223,0.2426,0,0,0,15,0
TXN009946,1549.8,34,1978,1,954.27,0.0604,0.1404,0.0603,0,0,0,19,0
TXN009947,1351.05,53,498,4,2014.38,0.5213,0.1415,0.3145,1,0,0,0,1
TXN009948,1042.02,63,590,5,833.95,0.4397,0.0913,0.0828,0,0,0,17,0
TXN009949,132.54,65,129,3,221.35,0.453,0.1076,0.1948,0,0,0,4,1
TXN009950,946.56,48,261,1,936.48,0.3299,0.2411,0.1322,0,0,0,5,0
TXN009951,1223.48,39,1266,7,1258.57,0.3492,0.4239,0.121,0,0,0,13,1
TXN009952,1975.93,39,355,1,1218.76,0.2642,0.0478,0.1322,0,0,1,11,0
TXN009953,851.72,21,1630,4,1231.72,0.3716,0.0696,0.2009,0,0,1,9,0
TXN009954,4170.64,42,55,1,769.3,0.386,0.214,0.3292,0,0,0,1,0
TXN009955,408.81,44,3000,2,874.27,0.2577,0.0589,0.2684,0,0,0,18,0
TXN009956,566.62,28,286,2,498.48,0.0514,0.1467,0.1337,0,0,0,17,0
TXN009957,317.56,57,43,5,271.07,0.3144,0.1142,0.1694,0,0,0,10,0
TXN009958,1368.44,60,1151,8,1017.88,0.3311,0.3507,0.1137,0,0,0,11,0
TXN009959,490.24,33,113,4,650.9,0.17,0.3516,0.0223,0,0,0,18,0
TXN009960,2667.4,65,305,1,2335.27,0.4309,0.4232,0.097,0,0,0,5,0
TXN009961,174.54,23,49,0,238.08,0.0854,0.3318,0.0267,0,0,0,20,0
TXN009962,3766.65,65,260,3,1344.41,0.057,0.2032,0.2898,0,0,0,3,0
TXN009963,3414.31,57,48,2,4841.8,0.1561,0.409,0.2637,0,1,0,4,0
TXN009964,889.44,29,166,3,964.88,0.172,0.1503,0.2628,0,0,0,3,0
TXN009965,759.94,51,208,2,1094.53,0.257,0.1508,0.1668,0,0,0,21,0
TXN009966,951.74,34,778,2,1478.0,0.1726,0.3526,0.44,0,1,0,12,0
TXN009967,722.39,59,172,3,1561.13,0.2156,0.2292,0.0448,0,0,0,19,0
TXN009968,1192.35,26,166,5,823.9,0.0774,0.0534,0.2,0,1,1,18,0
TXN009969,373.96,30,311,1,541.42,0.1197,0.1525,0.1855,0,0,1,12,0
TXN009970,1117.08,33,58,3,1731.78,0.161,0.3793,0.1994,0,0,0,4,0
TXN009971,169.8,28,262,3,288.4,0.5372,0.1152,0.1551,0,0,0,5,0
TXN009972,2321.5,35,257,16,1963.65,0.1209,0.0201,0.2133,0,0,0,21,0
TXN009973,843.59,49,500,0,833.59,0.2168,0.0513,0.1075,0,1,0,13,0
TXN009974,1114.99,50,50,3,1099.0,0.4324,0.3969,0.3849,0,0,0,20,1
TXN009975,499.36,46,120,1,759.06,0.4854,0.1243,0.1557,0,0,0,3,0
TXN009976,3793.32,27,769,1,2985.78,0.2572,0.2139,0.2773,0,0,0,11,0
TXN009977,906.89,28,240,2,1305.46,0.1389,0.2289,0.1264,1,0,0,13,0
TXN009978,909.94,65,258,1,875.49,0.1281,0.2932,0.1002,0,0,1,0,0
TXN009979,794.9,31,238,5,858.4,0.1382,0.2109,0.06,0,0,0,15,0
TXN009980,390.58,23,81,4,988.6,0.1691,0.3301,0.1176,0,0,0,21,0
TXN009981,17920.3,41,785,2,5871.46,0.1739,0.0677,0.2368,0,0,0,17,0
TXN009982,598.35,18,854,4,436.17,0.3121,0.2671,0.2142,0,1,0,15,1
TXN009983,2584.1,35,269,26,2340.26,0.2887,0.0989,0.0873,0,0,0,21,1
TXN009984,1965.68,62,272,4,1632.18,0.0767,0.2953,0.0583,0,0,0,0,0
TXN009985,9963.16,31,499,1,3222.36,0.1333,0.4226,0.1566,0,1,0,8,1
TXN009986,3183.14,54,1235,5,1703.34,0.1752,0.21,0.4018,0,0,0,10,0
TXN009987,1331.65,43,2871,5,1099.22,0.1018,0.2015,0.2218,0,0,0,8,0
TXN009988,1516.94,36,76,1,2239.53,0.2384,0.0385,0.3951,0,0,0,21,1
TXN009989,951.5,52,163,8,1287.99,0.2402,0.2519,0.1902,0,0,1,3,0
TXN009990,689.99,48,195,5,1860.26,0.3983,0.167,0.0368,0,0,1,13,0
TXN009991,2433.77,34,455,4,2980.22,0.1113,0.1606,0.3736,0,0,0,18,0
TXN009992,1683.74,29,626,0,1170.01,0.1454,0.0671,0.4779,0,1,0,4,0
TXN009993,1154.5,65,322,3,814.79,0.3223,0.0768,0.3105,0,0,0,6,0
TXN009994,980.65,26,46,19,698.78,0.0516,0.102,0.0868,0,0,0,18,0
TXN009995,1132.21,67,173,3,1503.24,0.2042,0.1681,0.4269,0,0,0,13,0
TXN009996,803.0,42,716,7,593.05,0.1348,0.3924,0.2987,0,0,0,13,0
TXN009997,1350.78,69,598,0,858.46,0.1591,0.1051,0.0855,0,0,0,22,0
TXN009998,163.67,36,28,2,557.08,0.115,0.2816,0.3687,0,0,0,9,0
TXN009999,1850.61,47,470,7,1565.31,0.115,0.3842,0.3444,0,0,0,16,1
TXN010000,2034.63,49,488,2,647.74,0.1766,0.2992,0.2737,0,1,0,11,1
